	id	date	country	segment	sex	pangolin_lineage	variant
0	hCoV-19/Wuhan/IVDC-HB-01/2019	2019-12-30	China	genome	Female	B	Primal
1	hCoV-19/England/CAMC-B082DA/2020	2020-10-29	United Kingdom	genome	unknown	B.1.1.7	Alpha
2	hCoV-19/England/CAMC-B0B231/2020	2020-10-29	United Kingdom	genome	unknown	B.1.1.7	Alpha
3	hCoV-19/England/CAMC-B0B222/2020	2020-10-29	United Kingdom	genome	unknown	B.1.1.7	Alpha
4	hCoV-19/England/CAMC-B0B7AB/2020	2020-10-30	United Kingdom	genome	unknown	B.1.1.7	Alpha
5	hCoV-19/England/CAMC-B075D2/2020	2020-10-30	United Kingdom	genome	unknown	B.1.1.7	Alpha
6	hCoV-19/England/MILK-B38A42/2020	2020-10-31	United Kingdom	genome	unknown	B.1.1.7	Alpha
7	hCoV-19/England/MILK-B3C325/2020	2020-11-01	United Kingdom	genome	unknown	B.1.1.7	Alpha
8	hCoV-19/England/MILK-B3DE23/2020	2020-11-01	United Kingdom	genome	unknown	B.1.1.7	Alpha
9	hCoV-19/England/MILK-B3C862/2020	2020-11-01	United Kingdom	genome	unknown	B.1.1.7	Alpha
10	hCoV-19/England/MILK-B3C668/2020	2020-11-01	United Kingdom	genome	unknown	B.1.1.7	Alpha
11	hCoV-19/England/MILK-B3D791/2020	2020-11-01	United Kingdom	genome	unknown	B.1.1.7	Alpha
12	hCoV-19/England/MILK-B3D5B5/2020	2020-11-01	United Kingdom	genome	unknown	B.1.1.7	Alpha
13	hCoV-19/England/MILK-B39416/2020	2020-11-01	United Kingdom	genome	unknown	B.1.1.7	Alpha
14	hCoV-19/England/MILK-B38F9E/2020	2020-11-01	United Kingdom	genome	unknown	B.1.1.7	Alpha
15	hCoV-19/England/MILK-B39F51/2020	2020-11-01	United Kingdom	genome	unknown	B.1.1.7	Alpha
16	hCoV-19/England/MILK-B38E64/2020	2020-11-01	United Kingdom	genome	unknown	B.1.1.7	Alpha
17	hCoV-19/England/MILK-B386A8/2020	2020-11-01	United Kingdom	genome	unknown	B.1.1.7	Alpha
18	hCoV-19/England/CAMC-B21E31/2020	2020-11-01	United Kingdom	genome	unknown	B.1.1.7	Alpha
19	hCoV-19/England/OXON-F84A34/2020	2020-11-01	United Kingdom	genome	unknown	B.1.1.7	Alpha
20	hCoV-19/England/MILK-B3B836/2020	2020-11-01	United Kingdom	genome	unknown	B.1.1.7	Alpha
21	hCoV-19/England/MILK-B39C1E/2020	2020-11-01	United Kingdom	genome	unknown	B.1.1.7	Alpha
22	hCoV-19/England/MILK-B3B2CF/2020	2020-11-01	United Kingdom	genome	unknown	B.1.1.7	Alpha
23	hCoV-19/England/MILK-B3B7C0/2020	2020-11-01	United Kingdom	genome	unknown	B.1.1.7	Alpha
24	hCoV-19/England/MILK-B3B520/2020	2020-11-01	United Kingdom	genome	unknown	B.1.1.7	Alpha
25	hCoV-19/England/MILK-B3B739/2020	2020-11-01	United Kingdom	genome	unknown	B.1.1.7	Alpha
26	hCoV-19/England/MILK-B3B784/2020	2020-11-01	United Kingdom	genome	unknown	B.1.1.7	Alpha
27	hCoV-19/England/MILK-B3981A/2020	2020-11-01	United Kingdom	genome	unknown	B.1.1.7	Alpha
28	hCoV-19/England/MILK-B38ECE/2020	2020-11-01	United Kingdom	genome	unknown	B.1.1.7	Alpha
29	hCoV-19/England/MILK-B38963/2020	2020-11-01	United Kingdom	genome	unknown	B.1.1.7	Alpha
30	hCoV-19/England/MILK-B38E82/2020	2020-11-01	United Kingdom	genome	unknown	B.1.1.7	Alpha
31	hCoV-19/England/MILK-B38954/2020	2020-11-01	United Kingdom	genome	unknown	B.1.1.7	Alpha
32	hCoV-19/England/ALDP-B1F74A/2020	2020-11-01	United Kingdom	genome	unknown	B.1.1.7	Alpha
33	hCoV-19/England/CAMC-B216B1/2020	2020-11-01	United Kingdom	genome	unknown	B.1.1.7	Alpha
34	hCoV-19/England/CAMC-B21693/2020	2020-11-01	United Kingdom	genome	unknown	B.1.1.7	Alpha
35	hCoV-19/England/CAMC-B21587/2020	2020-11-02	United Kingdom	genome	unknown	B.1.1.7	Alpha
36	hCoV-19/England/CAMC-B20C1A/2020	2020-11-02	United Kingdom	genome	unknown	B.1.1.7	Alpha
37	hCoV-19/England/CAMC-B20A6B/2020	2020-11-02	United Kingdom	genome	unknown	B.1.1.7	Alpha
38	hCoV-19/England/CAMC-B215A5/2020	2020-11-02	United Kingdom	genome	unknown	B.1.1.7	Alpha
39	hCoV-19/England/QEUH-B2F950/2020	2020-11-02	United Kingdom	genome	unknown	B.1.1.7	Alpha
40	hCoV-19/England/CAMC-B209F5/2020	2020-11-02	United Kingdom	genome	unknown	B.1.1.7	Alpha
41	hCoV-19/England/CAMC-B2243E/2020	2020-11-02	United Kingdom	genome	unknown	B.1.1.7	Alpha
42	hCoV-19/England/CAMC-B22656/2020	2020-11-02	United Kingdom	genome	unknown	B.1.1.7	Alpha
43	hCoV-19/England/CAMC-B22708/2020	2020-11-02	United Kingdom	genome	unknown	B.1.1.7	Alpha
44	hCoV-19/England/CAMC-B21EAA/2020	2020-11-02	United Kingdom	genome	unknown	B.1.1.7	Alpha
45	hCoV-19/England/MILK-B39021/2020	2020-11-02	United Kingdom	genome	unknown	B.1.1.7	Alpha
46	hCoV-19/England/CAMC-B1FFAC/2020	2020-11-02	United Kingdom	genome	unknown	B.1.1.7	Alpha
47	hCoV-19/England/QEUH-B12D90/2020	2020-11-02	United Kingdom	genome	unknown	B.1.1.7	Alpha
48	hCoV-19/England/CAMC-B20BE0/2020	2020-11-02	United Kingdom	genome	unknown	B.1.1.7	Alpha
49	hCoV-19/England/CAMC-B223AA/2020	2020-11-02	United Kingdom	genome	unknown	B.1.1.7	Alpha
50	hCoV-19/England/CAMC-B22A96/2020	2020-11-02	United Kingdom	genome	unknown	B.1.1.7	Alpha
51	hCoV-19/England/CAMC-B2100E/2020	2020-11-02	United Kingdom	genome	unknown	B.1.1.7	Alpha
52	hCoV-19/England/MILK-B3DFC6/2020	2020-11-02	United Kingdom	genome	unknown	B.1.1.7	Alpha
53	hCoV-19/England/MILK-B3C52F/2020	2020-11-02	United Kingdom	genome	unknown	B.1.1.7	Alpha
54	hCoV-19/England/MILK-B3BA30/2020	2020-11-02	United Kingdom	genome	unknown	B.1.1.7	Alpha
55	hCoV-19/England/MILK-B3BAA9/2020	2020-11-02	United Kingdom	genome	unknown	B.1.1.7	Alpha
56	hCoV-19/England/MILK-B3E332/2020	2020-11-02	United Kingdom	genome	unknown	B.1.1.7	Alpha
57	hCoV-19/England/CAMC-B227AE/2020	2020-11-02	United Kingdom	genome	unknown	B.1.1.7	Alpha
58	hCoV-19/England/MILK-B3D5D3/2020	2020-11-02	United Kingdom	genome	unknown	B.1.1.7	Alpha
59	hCoV-19/England/MILK-B3D667/2020	2020-11-02	United Kingdom	genome	unknown	B.1.1.7	Alpha
60	hCoV-19/England/MILK-B3B818/2020	2020-11-02	United Kingdom	genome	unknown	B.1.1.7	Alpha
61	hCoV-19/England/MILK-B3BB79/2020	2020-11-02	United Kingdom	genome	unknown	B.1.1.7	Alpha
62	hCoV-19/England/MILK-B3C291/2020	2020-11-02	United Kingdom	genome	unknown	B.1.1.7	Alpha
63	hCoV-19/England/MILK-B3B775/2020	2020-11-02	United Kingdom	genome	unknown	B.1.1.7	Alpha
64	hCoV-19/England/CAMC-B235C1/2020	2020-11-03	United Kingdom	genome	unknown	B.1.1.7	Alpha
65	hCoV-19/England/QEUH-B2DE35/2020	2020-11-03	United Kingdom	genome	unknown	B.1.1.7	Alpha
66	hCoV-19/England/CAMC-B21F3E/2020	2020-11-03	United Kingdom	genome	unknown	B.1.1.7	Alpha
67	hCoV-19/England/CAMC-B3284E/2020	2020-11-05	United Kingdom	genome	unknown	B.1.1.7	Alpha
68	hCoV-19/England/CAMC-B36507/2020	2020-11-05	United Kingdom	genome	unknown	B.1.1.7	Alpha
69	hCoV-19/England/CAMC-B35614/2020	2020-11-05	United Kingdom	genome	unknown	B.1.1.7	Alpha
70	hCoV-19/England/MILK-B55A5E/2020	2020-11-05	United Kingdom	genome	unknown	B.1.1.7	Alpha
71	hCoV-19/England/CAMC-B33BAE/2020	2020-11-05	United Kingdom	genome	unknown	B.1.1.7	Alpha
72	hCoV-19/England/CAMC-B323F2/2020	2020-11-05	United Kingdom	genome	unknown	B.1.1.7	Alpha
73	hCoV-19/England/CAMC-B32A1B/2020	2020-11-05	United Kingdom	genome	unknown	B.1.1.7	Alpha
74	hCoV-19/England/CAMC-B3283F/2020	2020-11-05	United Kingdom	genome	unknown	B.1.1.7	Alpha
75	hCoV-19/England/MILK-B559BB/2020	2020-11-05	United Kingdom	genome	unknown	B.1.1.7	Alpha
76	hCoV-19/England/CAMC-B322C8/2020	2020-11-05	United Kingdom	genome	unknown	B.1.1.7	Alpha
77	hCoV-19/England/CAMC-B3423F/2020	2020-11-05	United Kingdom	genome	unknown	B.1.1.7	Alpha
78	hCoV-19/England/CAMC-B3334C/2020	2020-11-05	United Kingdom	genome	unknown	B.1.1.7	Alpha
79	hCoV-19/England/CAMC-B3332E/2020	2020-11-05	United Kingdom	genome	unknown	B.1.1.7	Alpha
80	hCoV-19/England/CAMC-B324D1/2020	2020-11-05	United Kingdom	genome	unknown	B.1.1.7	Alpha
81	hCoV-19/England/CAMC-B32626/2020	2020-11-05	United Kingdom	genome	unknown	B.1.1.7	Alpha
82	hCoV-19/England/CAMC-B361F4/2020	2020-11-05	United Kingdom	genome	unknown	B.1.1.7	Alpha
83	hCoV-19/England/CAMC-B3633A/2020	2020-11-05	United Kingdom	genome	unknown	B.1.1.7	Alpha
84	hCoV-19/England/CAMC-B3236B/2020	2020-11-05	United Kingdom	genome	unknown	B.1.1.7	Alpha
85	hCoV-19/England/CAMC-B3333D/2020	2020-11-05	United Kingdom	genome	unknown	B.1.1.7	Alpha
86	hCoV-19/England/CAMC-B361D6/2020	2020-11-05	United Kingdom	genome	unknown	B.1.1.7	Alpha
87	hCoV-19/England/CAMC-B324E0/2020	2020-11-05	United Kingdom	genome	unknown	B.1.1.7	Alpha
88	hCoV-19/England/CAMC-B333C4/2020	2020-11-05	United Kingdom	genome	unknown	B.1.1.7	Alpha
89	hCoV-19/England/CAMC-B35553/2020	2020-11-05	United Kingdom	genome	unknown	B.1.1.7	Alpha
90	hCoV-19/England/CAMC-B331BB/2020	2020-11-05	United Kingdom	genome	unknown	B.1.1.7	Alpha
91	hCoV-19/England/MILK-B554E7/2020	2020-11-05	United Kingdom	genome	unknown	B.1.1.7	Alpha
92	hCoV-19/England/CAMC-B35FEC/2020	2020-11-05	United Kingdom	genome	unknown	B.1.1.7	Alpha
93	hCoV-19/England/CAMC-B35FBF/2020	2020-11-05	United Kingdom	genome	unknown	B.1.1.7	Alpha
94	hCoV-19/England/CAMC-B363FE/2020	2020-11-05	United Kingdom	genome	unknown	B.1.1.7	Alpha
95	hCoV-19/England/CAMC-B36288/2020	2020-11-05	United Kingdom	genome	unknown	B.1.1.7	Alpha
96	hCoV-19/England/MILK-B59D24/2020	2020-11-06	United Kingdom	genome	unknown	B.1.1.7	Alpha
97	hCoV-19/England/MILK-B55D46/2020	2020-11-06	United Kingdom	genome	unknown	B.1.1.7	Alpha
98	hCoV-19/England/MILK-B5606A/2020	2020-11-06	United Kingdom	genome	unknown	B.1.1.7	Alpha
99	hCoV-19/England/MILK-B598D8/2020	2020-11-06	United Kingdom	genome	unknown	B.1.1.7	Alpha
100	hCoV-19/England/MILK-B5A707/2020	2020-11-06	United Kingdom	genome	unknown	B.1.1.7	Alpha
101	hCoV-19/England/MILK-B5AAA4/2020	2020-11-06	United Kingdom	genome	unknown	B.1.1.7	Alpha
102	hCoV-19/England/CAMC-B37C5C/2020	2020-11-06	United Kingdom	genome	unknown	B.1.1.7	Alpha
103	hCoV-19/England/MILK-B59E7C/2020	2020-11-06	United Kingdom	genome	unknown	B.1.1.7	Alpha
104	hCoV-19/England/MILK-B55D64/2020	2020-11-06	United Kingdom	genome	unknown	B.1.1.7	Alpha
105	hCoV-19/England/CAMC-B37C6B/2020	2020-11-06	United Kingdom	genome	unknown	B.1.1.7	Alpha
106	hCoV-19/England/CAMC-B344B1/2020	2020-11-06	United Kingdom	genome	unknown	B.1.1.7	Alpha
107	hCoV-19/England/CAMC-B51F71/2020	2020-11-06	United Kingdom	genome	unknown	B.1.1.7	Alpha
108	hCoV-19/England/CAMC-B35104/2020	2020-11-06	United Kingdom	genome	unknown	B.1.1.7	Alpha
109	hCoV-19/England/OXON-F89D36/2020	2020-11-07	United Kingdom	genome	unknown	B.1.1.7	Alpha
110	hCoV-19/England/CAMC-B536E3/2020	2020-11-08	United Kingdom	genome	unknown	B.1.1.7	Alpha
111	hCoV-19/England/CAMC-B533CE/2020	2020-11-08	United Kingdom	genome	unknown	B.1.1.7	Alpha
112	hCoV-19/England/ALDP-B620D4/2020	2020-11-08	United Kingdom	genome	unknown	B.1.1.7	Alpha
113	hCoV-19/England/CAMC-B538DE/2020	2020-11-08	United Kingdom	genome	unknown	B.1.1.7	Alpha
114	hCoV-19/England/CAMC-B5265D/2020	2020-11-08	United Kingdom	genome	unknown	B.1.1.7	Alpha
115	hCoV-19/England/CAMC-B525BA/2020	2020-11-08	United Kingdom	genome	unknown	B.1.1.7	Alpha
116	hCoV-19/England/CAMC-B53425/2020	2020-11-08	United Kingdom	genome	unknown	B.1.1.7	Alpha
117	hCoV-19/England/CAMC-B533EC/2020	2020-11-08	United Kingdom	genome	unknown	B.1.1.7	Alpha
118	hCoV-19/England/CAMC-B52374/2020	2020-11-08	United Kingdom	genome	unknown	B.1.1.7	Alpha
119	hCoV-19/England/CAMC-B54415/2020	2020-11-08	United Kingdom	genome	unknown	B.1.1.7	Alpha
120	hCoV-19/England/CAMC-B541D2/2020	2020-11-08	United Kingdom	genome	unknown	B.1.1.7	Alpha
121	hCoV-19/England/CAMC-B52523/2020	2020-11-08	United Kingdom	genome	unknown	B.1.1.7	Alpha
122	hCoV-19/England/CAMC-B53416/2020	2020-11-08	United Kingdom	genome	unknown	B.1.1.7	Alpha
123	hCoV-19/England/CAMC-B528DF/2020	2020-11-08	United Kingdom	genome	unknown	B.1.1.7	Alpha
124	hCoV-19/England/CAMC-B5118A/2020	2020-11-08	United Kingdom	genome	unknown	B.1.1.7	Alpha
125	hCoV-19/England/CAMC-B547FE/2020	2020-11-08	United Kingdom	genome	unknown	B.1.1.7	Alpha
126	hCoV-19/England/CAMC-B52480/2020	2020-11-08	United Kingdom	genome	unknown	B.1.1.7	Alpha
127	hCoV-19/England/CAMC-B514EB/2020	2020-11-08	United Kingdom	genome	unknown	B.1.1.7	Alpha
128	hCoV-19/England/ALDP-B5CA39/2020	2020-11-08	United Kingdom	genome	unknown	B.1.1.7	Alpha
129	hCoV-19/England/CAMC-B5158E/2020	2020-11-08	United Kingdom	genome	unknown	B.1.1.7	Alpha
130	hCoV-19/England/CAMC-B52189/2020	2020-11-08	United Kingdom	genome	unknown	B.1.1.7	Alpha
131	hCoV-19/England/ALDP-B5C95A/2020	2020-11-08	United Kingdom	genome	unknown	B.1.1.7	Alpha
132	hCoV-19/England/CAMC-B53337/2020	2020-11-08	United Kingdom	genome	unknown	B.1.1.7	Alpha
133	hCoV-19/England/CAMC-B533BF/2020	2020-11-08	United Kingdom	genome	unknown	B.1.1.7	Alpha
134	hCoV-19/England/CAMC-B527E1/2020	2020-11-08	United Kingdom	genome	unknown	B.1.1.7	Alpha
135	hCoV-19/England/CAMC-B53364/2020	2020-11-08	United Kingdom	genome	unknown	B.1.1.7	Alpha
136	hCoV-19/England/ALDP-B5C8F3/2020	2020-11-08	United Kingdom	genome	unknown	B.1.1.7	Alpha
137	hCoV-19/England/CAMC-B53373/2020	2020-11-08	United Kingdom	genome	unknown	B.1.1.7	Alpha
138	hCoV-19/England/OXON-FA0BB7/2020	2020-11-08	United Kingdom	genome	unknown	B.1.1.7	Alpha
139	hCoV-19/England/QEUH-B6628F/2020	2020-11-08	United Kingdom	genome	unknown	B.1.1.7	Alpha
140	hCoV-19/England/QEUH-B3FA78/2020	2020-11-08	United Kingdom	genome	unknown	B.1.1.7	Alpha
141	hCoV-19/England/CAMC-B5181C/2020	2020-11-08	United Kingdom	genome	unknown	B.1.1.7	Alpha
142	hCoV-19/England/CAMC-B51A34/2020	2020-11-08	United Kingdom	genome	unknown	B.1.1.7	Alpha
143	hCoV-19/England/CAMC-B51A25/2020	2020-11-08	United Kingdom	genome	unknown	B.1.1.7	Alpha
144	hCoV-19/England/CAMC-B51700/2020	2020-11-08	United Kingdom	genome	unknown	B.1.1.7	Alpha
145	hCoV-19/England/ALDP-B5C8C6/2020	2020-11-08	United Kingdom	genome	unknown	B.1.1.7	Alpha
146	hCoV-19/England/ALDP-B5CA75/2020	2020-11-08	United Kingdom	genome	unknown	B.1.1.7	Alpha
147	hCoV-19/England/ALDP-B5C7C9/2020	2020-11-08	United Kingdom	genome	unknown	B.1.1.7	Alpha
148	hCoV-19/England/CAMC-B5207D/2020	2020-11-08	United Kingdom	genome	unknown	B.1.1.7	Alpha
149	hCoV-19/England/CAMC-B52004/2020	2020-11-08	United Kingdom	genome	unknown	B.1.1.7	Alpha
150	hCoV-19/England/ALDP-B5B8C7/2020	2020-11-08	United Kingdom	genome	unknown	B.1.1.7	Alpha
151	hCoV-19/England/ALDP-B5B4D2/2020	2020-11-08	United Kingdom	genome	unknown	B.1.1.7	Alpha
152	hCoV-19/England/ALDP-B5B180/2020	2020-11-08	United Kingdom	genome	unknown	B.1.1.7	Alpha
153	hCoV-19/England/ALDP-B6214A/2020	2020-11-08	United Kingdom	genome	unknown	B.1.1.7	Alpha
154	hCoV-19/England/CAMC-B5348F/2020	2020-11-08	United Kingdom	genome	unknown	B.1.1.7	Alpha
155	hCoV-19/England/CAMC-B5381A/2020	2020-11-08	United Kingdom	genome	unknown	B.1.1.7	Alpha
156	hCoV-19/England/CAMC-B523B0/2020	2020-11-08	United Kingdom	genome	unknown	B.1.1.7	Alpha
157	hCoV-19/England/CAMC-B543EB/2020	2020-11-08	United Kingdom	genome	unknown	B.1.1.7	Alpha
158	hCoV-19/England/CAMC-B542A2/2020	2020-11-08	United Kingdom	genome	unknown	B.1.1.7	Alpha
159	hCoV-19/England/ALDP-B5DDA8/2020	2020-11-08	United Kingdom	genome	unknown	B.1.1.7	Alpha
160	hCoV-19/England/ALDP-B5C88A/2020	2020-11-08	United Kingdom	genome	unknown	B.1.1.7	Alpha
161	hCoV-19/England/CAMC-B5120F/2020	2020-11-08	United Kingdom	genome	unknown	B.1.1.7	Alpha
162	hCoV-19/England/CAMC-B518D0/2020	2020-11-08	United Kingdom	genome	unknown	B.1.1.7	Alpha
163	hCoV-19/England/ALDP-B63DDC/2020	2020-11-08	United Kingdom	genome	unknown	B.1.1.7	Alpha
164	hCoV-19/England/ALDP-B5B41E/2020	2020-11-08	United Kingdom	genome	unknown	B.1.1.7	Alpha
165	hCoV-19/England/CAMC-B5355F/2020	2020-11-08	United Kingdom	genome	unknown	B.1.1.7	Alpha
166	hCoV-19/England/CAMC-B53601/2020	2020-11-08	United Kingdom	genome	unknown	B.1.1.7	Alpha
167	hCoV-19/England/CAMC-B54961/2020	2020-11-09	United Kingdom	genome	unknown	B.1.1.7	Alpha
168	hCoV-19/England/CAMC-B5455E/2020	2020-11-09	United Kingdom	genome	unknown	B.1.1.7	Alpha
169	hCoV-19/England/CAMC-B51BF5/2020	2020-11-09	United Kingdom	genome	unknown	B.1.1.7	Alpha
170	hCoV-19/England/CAMC-B51C89/2020	2020-11-09	United Kingdom	genome	unknown	B.1.1.7	Alpha
171	hCoV-19/England/CAMC-B540E4/2020	2020-11-09	United Kingdom	genome	unknown	B.1.1.7	Alpha
172	hCoV-19/England/ALDP-B5DBDB/2020	2020-11-09	United Kingdom	genome	unknown	B.1.1.7	Alpha
173	hCoV-19/England/ALDP-B5DC23/2020	2020-11-09	United Kingdom	genome	unknown	B.1.1.7	Alpha
174	hCoV-19/England/ALDP-B5DCBA/2020	2020-11-09	United Kingdom	genome	unknown	B.1.1.7	Alpha
175	hCoV-19/England/LOND-1250FD2/2020	2020-11-09	United Kingdom	genome	unknown	B.1.1.7	Alpha
176	hCoV-19/England/ALDP-B5C25F/2020	2020-11-09	United Kingdom	genome	unknown	B.1.1.7	Alpha
177	hCoV-19/England/ALDP-B5C671/2020	2020-11-09	United Kingdom	genome	unknown	B.1.1.7	Alpha
178	hCoV-19/England/CAMC-B531B5/2020	2020-11-09	United Kingdom	genome	unknown	B.1.1.7	Alpha
179	hCoV-19/England/ALDP-B5C69F/2020	2020-11-09	United Kingdom	genome	unknown	B.1.1.7	Alpha
180	hCoV-19/England/ALDP-B5D27C/2020	2020-11-09	United Kingdom	genome	unknown	B.1.1.7	Alpha
181	hCoV-19/England/LOND-1327C45/2020	2020-11-10	United Kingdom	genome	unknown	B.1.1.7	Alpha
182	hCoV-19/Scotland/CVR5788/2020	2020-11-10	United Kingdom	genome	unknown	B.1.1.7	Alpha
183	hCoV-19/England/QEUH-B6C73F/2020	2020-11-10	United Kingdom	genome	unknown	B.1.1.7	Alpha
184	hCoV-19/England/CAMC-B788C4/2020	2020-11-10	United Kingdom	genome	unknown	B.1.1.7	Alpha
185	hCoV-19/England/ALDP-B5BB91/2020	2020-11-10	United Kingdom	genome	unknown	B.1.1.7	Alpha
186	hCoV-19/England/QEUH-B6C6AB/2020	2020-11-10	United Kingdom	genome	unknown	B.1.1.7	Alpha
187	hCoV-19/England/CAMC-B779B3/2020	2020-11-11	United Kingdom	genome	unknown	B.1.1.7	Alpha
188	hCoV-19/England/CAMC-B7892B/2020	2020-11-11	United Kingdom	genome	unknown	B.1.1.7	Alpha
189	hCoV-19/England/CAMC-B7882E/2020	2020-11-11	United Kingdom	genome	unknown	B.1.1.7	Alpha
190	hCoV-19/England/CAMC-B775EC/2020	2020-11-11	United Kingdom	genome	unknown	B.1.1.7	Alpha
191	hCoV-19/England/CAMC-B775CE/2020	2020-11-11	United Kingdom	genome	unknown	B.1.1.7	Alpha
192	hCoV-19/England/CAMC-B77591/2020	2020-11-11	United Kingdom	genome	unknown	B.1.1.7	Alpha
193	hCoV-19/England/CAMC-B78509/2020	2020-11-11	United Kingdom	genome	unknown	B.1.1.7	Alpha
194	hCoV-19/England/CAMC-B78800/2020	2020-11-11	United Kingdom	genome	unknown	B.1.1.7	Alpha
195	hCoV-19/England/CAMC-B77607/2020	2020-11-11	United Kingdom	genome	unknown	B.1.1.7	Alpha
196	hCoV-19/England/CAMC-B784FD/2020	2020-11-11	United Kingdom	genome	unknown	B.1.1.7	Alpha
197	hCoV-19/England/CAMC-B785BE/2020	2020-11-11	United Kingdom	genome	unknown	B.1.1.7	Alpha
198	hCoV-19/England/OXON-F8B6DF/2020	2020-11-11	United Kingdom	genome	unknown	B.1.1.7	Alpha
199	hCoV-19/England/CAMC-B78466/2020	2020-11-11	United Kingdom	genome	unknown	B.1.1.7	Alpha
200	hCoV-19/Scotland/EDB11087/2020	2020-11-11	United Kingdom	genome	unknown	B.1.1.7	Alpha
201	hCoV-19/England/CAMC-B78439/2020	2020-11-11	United Kingdom	genome	unknown	B.1.1.7	Alpha
202	hCoV-19/England/204661721/2020	2020-11-11	United Kingdom	genome	Female	B.1.1.7	Alpha
203	hCoV-19/England/ALDP-B734D4/2020	2020-11-12	United Kingdom	genome	unknown	B.1.1.7	Alpha
204	hCoV-19/England/CAMC-B782B7/2020	2020-11-12	United Kingdom	genome	unknown	B.1.1.7	Alpha
205	hCoV-19/England/CAMC-B782D5/2020	2020-11-12	United Kingdom	genome	unknown	B.1.1.7	Alpha
206	hCoV-19/England/CAMC-B7834B/2020	2020-11-12	United Kingdom	genome	unknown	B.1.1.7	Alpha
207	hCoV-19/England/ALDP-B747CB/2020	2020-11-12	United Kingdom	genome	unknown	B.1.1.7	Alpha
208	hCoV-19/England/CAMC-B7AB7E/2020	2020-11-12	United Kingdom	genome	unknown	B.1.1.7	Alpha
209	hCoV-19/England/CAMC-B774B2/2020	2020-11-12	United Kingdom	genome	unknown	B.1.1.7	Alpha
210	hCoV-19/England/CAMC-B78660/2020	2020-11-12	United Kingdom	genome	unknown	B.1.1.7	Alpha
211	hCoV-19/England/CAMC-B77C7E/2020	2020-11-12	United Kingdom	genome	unknown	B.1.1.7	Alpha
212	hCoV-19/England/CAMC-B77AFC/2020	2020-11-12	United Kingdom	genome	unknown	B.1.1.7	Alpha
213	hCoV-19/England/CAMC-B78211/2020	2020-11-12	United Kingdom	genome	unknown	B.1.1.7	Alpha
214	hCoV-19/England/CAMC-B77B08/2020	2020-11-12	United Kingdom	genome	unknown	B.1.1.7	Alpha
215	hCoV-19/England/CAMC-B78633/2020	2020-11-12	United Kingdom	genome	unknown	B.1.1.7	Alpha
216	hCoV-19/England/CAMC-B781AB/2020	2020-11-12	United Kingdom	genome	unknown	B.1.1.7	Alpha
217	hCoV-19/England/CAMC-B78035/2020	2020-11-12	United Kingdom	genome	unknown	B.1.1.7	Alpha
218	hCoV-19/England/CAMC-B77B9F/2020	2020-11-12	United Kingdom	genome	unknown	B.1.1.7	Alpha
219	hCoV-19/England/CAMC-B7AE39/2020	2020-11-12	United Kingdom	genome	unknown	B.1.1.7	Alpha
220	hCoV-19/England/CAMC-B79131/2020	2020-11-12	United Kingdom	genome	unknown	B.1.1.7	Alpha
221	hCoV-19/England/CAMC-B77467/2020	2020-11-12	United Kingdom	genome	unknown	B.1.1.7	Alpha
222	hCoV-19/England/CAMC-B7828A/2020	2020-11-12	United Kingdom	genome	unknown	B.1.1.7	Alpha
223	hCoV-19/England/CAMC-B7818D/2020	2020-11-12	United Kingdom	genome	unknown	B.1.1.7	Alpha
224	hCoV-19/England/CAMC-B78369/2020	2020-11-12	United Kingdom	genome	unknown	B.1.1.7	Alpha
225	hCoV-19/England/CAMC-B7A59E/2020	2020-11-12	United Kingdom	genome	unknown	B.1.1.7	Alpha
226	hCoV-19/England/CAMC-B7B5AC/2020	2020-11-12	United Kingdom	genome	unknown	B.1.1.7	Alpha
227	hCoV-19/England/ALDP-B74A3B/2020	2020-11-12	United Kingdom	genome	unknown	B.1.1.7	Alpha
228	hCoV-19/England/CAMC-B78141/2020	2020-11-12	United Kingdom	genome	unknown	B.1.1.7	Alpha
229	hCoV-19/England/CAMC-B77DA8/2020	2020-11-12	United Kingdom	genome	unknown	B.1.1.7	Alpha
230	hCoV-19/England/CAMC-B78017/2020	2020-11-12	United Kingdom	genome	unknown	B.1.1.7	Alpha
231	hCoV-19/England/CAMC-B7B023/2020	2020-11-12	United Kingdom	genome	unknown	B.1.1.7	Alpha
232	hCoV-19/England/CAMC-B7B7F1/2020	2020-11-12	United Kingdom	genome	unknown	B.1.1.7	Alpha
233	hCoV-19/England/CAMC-B7BCA7/2020	2020-11-12	United Kingdom	genome	unknown	B.1.1.7	Alpha
234	hCoV-19/England/CAMC-B7B7A6/2020	2020-11-12	United Kingdom	genome	unknown	B.1.1.7	Alpha
235	hCoV-19/England/CAMC-B7B7C4/2020	2020-11-12	United Kingdom	genome	unknown	B.1.1.7	Alpha
236	hCoV-19/England/CAMC-B7917D/2020	2020-11-12	United Kingdom	genome	unknown	B.1.1.7	Alpha
237	hCoV-19/England/CAMC-B7ACD5/2020	2020-11-12	United Kingdom	genome	unknown	B.1.1.7	Alpha
238	hCoV-19/England/CAMC-B7922F/2020	2020-11-12	United Kingdom	genome	unknown	B.1.1.7	Alpha
239	hCoV-19/England/CAMC-B7AFEB/2020	2020-11-12	United Kingdom	genome	unknown	B.1.1.7	Alpha
240	hCoV-19/England/LOND-12510DE/2020	2020-11-12	United Kingdom	genome	unknown	B.1.1.7	Alpha
241	hCoV-19/England/CAMC-B7B445/2020	2020-11-12	United Kingdom	genome	unknown	B.1.1.7	Alpha
242	hCoV-19/England/CAMC-B791E6/2020	2020-11-12	United Kingdom	genome	unknown	B.1.1.7	Alpha
243	hCoV-19/England/CAMC-B78E68/2020	2020-11-12	United Kingdom	genome	unknown	B.1.1.7	Alpha
244	hCoV-19/England/CAMC-B7A25B/2020	2020-11-12	United Kingdom	genome	unknown	B.1.1.7	Alpha
245	hCoV-19/England/CAMC-B7A4A0/2020	2020-11-12	United Kingdom	genome	unknown	B.1.1.7	Alpha
246	hCoV-19/England/CAMC-B78026/2020	2020-11-12	United Kingdom	genome	unknown	B.1.1.7	Alpha
247	hCoV-19/England/CAMC-B77801/2020	2020-11-12	United Kingdom	genome	unknown	B.1.1.7	Alpha
248	hCoV-19/England/CAMC-B7A2C4/2020	2020-11-12	United Kingdom	genome	unknown	B.1.1.7	Alpha
249	hCoV-19/England/CAMC-B7A81D/2020	2020-11-12	United Kingdom	genome	unknown	B.1.1.7	Alpha
250	hCoV-19/England/CAMC-B7823F/2020	2020-11-12	United Kingdom	genome	unknown	B.1.1.7	Alpha
251	hCoV-19/England/CAMC-B7990C/2020	2020-11-12	United Kingdom	genome	unknown	B.1.1.7	Alpha
252	hCoV-19/England/CAMC-B7A604/2020	2020-11-12	United Kingdom	genome	unknown	B.1.1.7	Alpha
253	hCoV-19/England/CAMC-B7A640/2020	2020-11-12	United Kingdom	genome	unknown	B.1.1.7	Alpha
254	hCoV-19/England/CAMC-B78C04/2020	2020-11-12	United Kingdom	genome	unknown	B.1.1.7	Alpha
255	hCoV-19/England/CAMC-B7AE48/2020	2020-11-12	United Kingdom	genome	unknown	B.1.1.7	Alpha
256	hCoV-19/England/CAMC-B79DD3/2020	2020-11-12	United Kingdom	genome	unknown	B.1.1.7	Alpha
257	hCoV-19/England/CAMC-B78F92/2020	2020-11-12	United Kingdom	genome	unknown	B.1.1.7	Alpha
258	hCoV-19/England/MILK-B86140/2020	2020-11-13	United Kingdom	genome	unknown	B.1.1.7	Alpha
259	hCoV-19/England/MILK-B96AF7/2020	2020-11-13	United Kingdom	genome	unknown	B.1.1.7	Alpha
260	hCoV-19/England/MILK-B8DE42/2020	2020-11-13	United Kingdom	genome	unknown	B.1.1.7	Alpha
261	hCoV-19/England/MILK-B88C4D/2020	2020-11-13	United Kingdom	genome	unknown	B.1.1.7	Alpha
262	hCoV-19/England/MILK-B8D440/2020	2020-11-13	United Kingdom	genome	unknown	B.1.1.7	Alpha
263	hCoV-19/England/MILK-B963FC/2020	2020-11-13	United Kingdom	genome	unknown	B.1.1.7	Alpha
264	hCoV-19/England/MILK-B93BAC/2020	2020-11-13	United Kingdom	genome	unknown	B.1.1.7	Alpha
265	hCoV-19/England/MILK-B93B9D/2020	2020-11-13	United Kingdom	genome	unknown	B.1.1.7	Alpha
266	hCoV-19/England/MILK-B8DDCD/2020	2020-11-13	United Kingdom	genome	unknown	B.1.1.7	Alpha
267	hCoV-19/England/MILK-B9630B/2020	2020-11-13	United Kingdom	genome	unknown	B.1.1.7	Alpha
268	hCoV-19/England/MILK-B965E7/2020	2020-11-13	United Kingdom	genome	unknown	B.1.1.7	Alpha
269	hCoV-19/England/MILK-B8DF21/2020	2020-11-13	United Kingdom	genome	unknown	B.1.1.7	Alpha
270	hCoV-19/England/MILK-B8F6B1/2020	2020-11-13	United Kingdom	genome	unknown	B.1.1.7	Alpha
271	hCoV-19/England/CAMC-B7BCD4/2020	2020-11-13	United Kingdom	genome	unknown	B.1.1.7	Alpha
272	hCoV-19/England/MILK-B939A2/2020	2020-11-13	United Kingdom	genome	unknown	B.1.1.7	Alpha
273	hCoV-19/England/MILK-B8DED9/2020	2020-11-13	United Kingdom	genome	unknown	B.1.1.7	Alpha
274	hCoV-19/England/MILK-B8815D/2020	2020-11-13	United Kingdom	genome	unknown	B.1.1.7	Alpha
275	hCoV-19/England/MILK-B88B7D/2020	2020-11-13	United Kingdom	genome	unknown	B.1.1.7	Alpha
276	hCoV-19/England/MILK-B86070/2020	2020-11-13	United Kingdom	genome	unknown	B.1.1.7	Alpha
277	hCoV-19/England/MILK-B85FFC/2020	2020-11-13	United Kingdom	genome	unknown	B.1.1.7	Alpha
278	hCoV-19/Scotland/CVR5814/2020	2020-11-13	United Kingdom	genome	unknown	B.1.1.7	Alpha
279	hCoV-19/England/MILK-B95A43/2020	2020-11-13	United Kingdom	genome	unknown	B.1.1.7	Alpha
280	hCoV-19/England/MILK-B8D291/2020	2020-11-13	United Kingdom	genome	unknown	B.1.1.7	Alpha
281	hCoV-19/England/MILK-B89505/2020	2020-11-13	United Kingdom	genome	unknown	B.1.1.7	Alpha
282	hCoV-19/England/CAMC-B7ADF0/2020	2020-11-13	United Kingdom	genome	unknown	B.1.1.7	Alpha
283	hCoV-19/England/MILK-B86061/2020	2020-11-13	United Kingdom	genome	unknown	B.1.1.7	Alpha
284	hCoV-19/England/MILK-B85F0B/2020	2020-11-13	United Kingdom	genome	unknown	B.1.1.7	Alpha
285	hCoV-19/England/MILK-B86052/2020	2020-11-13	United Kingdom	genome	unknown	B.1.1.7	Alpha
286	hCoV-19/England/MILK-B89C00/2020	2020-11-13	United Kingdom	genome	unknown	B.1.1.7	Alpha
287	hCoV-19/England/CAMC-B7ADD2/2020	2020-11-13	United Kingdom	genome	unknown	B.1.1.7	Alpha
288	hCoV-19/England/204690005/2020	2020-11-13	United Kingdom	genome	Female	B.1.1.7	Alpha
289	hCoV-19/England/MILK-B87AAE/2020	2020-11-13	United Kingdom	genome	unknown	B.1.1.7	Alpha
290	hCoV-19/England/MILK-B89620/2020	2020-11-13	United Kingdom	genome	unknown	B.1.1.7	Alpha
291	hCoV-19/England/MILK-B963B0/2020	2020-11-13	United Kingdom	genome	unknown	B.1.1.7	Alpha
292	hCoV-19/England/MILK-B93B7F/2020	2020-11-13	United Kingdom	genome	unknown	B.1.1.7	Alpha
293	hCoV-19/England/MILK-B95F44/2020	2020-11-13	United Kingdom	genome	unknown	B.1.1.7	Alpha
294	hCoV-19/England/MILK-B8EB86/2020	2020-11-13	United Kingdom	genome	unknown	B.1.1.7	Alpha
295	hCoV-19/England/MILK-B88876/2020	2020-11-13	United Kingdom	genome	unknown	B.1.1.7	Alpha
296	hCoV-19/England/MILK-B8FAA6/2020	2020-11-13	United Kingdom	genome	unknown	B.1.1.7	Alpha
297	hCoV-19/England/MILK-B96A8E/2020	2020-11-13	United Kingdom	genome	unknown	B.1.1.7	Alpha
298	hCoV-19/England/MILK-B8F95E/2020	2020-11-13	United Kingdom	genome	unknown	B.1.1.7	Alpha
299	hCoV-19/England/MILK-B95F35/2020	2020-11-13	United Kingdom	genome	unknown	B.1.1.7	Alpha
300	hCoV-19/England/MILK-B8F6EE/2020	2020-11-13	United Kingdom	genome	unknown	B.1.1.7	Alpha
301	hCoV-19/England/MILK-B93BBB/2020	2020-11-13	United Kingdom	genome	unknown	B.1.1.7	Alpha
302	hCoV-19/England/MILK-B8DE9D/2020	2020-11-13	United Kingdom	genome	unknown	B.1.1.7	Alpha
303	hCoV-19/England/MILK-B8BF6F/2020	2020-11-13	United Kingdom	genome	unknown	B.1.1.7	Alpha
304	hCoV-19/England/MILK-B8E9AA/2020	2020-11-13	United Kingdom	genome	unknown	B.1.1.7	Alpha
305	hCoV-19/England/MILK-B88C6B/2020	2020-11-13	United Kingdom	genome	unknown	B.1.1.7	Alpha
306	hCoV-19/England/MILK-B8DE60/2020	2020-11-13	United Kingdom	genome	unknown	B.1.1.7	Alpha
307	hCoV-19/England/MILK-B8DEBB/2020	2020-11-13	United Kingdom	genome	unknown	B.1.1.7	Alpha
308	hCoV-19/England/CAMC-B78EFF/2020	2020-11-13	United Kingdom	genome	unknown	B.1.1.7	Alpha
309	hCoV-19/England/MILK-B879ED/2020	2020-11-13	United Kingdom	genome	unknown	B.1.1.7	Alpha
310	hCoV-19/England/MILK-B879CF/2020	2020-11-13	United Kingdom	genome	unknown	B.1.1.7	Alpha
311	hCoV-19/England/MILK-B87868/2020	2020-11-13	United Kingdom	genome	unknown	B.1.1.7	Alpha
312	hCoV-19/England/MILK-B8DE8E/2020	2020-11-13	United Kingdom	genome	unknown	B.1.1.7	Alpha
313	hCoV-19/England/QEUH-BEB47D/2020	2020-11-13	United Kingdom	genome	unknown	B.1.1.7	Alpha
314	hCoV-19/England/MILK-B88867/2020	2020-11-13	United Kingdom	genome	unknown	B.1.1.7	Alpha
315	hCoV-19/England/MILK-B8EE50/2020	2020-11-13	United Kingdom	genome	unknown	B.1.1.7	Alpha
316	hCoV-19/England/MILK-B87A35/2020	2020-11-13	United Kingdom	genome	unknown	B.1.1.7	Alpha
317	hCoV-19/England/CAMC-B7AD3C/2020	2020-11-13	United Kingdom	genome	unknown	B.1.1.7	Alpha
318	hCoV-19/England/MILK-B8817B/2020	2020-11-13	United Kingdom	genome	unknown	B.1.1.7	Alpha
319	hCoV-19/England/MILK-B8675D/2020	2020-11-13	United Kingdom	genome	unknown	B.1.1.7	Alpha
320	hCoV-19/England/MILK-B8BF41/2020	2020-11-13	United Kingdom	genome	unknown	B.1.1.7	Alpha
321	hCoV-19/England/QEUH-B7EAF5/2020	2020-11-14	United Kingdom	genome	unknown	B.1.1.7	Alpha
322	hCoV-19/England/MILK-B9605F/2020	2020-11-14	United Kingdom	genome	unknown	B.1.1.7	Alpha
323	hCoV-19/England/QEUH-B7F8FA/2020	2020-11-14	United Kingdom	genome	unknown	B.1.1.7	Alpha
324	hCoV-19/England/QEUH-B7F8EB/2020	2020-11-14	United Kingdom	genome	unknown	B.1.1.7	Alpha
325	hCoV-19/England/MILK-B889BF/2020	2020-11-14	United Kingdom	genome	unknown	B.1.1.7	Alpha
326	hCoV-19/England/ALDP-B844A3/2020	2020-11-14	United Kingdom	genome	unknown	B.1.1.7	Alpha
327	hCoV-19/England/ALDP-B82BA0/2020	2020-11-14	United Kingdom	genome	unknown	B.1.1.7	Alpha
328	hCoV-19/England/ALDP-B844EF/2020	2020-11-14	United Kingdom	genome	unknown	B.1.1.7	Alpha
329	hCoV-19/England/QEUH-B8061A/2020	2020-11-14	United Kingdom	genome	unknown	B.1.1.7	Alpha
330	hCoV-19/England/QEUH-B7F960/2020	2020-11-14	United Kingdom	genome	unknown	B.1.1.7	Alpha
331	hCoV-19/England/MILK-B94B8D/2020	2020-11-14	United Kingdom	genome	unknown	B.1.1.7	Alpha
332	hCoV-19/England/ALDP-B83BFA/2020	2020-11-14	United Kingdom	genome	unknown	B.1.1.7	Alpha
333	hCoV-19/England/QEUH-B7F942/2020	2020-11-14	United Kingdom	genome	unknown	B.1.1.7	Alpha
334	hCoV-19/England/ALDP-B82C07/2020	2020-11-14	United Kingdom	genome	unknown	B.1.1.7	Alpha
335	hCoV-19/England/ALDP-B83ADF/2020	2020-11-14	United Kingdom	genome	unknown	B.1.1.7	Alpha
336	hCoV-19/England/QEUH-B80BFD/2020	2020-11-14	United Kingdom	genome	unknown	B.1.1.7	Alpha
337	hCoV-19/England/QEUH-B81C53/2020	2020-11-14	United Kingdom	genome	unknown	B.1.1.7	Alpha
338	hCoV-19/England/MILK-B9668A/2020	2020-11-14	United Kingdom	genome	unknown	B.1.1.7	Alpha
339	hCoV-19/England/MILK-B88DD1/2020	2020-11-14	United Kingdom	genome	unknown	B.1.1.7	Alpha
340	hCoV-19/England/QEUH-B80182/2020	2020-11-14	United Kingdom	genome	unknown	B.1.1.7	Alpha
341	hCoV-19/England/MILK-B964DB/2020	2020-11-14	United Kingdom	genome	unknown	B.1.1.7	Alpha
342	hCoV-19/England/QEUH-B7FC76/2020	2020-11-14	United Kingdom	genome	unknown	B.1.1.7	Alpha
343	hCoV-19/England/QEUH-B81C35/2020	2020-11-14	United Kingdom	genome	unknown	B.1.1.7	Alpha
344	hCoV-19/England/QEUH-B80C45/2020	2020-11-14	United Kingdom	genome	unknown	B.1.1.7	Alpha
345	hCoV-19/England/MILK-B88DC2/2020	2020-11-14	United Kingdom	genome	unknown	B.1.1.7	Alpha
346	hCoV-19/England/MILK-B9609B/2020	2020-11-14	United Kingdom	genome	unknown	B.1.1.7	Alpha
347	hCoV-19/England/MILK-B97610/2020	2020-11-14	United Kingdom	genome	unknown	B.1.1.7	Alpha
348	hCoV-19/England/MILK-B9748F/2020	2020-11-14	United Kingdom	genome	unknown	B.1.1.7	Alpha
349	hCoV-19/England/QEUH-B81FB4/2020	2020-11-14	United Kingdom	genome	unknown	B.1.1.7	Alpha
350	hCoV-19/England/QEUH-B81B74/2020	2020-11-14	United Kingdom	genome	unknown	B.1.1.7	Alpha
351	hCoV-19/England/QEUH-B81BB0/2020	2020-11-14	United Kingdom	genome	unknown	B.1.1.7	Alpha
352	hCoV-19/England/CAMB-1BBE27/2020	2020-11-14	United Kingdom	genome	unknown	B.1.1.7	Alpha
353	hCoV-19/England/MILK-B975D7/2020	2020-11-14	United Kingdom	genome	unknown	B.1.1.7	Alpha
354	hCoV-19/England/MILK-B88DA4/2020	2020-11-14	United Kingdom	genome	unknown	B.1.1.7	Alpha
355	hCoV-19/England/QEUH-B82751/2020	2020-11-14	United Kingdom	genome	unknown	B.1.1.7	Alpha
356	hCoV-19/England/QEUH-B80A2D/2020	2020-11-14	United Kingdom	genome	unknown	B.1.1.7	Alpha
357	hCoV-19/England/QEUH-B80FF1/2020	2020-11-14	United Kingdom	genome	unknown	B.1.1.7	Alpha
358	hCoV-19/England/QEUH-B80FE2/2020	2020-11-14	United Kingdom	genome	unknown	B.1.1.7	Alpha
359	hCoV-19/England/LOND-1325CB0/2020	2020-11-14	United Kingdom	genome	unknown	B.1.1.7	Alpha
360	hCoV-19/England/QEUH-B804E3/2020	2020-11-14	United Kingdom	genome	unknown	B.1.1.7	Alpha
361	hCoV-19/England/MILK-B97470/2020	2020-11-14	United Kingdom	genome	unknown	B.1.1.7	Alpha
362	hCoV-19/England/LOND-125129C/2020	2020-11-14	United Kingdom	genome	unknown	B.1.1.7	Alpha
363	hCoV-19/England/CAMC-B9A273/2020	2020-11-14	United Kingdom	genome	unknown	B.1.1.7	Alpha
364	hCoV-19/England/QEUH-B7F915/2020	2020-11-14	United Kingdom	genome	unknown	B.1.1.7	Alpha
365	hCoV-19/England/ALDP-B83C15/2020	2020-11-14	United Kingdom	genome	unknown	B.1.1.7	Alpha
366	hCoV-19/England/204691907/2020	2020-11-14	United Kingdom	genome	Female	B.1.1.7	Alpha
367	hCoV-19/England/ALDP-B8478C/2020	2020-11-14	United Kingdom	genome	unknown	B.1.1.7	Alpha
368	hCoV-19/England/MILK-B88D95/2020	2020-11-14	United Kingdom	genome	unknown	B.1.1.7	Alpha
369	hCoV-19/England/CAMC-B98961/2020	2020-11-15	United Kingdom	genome	unknown	B.1.1.7	Alpha
370	hCoV-19/England/CAMC-B99827/2020	2020-11-15	United Kingdom	genome	unknown	B.1.1.7	Alpha
371	hCoV-19/England/CAMC-B99371/2020	2020-11-15	United Kingdom	genome	unknown	B.1.1.7	Alpha
372	hCoV-19/England/CAMC-B991D1/2020	2020-11-15	United Kingdom	genome	unknown	B.1.1.7	Alpha
373	hCoV-19/England/CAMC-B9A589/2020	2020-11-15	United Kingdom	genome	unknown	B.1.1.7	Alpha
374	hCoV-19/England/CAMC-B98AD7/2020	2020-11-15	United Kingdom	genome	unknown	B.1.1.7	Alpha
375	hCoV-19/England/CAMC-B99274/2020	2020-11-15	United Kingdom	genome	unknown	B.1.1.7	Alpha
376	hCoV-19/England/CAMC-B988FB/2020	2020-11-15	United Kingdom	genome	unknown	B.1.1.7	Alpha
377	hCoV-19/England/CAMC-B9AA4E/2020	2020-11-15	United Kingdom	genome	unknown	B.1.1.7	Alpha
378	hCoV-19/England/CAMC-B998CD/2020	2020-11-15	United Kingdom	genome	unknown	B.1.1.7	Alpha
379	hCoV-19/England/CAMC-B9A862/2020	2020-11-15	United Kingdom	genome	unknown	B.1.1.7	Alpha
380	hCoV-19/England/CAMC-B9962D/2020	2020-11-15	United Kingdom	genome	unknown	B.1.1.7	Alpha
381	hCoV-19/England/CAMC-B99F22/2020	2020-11-15	United Kingdom	genome	unknown	B.1.1.7	Alpha
382	hCoV-19/England/CAMC-B998DC/2020	2020-11-15	United Kingdom	genome	unknown	B.1.1.7	Alpha
383	hCoV-19/England/CAMC-B996C3/2020	2020-11-15	United Kingdom	genome	unknown	B.1.1.7	Alpha
384	hCoV-19/England/CAMC-B9A361/2020	2020-11-15	United Kingdom	genome	unknown	B.1.1.7	Alpha
385	hCoV-19/England/OXON-FA1EF9/2020	2020-11-15	United Kingdom	genome	unknown	B.1.1.7	Alpha
386	hCoV-19/England/CAMC-B99362/2020	2020-11-15	United Kingdom	genome	unknown	B.1.1.7	Alpha
387	hCoV-19/England/CAMC-B998AF/2020	2020-11-15	United Kingdom	genome	unknown	B.1.1.7	Alpha
388	hCoV-19/England/CAMC-B99DFB/2020	2020-11-15	United Kingdom	genome	unknown	B.1.1.7	Alpha
389	hCoV-19/England/CAMC-B98CA4/2020	2020-11-15	United Kingdom	genome	unknown	B.1.1.7	Alpha
390	hCoV-19/England/CAMC-B98846/2020	2020-11-15	United Kingdom	genome	unknown	B.1.1.7	Alpha
391	hCoV-19/England/CAMC-B99F13/2020	2020-11-15	United Kingdom	genome	unknown	B.1.1.7	Alpha
392	hCoV-19/England/CAMC-B984E8/2020	2020-11-15	United Kingdom	genome	unknown	B.1.1.7	Alpha
393	hCoV-19/England/CAMC-B9856D/2020	2020-11-15	United Kingdom	genome	unknown	B.1.1.7	Alpha
394	hCoV-19/England/CAMC-B9911D/2020	2020-11-15	United Kingdom	genome	unknown	B.1.1.7	Alpha
395	hCoV-19/England/CAMC-B9AF30/2020	2020-11-15	United Kingdom	genome	unknown	B.1.1.7	Alpha
396	hCoV-19/England/CAMC-B98AAA/2020	2020-11-15	United Kingdom	genome	unknown	B.1.1.7	Alpha
397	hCoV-19/England/CAMC-B98CB3/2020	2020-11-15	United Kingdom	genome	unknown	B.1.1.7	Alpha
398	hCoV-19/England/CAMC-B987FE/2020	2020-11-15	United Kingdom	genome	unknown	B.1.1.7	Alpha
399	hCoV-19/England/CAMC-B99809/2020	2020-11-15	United Kingdom	genome	unknown	B.1.1.7	Alpha
400	hCoV-19/England/CAMC-B99951/2020	2020-11-15	United Kingdom	genome	unknown	B.1.1.7	Alpha
401	hCoV-19/England/CAMC-B9A53E/2020	2020-11-16	United Kingdom	genome	unknown	B.1.1.7	Alpha
402	hCoV-19/England/LOND-1250FA5/2020	2020-11-16	United Kingdom	genome	unknown	B.1.1.7	Alpha
403	hCoV-19/England/OXON-F84C5C/2020	2020-11-16	United Kingdom	genome	unknown	B.1.1.7	Alpha
404	hCoV-19/England/LOND-12E86F8/2020	2020-11-16	United Kingdom	genome	unknown	B.1.1.7	Alpha
405	hCoV-19/England/204720525/2020	2020-11-16	United Kingdom	genome	Female	B.1.1.7	Alpha
406	hCoV-19/England/OXON-FA78C8/2020	2020-11-16	United Kingdom	genome	unknown	B.1.1.7	Alpha
407	hCoV-19/England/MILK-BB165C/2020	2020-11-17	United Kingdom	genome	unknown	B.1.1.7	Alpha
408	hCoV-19/England/MILK-BB1319/2020	2020-11-17	United Kingdom	genome	unknown	B.1.1.7	Alpha
409	hCoV-19/England/MILK-BB157D/2020	2020-11-17	United Kingdom	genome	unknown	B.1.1.7	Alpha
410	hCoV-19/England/MILK-BB1980/2020	2020-11-17	United Kingdom	genome	unknown	B.1.1.7	Alpha
411	hCoV-19/England/MILK-BB06B7/2020	2020-11-17	United Kingdom	genome	unknown	B.1.1.7	Alpha
412	hCoV-19/England/MILK-BAB8B9/2020	2020-11-17	United Kingdom	genome	unknown	B.1.1.7	Alpha
413	hCoV-19/England/MILK-BAA762/2020	2020-11-17	United Kingdom	genome	unknown	B.1.1.7	Alpha
414	hCoV-19/England/MILK-BB071E/2020	2020-11-17	United Kingdom	genome	unknown	B.1.1.7	Alpha
415	hCoV-19/England/MILK-BB1522/2020	2020-11-17	United Kingdom	genome	unknown	B.1.1.7	Alpha
416	hCoV-19/England/MILK-BB02C2/2020	2020-11-17	United Kingdom	genome	unknown	B.1.1.7	Alpha
417	hCoV-19/England/MILK-BB075A/2020	2020-11-17	United Kingdom	genome	unknown	B.1.1.7	Alpha
418	hCoV-19/England/MILK-BAB822/2020	2020-11-17	United Kingdom	genome	unknown	B.1.1.7	Alpha
419	hCoV-19/England/MILK-BB0BC7/2020	2020-11-17	United Kingdom	genome	unknown	B.1.1.7	Alpha
420	hCoV-19/England/MILK-BAA00D/2020	2020-11-17	United Kingdom	genome	unknown	B.1.1.7	Alpha
421	hCoV-19/England/MILK-BAF9FE/2020	2020-11-17	United Kingdom	genome	unknown	B.1.1.7	Alpha
422	hCoV-19/England/MILK-BAA410/2020	2020-11-17	United Kingdom	genome	unknown	B.1.1.7	Alpha
423	hCoV-19/England/MILK-BAF9B2/2020	2020-11-17	United Kingdom	genome	unknown	B.1.1.7	Alpha
424	hCoV-19/England/MILK-BAF9D0/2020	2020-11-17	United Kingdom	genome	unknown	B.1.1.7	Alpha
425	hCoV-19/England/MILK-BA9A97/2020	2020-11-17	United Kingdom	genome	unknown	B.1.1.7	Alpha
426	hCoV-19/England/MILK-BB05E7/2020	2020-11-17	United Kingdom	genome	unknown	B.1.1.7	Alpha
427	hCoV-19/England/MILK-BAF9EF/2020	2020-11-17	United Kingdom	genome	unknown	B.1.1.7	Alpha
428	hCoV-19/England/MILK-BA9C46/2020	2020-11-17	United Kingdom	genome	unknown	B.1.1.7	Alpha
429	hCoV-19/England/MILK-BA9BFE/2020	2020-11-17	United Kingdom	genome	unknown	B.1.1.7	Alpha
430	hCoV-19/England/MILK-BAFFED/2020	2020-11-17	United Kingdom	genome	unknown	B.1.1.7	Alpha
431	hCoV-19/England/WSFT-25C5D41/2020	2020-11-17	United Kingdom	genome	unknown	B.1.1.7	Alpha
432	hCoV-19/England/MILK-BAA780/2020	2020-11-17	United Kingdom	genome	unknown	B.1.1.7	Alpha
433	hCoV-19/England/MILK-BAA744/2020	2020-11-17	United Kingdom	genome	unknown	B.1.1.7	Alpha
434	hCoV-19/England/LOND-1324291/2020	2020-11-17	United Kingdom	genome	unknown	B.1.1.7	Alpha
435	hCoV-19/England/LOND-1324AB7/2020	2020-11-17	United Kingdom	genome	unknown	B.1.1.7	Alpha
436	hCoV-19/England/QEUH-BA3CB5/2020	2020-11-17	United Kingdom	genome	unknown	B.1.1.7	Alpha
437	hCoV-19/England/MILK-BB074B/2020	2020-11-17	United Kingdom	genome	unknown	B.1.1.7	Alpha
438	hCoV-19/England/MILK-BB0778/2020	2020-11-17	United Kingdom	genome	unknown	B.1.1.7	Alpha
439	hCoV-19/England/MILK-BAFC40/2020	2020-11-17	United Kingdom	genome	unknown	B.1.1.7	Alpha
440	hCoV-19/England/MILK-BAF9C1/2020	2020-11-17	United Kingdom	genome	unknown	B.1.1.7	Alpha
441	hCoV-19/England/MILK-BAB8F5/2020	2020-11-17	United Kingdom	genome	unknown	B.1.1.7	Alpha
442	hCoV-19/England/MILK-BAA50E/2020	2020-11-17	United Kingdom	genome	unknown	B.1.1.7	Alpha
443	hCoV-19/England/204721105/2020	2020-11-17	United Kingdom	genome	Female	B.1.1.7	Alpha
444	hCoV-19/Scotland/CVR5861/2020	2020-11-17	United Kingdom	genome	unknown	B.1.1.7	Alpha
445	hCoV-19/England/NORW-F7B1A/2020	2020-11-17	United Kingdom	genome	unknown	B.1.1.7	Alpha
446	hCoV-19/England/MILK-BA9D16/2020	2020-11-17	United Kingdom	genome	unknown	B.1.1.7	Alpha
447	hCoV-19/England/MILK-BAB109/2020	2020-11-18	United Kingdom	genome	unknown	B.1.1.7	Alpha
448	hCoV-19/England/LOND-1251627/2020	2020-11-18	United Kingdom	genome	unknown	B.1.1.7	Alpha
449	hCoV-19/England/QEUH-BA2A70/2020	2020-11-18	United Kingdom	genome	unknown	B.1.1.7	Alpha
450	hCoV-19/England/MILK-BAAD33/2020	2020-11-18	United Kingdom	genome	unknown	B.1.1.7	Alpha
451	hCoV-19/England/MILK-BAA8F6/2020	2020-11-18	United Kingdom	genome	unknown	B.1.1.7	Alpha
452	hCoV-19/England/QEUH-B9F42D/2020	2020-11-18	United Kingdom	genome	unknown	B.1.1.7	Alpha
453	hCoV-19/England/MILK-BAB066/2020	2020-11-18	United Kingdom	genome	unknown	B.1.1.7	Alpha
454	hCoV-19/Scotland/QEUH-BA14CE/2020	2020-11-18	United Kingdom	genome	unknown	B.1.1.7	Alpha
455	hCoV-19/England/MILK-BB1BB7/2020	2020-11-18	United Kingdom	genome	unknown	B.1.1.7	Alpha
456	hCoV-19/England/MILK-BAB154/2020	2020-11-18	United Kingdom	genome	unknown	B.1.1.7	Alpha
457	hCoV-19/England/CAMB-1BB944/2020	2020-11-18	United Kingdom	genome	unknown	B.1.1.7	Alpha
458	hCoV-19/England/MILK-BAB118/2020	2020-11-18	United Kingdom	genome	unknown	B.1.1.7	Alpha
459	hCoV-19/England/MILK-BAAC54/2020	2020-11-18	United Kingdom	genome	unknown	B.1.1.7	Alpha
460	hCoV-19/England/MILK-BABDAB/2020	2020-11-18	United Kingdom	genome	unknown	B.1.1.7	Alpha
461	hCoV-19/England/MILK-BAB0B1/2020	2020-11-18	United Kingdom	genome	unknown	B.1.1.7	Alpha
462	hCoV-19/England/MILK-BABD50/2020	2020-11-18	United Kingdom	genome	unknown	B.1.1.7	Alpha
463	hCoV-19/England/MILK-BABD8D/2020	2020-11-18	United Kingdom	genome	unknown	B.1.1.7	Alpha
464	hCoV-19/England/MILK-BB1CB4/2020	2020-11-18	United Kingdom	genome	unknown	B.1.1.7	Alpha
465	hCoV-19/England/MILK-BB1C4B/2020	2020-11-18	United Kingdom	genome	unknown	B.1.1.7	Alpha
466	hCoV-19/England/TFCI-270AAFC/2020	2020-11-18	United Kingdom	genome	unknown	B.1.1.7	Alpha
467	hCoV-19/England/LOND-1327B93/2020	2020-11-18	United Kingdom	genome	unknown	B.1.1.7	Alpha
468	hCoV-19/England/PORT-2F6117/2020	2020-11-18	United Kingdom	genome	unknown	B.1.1.7	Alpha
469	hCoV-19/England/MILK-BB21F0/2020	2020-11-18	United Kingdom	genome	unknown	B.1.1.7	Alpha
470	hCoV-19/England/MILK-BB0AF7/2020	2020-11-18	United Kingdom	genome	unknown	B.1.1.7	Alpha
471	hCoV-19/England/MILK-BAB0DF/2020	2020-11-18	United Kingdom	genome	unknown	B.1.1.7	Alpha
472	hCoV-19/England/MILK-BB2169/2020	2020-11-18	United Kingdom	genome	unknown	B.1.1.7	Alpha
473	hCoV-19/England/MILK-BB0101/2020	2020-11-18	United Kingdom	genome	unknown	B.1.1.7	Alpha
474	hCoV-19/England/MILK-BB1CC3/2020	2020-11-18	United Kingdom	genome	unknown	B.1.1.7	Alpha
475	hCoV-19/England/MILK-BAA97B/2020	2020-11-18	United Kingdom	genome	unknown	B.1.1.7	Alpha
476	hCoV-19/England/MILK-BB1B7B/2020	2020-11-18	United Kingdom	genome	unknown	B.1.1.7	Alpha
477	hCoV-19/England/MILK-BB1EAF/2020	2020-11-18	United Kingdom	genome	unknown	B.1.1.7	Alpha
478	hCoV-19/England/MILK-BB0110/2020	2020-11-18	United Kingdom	genome	unknown	B.1.1.7	Alpha
479	hCoV-19/England/MILK-BB00F5/2020	2020-11-18	United Kingdom	genome	unknown	B.1.1.7	Alpha
480	hCoV-19/England/MILK-BB0DA3/2020	2020-11-18	United Kingdom	genome	unknown	B.1.1.7	Alpha
481	hCoV-19/England/MILK-BB1C69/2020	2020-11-18	United Kingdom	genome	unknown	B.1.1.7	Alpha
482	hCoV-19/England/MILK-BB0F61/2020	2020-11-18	United Kingdom	genome	unknown	B.1.1.7	Alpha
483	hCoV-19/England/MILK-BB0AAC/2020	2020-11-18	United Kingdom	genome	unknown	B.1.1.7	Alpha
484	hCoV-19/England/MILK-BB1FD9/2020	2020-11-18	United Kingdom	genome	unknown	B.1.1.7	Alpha
485	hCoV-19/England/MILK-BAC8A9/2020	2020-11-18	United Kingdom	genome	unknown	B.1.1.7	Alpha
486	hCoV-19/England/OXON-FA6DAC/2020	2020-11-19	United Kingdom	genome	unknown	B.1.1.7	Alpha
487	hCoV-19/England/CAMC-BBC18D/2020	2020-11-19	United Kingdom	genome	unknown	B.1.1.7	Alpha
488	hCoV-19/England/ALDP-BB339F/2020	2020-11-19	United Kingdom	genome	unknown	B.1.1.7	Alpha
489	hCoV-19/England/ALDP-BB353F/2020	2020-11-19	United Kingdom	genome	unknown	B.1.1.7	Alpha
490	hCoV-19/England/ALDP-BB2A13/2020	2020-11-19	United Kingdom	genome	unknown	B.1.1.7	Alpha
491	hCoV-19/England/ALDP-BB3317/2020	2020-11-19	United Kingdom	genome	unknown	B.1.1.7	Alpha
492	hCoV-19/England/ALDP-BB3344/2020	2020-11-19	United Kingdom	genome	unknown	B.1.1.7	Alpha
493	hCoV-19/England/ALDP-BB39CA/2020	2020-11-19	United Kingdom	genome	unknown	B.1.1.7	Alpha
494	hCoV-19/England/ALDP-BB347E/2020	2020-11-19	United Kingdom	genome	unknown	B.1.1.7	Alpha
495	hCoV-19/England/CAMB-1BB953/2020	2020-11-19	United Kingdom	genome	unknown	B.1.1.7	Alpha
496	hCoV-19/England/ALDP-BB3238/2020	2020-11-19	United Kingdom	genome	unknown	B.1.1.7	Alpha
497	hCoV-19/England/ALDP-BB364B/2020	2020-11-19	United Kingdom	genome	unknown	B.1.1.7	Alpha
498	hCoV-19/England/ALDP-BB2916/2020	2020-11-19	United Kingdom	genome	unknown	B.1.1.7	Alpha
499	hCoV-19/England/ALDP-BB4950/2020	2020-11-19	United Kingdom	genome	unknown	B.1.1.7	Alpha
500	hCoV-19/England/ALDP-BB3BF1/2020	2020-11-19	United Kingdom	genome	unknown	B.1.1.7	Alpha
501	hCoV-19/England/ALDP-BB3380/2020	2020-11-19	United Kingdom	genome	unknown	B.1.1.7	Alpha
502	hCoV-19/England/CAMC-BC30FF/2020	2020-11-19	United Kingdom	genome	unknown	B.1.1.7	Alpha
503	hCoV-19/England/ALDP-BB4738/2020	2020-11-19	United Kingdom	genome	unknown	B.1.1.7	Alpha
504	hCoV-19/England/ALDP-BB5D71/2020	2020-11-19	United Kingdom	genome	unknown	B.1.1.7	Alpha
505	hCoV-19/England/ALDP-BB3C3A/2020	2020-11-19	United Kingdom	genome	unknown	B.1.1.7	Alpha
506	hCoV-19/England/ALDP-BB3A9A/2020	2020-11-19	United Kingdom	genome	unknown	B.1.1.7	Alpha
507	hCoV-19/England/ALDP-BB9D04/2020	2020-11-20	United Kingdom	genome	unknown	B.1.1.7	Alpha
508	hCoV-19/England/ALDP-BB5728/2020	2020-11-20	United Kingdom	genome	unknown	B.1.1.7	Alpha
509	hCoV-19/England/LOND-12516AF/2020	2020-11-20	United Kingdom	genome	unknown	B.1.1.7	Alpha
510	hCoV-19/England/ALDP-BB9A49/2020	2020-11-20	United Kingdom	genome	unknown	B.1.1.7	Alpha
511	hCoV-19/England/ALDP-BB99D3/2020	2020-11-20	United Kingdom	genome	unknown	B.1.1.7	Alpha
512	hCoV-19/England/OXON-FA0D84/2020	2020-11-20	United Kingdom	genome	unknown	B.1.1.7	Alpha
513	hCoV-19/Scotland/EDB12057/2020	2020-11-20	United Kingdom	genome	unknown	B.1.1.7	Alpha
514	hCoV-19/Wales/ALDP-BBA36B/2020	2020-11-20	United Kingdom	genome	unknown	B.1.1.7	Alpha
515	hCoV-19/Wales/ALDP-BBA301/2020	2020-11-20	United Kingdom	genome	unknown	B.1.1.7	Alpha
516	hCoV-19/England/ALDP-BBB054/2020	2020-11-20	United Kingdom	genome	unknown	B.1.1.7	Alpha
517	hCoV-19/England/ALDP-BB5694/2020	2020-11-20	United Kingdom	genome	unknown	B.1.1.7	Alpha
518	hCoV-19/England/ALDP-BB9FD1/2020	2020-11-20	United Kingdom	genome	unknown	B.1.1.7	Alpha
519	hCoV-19/England/ALDP-BB4E42/2020	2020-11-20	United Kingdom	genome	unknown	B.1.1.7	Alpha
520	hCoV-19/England/ALDP-BBA019/2020	2020-11-20	United Kingdom	genome	unknown	B.1.1.7	Alpha
521	hCoV-19/England/LOND-1327F3D/2020	2020-11-20	United Kingdom	genome	unknown	B.1.1.7	Alpha
522	hCoV-19/England/CAMC-BBCD3E/2020	2020-11-21	United Kingdom	genome	unknown	B.1.1.7	Alpha
523	hCoV-19/England/CAMC-BBCD4D/2020	2020-11-21	United Kingdom	genome	unknown	B.1.1.7	Alpha
524	hCoV-19/England/QEUH-CC78D4/2020	2020-11-21	United Kingdom	genome	unknown	B.1.1.7	Alpha
525	hCoV-19/England/CAMC-BC2CED/2020	2020-11-21	United Kingdom	genome	unknown	B.1.1.7	Alpha
526	hCoV-19/England/CAMC-BBCE0E/2020	2020-11-21	United Kingdom	genome	unknown	B.1.1.7	Alpha
527	hCoV-19/England/CAMC-BC2CDE/2020	2020-11-21	United Kingdom	genome	unknown	B.1.1.7	Alpha
528	hCoV-19/England/CAMC-BBBE78/2020	2020-11-21	United Kingdom	genome	unknown	B.1.1.7	Alpha
529	hCoV-19/England/CAMC-BBC4C0/2020	2020-11-21	United Kingdom	genome	unknown	B.1.1.7	Alpha
530	hCoV-19/England/NORW-F844B/2020	2020-11-21	United Kingdom	genome	unknown	B.1.1.7	Alpha
531	hCoV-19/England/CAMC-BBC3C3/2020	2020-11-21	United Kingdom	genome	unknown	B.1.1.7	Alpha
532	hCoV-19/England/LOND-1287707/2020	2020-11-21	United Kingdom	genome	unknown	B.1.1.7	Alpha
533	hCoV-19/England/CAMC-BBBB9F/2020	2020-11-21	United Kingdom	genome	unknown	B.1.1.7	Alpha
534	hCoV-19/England/CAMC-BBC4EE/2020	2020-11-21	United Kingdom	genome	unknown	B.1.1.7	Alpha
535	hCoV-19/England/OXON-FA6CEB/2020	2020-11-21	United Kingdom	genome	unknown	B.1.1.7	Alpha
536	hCoV-19/England/CAMC-BBBF84/2020	2020-11-21	United Kingdom	genome	unknown	B.1.1.7	Alpha
537	hCoV-19/England/CAMC-BBD483/2020	2020-11-21	United Kingdom	genome	unknown	B.1.1.7	Alpha
538	hCoV-19/England/CAMC-BBC624/2020	2020-11-21	United Kingdom	genome	unknown	B.1.1.7	Alpha
539	hCoV-19/England/CAMC-BBCE68/2020	2020-11-21	United Kingdom	genome	unknown	B.1.1.7	Alpha
540	hCoV-19/England/CAMC-BBC8A6/2020	2020-11-21	United Kingdom	genome	unknown	B.1.1.7	Alpha
541	hCoV-19/England/WSFT-25C5AE0/2020	2020-11-21	United Kingdom	genome	unknown	B.1.1.7	Alpha
542	hCoV-19/England/CAMC-BBC8B5/2020	2020-11-21	United Kingdom	genome	unknown	B.1.1.7	Alpha
543	hCoV-19/England/CAMC-BBC93A/2020	2020-11-21	United Kingdom	genome	unknown	B.1.1.7	Alpha
544	hCoV-19/England/CAMC-BBC985/2020	2020-11-21	United Kingdom	genome	unknown	B.1.1.7	Alpha
545	hCoV-19/England/CAMC-BBCDD4/2020	2020-11-21	United Kingdom	genome	unknown	B.1.1.7	Alpha
546	hCoV-19/England/CAMC-BBC660/2020	2020-11-21	United Kingdom	genome	unknown	B.1.1.7	Alpha
547	hCoV-19/England/CAMC-BBBFFD/2020	2020-11-21	United Kingdom	genome	unknown	B.1.1.7	Alpha
548	hCoV-19/England/CAMC-BBBB62/2020	2020-11-21	United Kingdom	genome	unknown	B.1.1.7	Alpha
549	hCoV-19/England/CAMC-BBC9C1/2020	2020-11-21	United Kingdom	genome	unknown	B.1.1.7	Alpha
550	hCoV-19/England/CAMC-BBCCE6/2020	2020-11-21	United Kingdom	genome	unknown	B.1.1.7	Alpha
551	hCoV-19/England/CAMC-BC2DF9/2020	2020-11-22	United Kingdom	genome	unknown	B.1.1.7	Alpha
552	hCoV-19/England/CAMC-BC19D8/2020	2020-11-22	United Kingdom	genome	unknown	B.1.1.7	Alpha
553	hCoV-19/England/CAMC-BC2DCC/2020	2020-11-22	United Kingdom	genome	unknown	B.1.1.7	Alpha
554	hCoV-19/England/CAMC-BBFF9F/2020	2020-11-22	United Kingdom	genome	unknown	B.1.1.7	Alpha
555	hCoV-19/England/CAMC-BC0A7C/2020	2020-11-22	United Kingdom	genome	unknown	B.1.1.7	Alpha
556	hCoV-19/England/CAMC-BC2148/2020	2020-11-22	United Kingdom	genome	unknown	B.1.1.7	Alpha
557	hCoV-19/England/CAMC-BC2AD4/2020	2020-11-22	United Kingdom	genome	unknown	B.1.1.7	Alpha
558	hCoV-19/England/CAMC-BC1149/2020	2020-11-22	United Kingdom	genome	unknown	B.1.1.7	Alpha
559	hCoV-19/England/CAMC-BC15E3/2020	2020-11-22	United Kingdom	genome	unknown	B.1.1.7	Alpha
560	hCoV-19/England/CAMC-BBFF26/2020	2020-11-22	United Kingdom	genome	unknown	B.1.1.7	Alpha
561	hCoV-19/England/CAMC-BC00D4/2020	2020-11-22	United Kingdom	genome	unknown	B.1.1.7	Alpha
562	hCoV-19/England/CAMC-BC010E/2020	2020-11-22	United Kingdom	genome	unknown	B.1.1.7	Alpha
563	hCoV-19/England/ALDP-BC6180/2020	2020-11-22	United Kingdom	genome	unknown	B.1.1.7	Alpha
564	hCoV-19/England/CAMC-BC15A7/2020	2020-11-22	United Kingdom	genome	unknown	B.1.1.7	Alpha
565	hCoV-19/England/CAMC-BBBD02/2020	2020-11-22	United Kingdom	genome	unknown	B.1.1.7	Alpha
566	hCoV-19/England/CAMC-BC16C2/2020	2020-11-22	United Kingdom	genome	unknown	B.1.1.7	Alpha
567	hCoV-19/England/CAMC-BC14B9/2020	2020-11-22	United Kingdom	genome	unknown	B.1.1.7	Alpha
568	hCoV-19/England/CAMC-BC162C/2020	2020-11-22	United Kingdom	genome	unknown	B.1.1.7	Alpha
569	hCoV-19/England/CAMC-BC15F2/2020	2020-11-22	United Kingdom	genome	unknown	B.1.1.7	Alpha
570	hCoV-19/England/CAMC-BC11B2/2020	2020-11-22	United Kingdom	genome	unknown	B.1.1.7	Alpha
571	hCoV-19/England/CAMC-BC23F7/2020	2020-11-22	United Kingdom	genome	unknown	B.1.1.7	Alpha
572	hCoV-19/England/CAMC-BC057B/2020	2020-11-22	United Kingdom	genome	unknown	B.1.1.7	Alpha
573	hCoV-19/England/CAMC-BC113A/2020	2020-11-22	United Kingdom	genome	unknown	B.1.1.7	Alpha
574	hCoV-19/England/CAMC-BC1219/2020	2020-11-22	United Kingdom	genome	unknown	B.1.1.7	Alpha
575	hCoV-19/England/CAMC-BC2245/2020	2020-11-22	United Kingdom	genome	unknown	B.1.1.7	Alpha
576	hCoV-19/England/CAMC-BC2B0E/2020	2020-11-22	United Kingdom	genome	unknown	B.1.1.7	Alpha
577	hCoV-19/England/OXON-FA702A/2020	2020-11-22	United Kingdom	genome	unknown	B.1.1.7	Alpha
578	hCoV-19/England/CAMC-BC2AE3/2020	2020-11-22	United Kingdom	genome	unknown	B.1.1.7	Alpha
579	hCoV-19/England/CAMC-BC0D28/2020	2020-11-22	United Kingdom	genome	unknown	B.1.1.7	Alpha
580	hCoV-19/England/CAMC-BC16A4/2020	2020-11-22	United Kingdom	genome	unknown	B.1.1.7	Alpha
581	hCoV-19/England/CAMC-BC25F1/2020	2020-11-22	United Kingdom	genome	unknown	B.1.1.7	Alpha
582	hCoV-19/England/CAMC-BC04F6/2020	2020-11-22	United Kingdom	genome	unknown	B.1.1.7	Alpha
583	hCoV-19/England/CAMC-BC102E/2020	2020-11-22	United Kingdom	genome	unknown	B.1.1.7	Alpha
584	hCoV-19/England/CAMC-BC2DBD/2020	2020-11-22	United Kingdom	genome	unknown	B.1.1.7	Alpha
585	hCoV-19/England/CAMC-BC2DEA/2020	2020-11-22	United Kingdom	genome	unknown	B.1.1.7	Alpha
586	hCoV-19/England/CAMC-BC10C4/2020	2020-11-22	United Kingdom	genome	unknown	B.1.1.7	Alpha
587	hCoV-19/England/CAMC-BC1176/2020	2020-11-22	United Kingdom	genome	unknown	B.1.1.7	Alpha
588	hCoV-19/England/CAMC-BC2F4E/2020	2020-11-22	United Kingdom	genome	unknown	B.1.1.7	Alpha
589	hCoV-19/England/LOND-12878D7/2020	2020-11-22	United Kingdom	genome	unknown	B.1.1.7	Alpha
590	hCoV-19/England/CAMC-BBDB8E/2020	2020-11-22	United Kingdom	genome	unknown	B.1.1.7	Alpha
591	hCoV-19/England/CAMC-BC1F7C/2020	2020-11-22	United Kingdom	genome	unknown	B.1.1.7	Alpha
592	hCoV-19/England/CAMC-BBB6BC/2020	2020-11-22	United Kingdom	genome	unknown	B.1.1.7	Alpha
593	hCoV-19/England/CAMC-BBD210/2020	2020-11-22	United Kingdom	genome	unknown	B.1.1.7	Alpha
594	hCoV-19/England/CAMC-BBD1E6/2020	2020-11-22	United Kingdom	genome	unknown	B.1.1.7	Alpha
595	hCoV-19/England/CAMC-BBB68F/2020	2020-11-22	United Kingdom	genome	unknown	B.1.1.7	Alpha
596	hCoV-19/England/CAMC-BBCC7D/2020	2020-11-22	United Kingdom	genome	unknown	B.1.1.7	Alpha
597	hCoV-19/England/ALDP-BC726E/2020	2020-11-22	United Kingdom	genome	unknown	B.1.1.7	Alpha
598	hCoV-19/England/CAMC-BBDEA3/2020	2020-11-22	United Kingdom	genome	unknown	B.1.1.7	Alpha
599	hCoV-19/England/ALDP-BC7CE8/2020	2020-11-22	United Kingdom	genome	unknown	B.1.1.7	Alpha
600	hCoV-19/England/CAMC-BC0EAD/2020	2020-11-22	United Kingdom	genome	unknown	B.1.1.7	Alpha
601	hCoV-19/England/CAMC-BC1B78/2020	2020-11-22	United Kingdom	genome	unknown	B.1.1.7	Alpha
602	hCoV-19/Wales/ALDP-BC982E/2020	2020-11-22	United Kingdom	genome	unknown	B.1.1.7	Alpha
603	hCoV-19/England/CAMC-BBD4B0/2020	2020-11-22	United Kingdom	genome	unknown	B.1.1.7	Alpha
604	hCoV-19/England/CAMC-BC1B69/2020	2020-11-22	United Kingdom	genome	unknown	B.1.1.7	Alpha
605	hCoV-19/England/CAMC-BC0C0D/2020	2020-11-22	United Kingdom	genome	unknown	B.1.1.7	Alpha
606	hCoV-19/England/CAMC-BC0520/2020	2020-11-22	United Kingdom	genome	unknown	B.1.1.7	Alpha
607	hCoV-19/England/CAMC-BC03AE/2020	2020-11-22	United Kingdom	genome	unknown	B.1.1.7	Alpha
608	hCoV-19/England/CAMC-BBC23F/2020	2020-11-22	United Kingdom	genome	unknown	B.1.1.7	Alpha
609	hCoV-19/England/CAMC-BC0256/2020	2020-11-22	United Kingdom	genome	unknown	B.1.1.7	Alpha
610	hCoV-19/England/CAMC-BBB661/2020	2020-11-22	United Kingdom	genome	unknown	B.1.1.7	Alpha
611	hCoV-19/England/CAMC-BC212A/2020	2020-11-22	United Kingdom	genome	unknown	B.1.1.7	Alpha
612	hCoV-19/England/CAMC-BC34C6/2020	2020-11-22	United Kingdom	genome	unknown	B.1.1.7	Alpha
613	hCoV-19/England/CAMC-BC354B/2020	2020-11-22	United Kingdom	genome	unknown	B.1.1.7	Alpha
614	hCoV-19/England/CAMC-BC202D/2020	2020-11-22	United Kingdom	genome	unknown	B.1.1.7	Alpha
615	hCoV-19/England/CAMC-BC0D19/2020	2020-11-22	United Kingdom	genome	unknown	B.1.1.7	Alpha
616	hCoV-19/England/CAMC-BC0D82/2020	2020-11-22	United Kingdom	genome	unknown	B.1.1.7	Alpha
617	hCoV-19/England/CAMC-BC20E1/2020	2020-11-22	United Kingdom	genome	unknown	B.1.1.7	Alpha
618	hCoV-19/England/ALDP-BC891D/2020	2020-11-22	United Kingdom	genome	unknown	B.1.1.7	Alpha
619	hCoV-19/England/CAMC-BC039F/2020	2020-11-22	United Kingdom	genome	unknown	B.1.1.7	Alpha
620	hCoV-19/England/CAMC-BC1A6C/2020	2020-11-22	United Kingdom	genome	unknown	B.1.1.7	Alpha
621	hCoV-19/England/CAMC-BBB8A7/2020	2020-11-22	United Kingdom	genome	unknown	B.1.1.7	Alpha
622	hCoV-19/England/CAMC-BC065A/2020	2020-11-22	United Kingdom	genome	unknown	B.1.1.7	Alpha
623	hCoV-19/England/CAMC-BBFF80/2020	2020-11-22	United Kingdom	genome	unknown	B.1.1.7	Alpha
624	hCoV-19/England/CAMC-BC17FC/2020	2020-11-22	United Kingdom	genome	unknown	B.1.1.7	Alpha
625	hCoV-19/England/CAMC-BC054E/2020	2020-11-22	United Kingdom	genome	unknown	B.1.1.7	Alpha
626	hCoV-19/England/CAMC-BC053F/2020	2020-11-22	United Kingdom	genome	unknown	B.1.1.7	Alpha
627	hCoV-19/England/CAMC-BC3578/2020	2020-11-22	United Kingdom	genome	unknown	B.1.1.7	Alpha
628	hCoV-19/England/CAMC-BC2667/2020	2020-11-22	United Kingdom	genome	unknown	B.1.1.7	Alpha
629	hCoV-19/England/CAMC-BC28CB/2020	2020-11-22	United Kingdom	genome	unknown	B.1.1.7	Alpha
630	hCoV-19/England/CAMC-BC0696/2020	2020-11-22	United Kingdom	genome	unknown	B.1.1.7	Alpha
631	hCoV-19/England/CAMC-BC156B/2020	2020-11-22	United Kingdom	genome	unknown	B.1.1.7	Alpha
632	hCoV-19/England/CAMC-BC0669/2020	2020-11-22	United Kingdom	genome	unknown	B.1.1.7	Alpha
633	hCoV-19/England/TFCI-26FE92C/2020	2020-11-22	United Kingdom	genome	unknown	B.1.1.7	Alpha
634	hCoV-19/England/CAMC-BBDE85/2020	2020-11-22	United Kingdom	genome	unknown	B.1.1.7	Alpha
635	hCoV-19/England/CAMC-BC1413/2020	2020-11-22	United Kingdom	genome	unknown	B.1.1.7	Alpha
636	hCoV-19/England/CAMC-BC2EC9/2020	2020-11-23	United Kingdom	genome	unknown	B.1.1.7	Alpha
637	hCoV-19/England/CAMC-BC1255/2020	2020-11-23	United Kingdom	genome	unknown	B.1.1.7	Alpha
638	hCoV-19/England/CAMC-BC2EF6/2020	2020-11-23	United Kingdom	genome	unknown	B.1.1.7	Alpha
639	hCoV-19/England/CAMC-BC2755/2020	2020-11-23	United Kingdom	genome	unknown	B.1.1.7	Alpha
640	hCoV-19/England/CAMC-BC2EE7/2020	2020-11-23	United Kingdom	genome	unknown	B.1.1.7	Alpha
641	hCoV-19/England/CAMC-BC2F20/2020	2020-11-23	United Kingdom	genome	unknown	B.1.1.7	Alpha
642	hCoV-19/England/NORW-F8997/2020	2020-11-23	United Kingdom	genome	unknown	B.1.1.7	Alpha
643	hCoV-19/England/CAMC-BC06D2/2020	2020-11-23	United Kingdom	genome	unknown	B.1.1.7	Alpha
644	hCoV-19/England/GSTT-201204GN1BC15/2020	2020-11-23	United Kingdom	genome	unknown	B.1.1.7	Alpha
645	hCoV-19/England/CAMC-BC058A/2020	2020-11-23	United Kingdom	genome	unknown	B.1.1.7	Alpha
646	hCoV-19/England/CAMC-BC0599/2020	2020-11-23	United Kingdom	genome	unknown	B.1.1.7	Alpha
647	hCoV-19/England/LOND-12879F2/2020	2020-11-23	United Kingdom	genome	unknown	B.1.1.7	Alpha
648	hCoV-19/England/OXON-F8B94F/2020	2020-11-23	United Kingdom	genome	unknown	B.1.1.7	Alpha
649	hCoV-19/England/LOND-1287752/2020	2020-11-23	United Kingdom	genome	unknown	B.1.1.7	Alpha
650	hCoV-19/England/OXON-F8B5E1/2020	2020-11-23	United Kingdom	genome	unknown	B.1.1.7	Alpha
651	hCoV-19/England/TFCI-2701EBD/2020	2020-11-23	United Kingdom	genome	unknown	B.1.1.7	Alpha
652	hCoV-19/England/ALDP-BC91E7/2020	2020-11-23	United Kingdom	genome	unknown	B.1.1.7	Alpha
653	hCoV-19/England/ALDP-BC882F/2020	2020-11-23	United Kingdom	genome	unknown	B.1.1.7	Alpha
654	hCoV-19/England/ALDP-BC875F/2020	2020-11-23	United Kingdom	genome	unknown	B.1.1.7	Alpha
655	hCoV-19/England/ALDP-BC99D0/2020	2020-11-23	United Kingdom	genome	unknown	B.1.1.7	Alpha
656	hCoV-19/England/CAMC-BC0E43/2020	2020-11-23	United Kingdom	genome	unknown	B.1.1.7	Alpha
657	hCoV-19/England/204820647/2020	2020-11-24	United Kingdom	genome	Male	B.1.1.7	Alpha
658	hCoV-19/England/204820646/2020	2020-11-24	United Kingdom	genome	Male	B.1.1.7	Alpha
659	hCoV-19/England/204820464/2020	2020-11-24	United Kingdom	genome	Male	B.1.1.7	Alpha
660	hCoV-19/England/204820430/2020	2020-11-24	United Kingdom	genome	Male	B.1.1.7	Alpha
661	hCoV-19/England/204820664/2020	2020-11-24	United Kingdom	genome	Male	B.1.1.7	Alpha
662	hCoV-19/England/204820435/2020	2020-11-24	United Kingdom	genome	Male	B.1.1.7	Alpha
663	hCoV-19/England/204820449/2020	2020-11-24	United Kingdom	genome	Male	B.1.1.7	Alpha
664	hCoV-19/England/204820441/2020	2020-11-24	United Kingdom	genome	Male	B.1.1.7	Alpha
665	hCoV-19/England/CAMC-D0E199/2020	2020-11-24	United Kingdom	genome	unknown	B.1.1.7	Alpha
666	hCoV-19/England/CAMB-1BCA40/2020	2020-11-24	United Kingdom	genome	unknown	B.1.1.7	Alpha
667	hCoV-19/England/LOND-12877CB/2020	2020-11-24	United Kingdom	genome	unknown	B.1.1.7	Alpha
668	hCoV-19/England/NORW-F635F/2020	2020-11-24	United Kingdom	genome	unknown	B.1.1.7	Alpha
669	hCoV-19/England/LOND-128792F/2020	2020-11-24	United Kingdom	genome	unknown	B.1.1.7	Alpha
670	hCoV-19/England/QEUH-BC40B2/2020	2020-11-24	United Kingdom	genome	unknown	B.1.1.7	Alpha
671	hCoV-19/England/NORW-F91AD/2020	2020-11-24	United Kingdom	genome	unknown	B.1.1.7	Alpha
672	hCoV-19/England/OXON-F8B5C3/2020	2020-11-25	United Kingdom	genome	unknown	B.1.1.7	Alpha
673	hCoV-19/England/OXON-F8B323/2020	2020-11-25	United Kingdom	genome	unknown	B.1.1.7	Alpha
674	hCoV-19/England/OXON-FA6B2A/2020	2020-11-25	United Kingdom	genome	unknown	B.1.1.7	Alpha
675	hCoV-19/England/QEUH-BC3CBF/2020	2020-11-25	United Kingdom	genome	unknown	B.1.1.7	Alpha
676	hCoV-19/England/LOND-1251B28/2020	2020-11-25	United Kingdom	genome	unknown	B.1.1.7	Alpha
677	hCoV-19/England/OXON-F8A816/2020	2020-11-25	United Kingdom	genome	unknown	B.1.1.7	Alpha
678	hCoV-19/England/CAMB-1BC9CB/2020	2020-11-25	United Kingdom	genome	unknown	B.1.1.7	Alpha
679	hCoV-19/England/OXON-F8AB4A/2020	2020-11-25	United Kingdom	genome	unknown	B.1.1.7	Alpha
680	hCoV-19/England/OXON-F8A6C1/2020	2020-11-25	United Kingdom	genome	unknown	B.1.1.7	Alpha
681	hCoV-19/England/OXON-F8A8AD/2020	2020-11-25	United Kingdom	genome	unknown	B.1.1.7	Alpha
682	hCoV-19/Scotland/OXON-F3F8F2/2020	2020-11-25	United Kingdom	genome	unknown	B.1.1.7	Alpha
683	hCoV-19/England/OXON-F8B332/2020	2020-11-25	United Kingdom	genome	unknown	B.1.1.7	Alpha
684	hCoV-19/England/QEUH-BCDDC1/2020	2020-11-26	United Kingdom	genome	unknown	B.1.1.7	Alpha
685	hCoV-19/England/MILK-BDC14B/2020	2020-11-26	United Kingdom	genome	unknown	B.1.1.7	Alpha
686	hCoV-19/England/QEUH-BCD699/2020	2020-11-26	United Kingdom	genome	unknown	B.1.1.7	Alpha
687	hCoV-19/England/CAMB-1BC970/2020	2020-11-26	United Kingdom	genome	unknown	B.1.1.7	Alpha
688	hCoV-19/England/QEUH-BCB4A0/2020	2020-11-26	United Kingdom	genome	unknown	B.1.1.7	Alpha
689	hCoV-19/England/MILK-BDC381/2020	2020-11-26	United Kingdom	genome	unknown	B.1.1.7	Alpha
690	hCoV-19/England/MILK-BDC12D/2020	2020-11-26	United Kingdom	genome	unknown	B.1.1.7	Alpha
691	hCoV-19/England/MILK-BDC3EB/2020	2020-11-26	United Kingdom	genome	unknown	B.1.1.7	Alpha
692	hCoV-19/England/MILK-BDC4BB/2020	2020-11-26	United Kingdom	genome	unknown	B.1.1.7	Alpha
693	hCoV-19/England/MILK-BDB531/2020	2020-11-26	United Kingdom	genome	unknown	B.1.1.7	Alpha
694	hCoV-19/England/MILK-BDC04E/2020	2020-11-26	United Kingdom	genome	unknown	B.1.1.7	Alpha
695	hCoV-19/England/MILK-BDB7A4/2020	2020-11-26	United Kingdom	genome	unknown	B.1.1.7	Alpha
696	hCoV-19/England/MILK-BDC0E4/2020	2020-11-26	United Kingdom	genome	unknown	B.1.1.7	Alpha
697	hCoV-19/England/MILK-BDC1C3/2020	2020-11-26	United Kingdom	genome	unknown	B.1.1.7	Alpha
698	hCoV-19/England/MILK-BDBA7E/2020	2020-11-26	United Kingdom	genome	unknown	B.1.1.7	Alpha
699	hCoV-19/England/MILK-BDB8FC/2020	2020-11-26	United Kingdom	genome	unknown	B.1.1.7	Alpha
700	hCoV-19/England/CAMB-1BC99E/2020	2020-11-26	United Kingdom	genome	unknown	B.1.1.7	Alpha
701	hCoV-19/England/MILK-BDBA50/2020	2020-11-26	United Kingdom	genome	unknown	B.1.1.7	Alpha
702	hCoV-19/England/NORW-F6D33/2020	2020-11-26	United Kingdom	genome	unknown	B.1.1.7	Alpha
703	hCoV-19/England/MILK-BDB504/2020	2020-11-26	United Kingdom	genome	unknown	B.1.1.7	Alpha
704	hCoV-19/England/NORW-F6AF0/2020	2020-11-26	United Kingdom	genome	unknown	B.1.1.7	Alpha
705	hCoV-19/England/OXON-F8BC91/2020	2020-11-26	United Kingdom	genome	unknown	B.1.1.7	Alpha
706	hCoV-19/England/QEUH-BCD4AE/2020	2020-11-26	United Kingdom	genome	unknown	B.1.1.7	Alpha
707	hCoV-19/England/TFCI-26FF114/2020	2020-11-26	United Kingdom	genome	unknown	B.1.1.7	Alpha
708	hCoV-19/England/TFCI-26FF91C/2020	2020-11-26	United Kingdom	genome	unknown	B.1.1.7	Alpha
709	hCoV-19/England/MILK-BDC266/2020	2020-11-26	United Kingdom	genome	unknown	B.1.1.7	Alpha
710	hCoV-19/England/MILK-BDB522/2020	2020-11-26	United Kingdom	genome	unknown	B.1.1.7	Alpha
711	hCoV-19/England/MILK-BDC06C/2020	2020-11-26	United Kingdom	genome	unknown	B.1.1.7	Alpha
712	hCoV-19/England/MILK-BDC08A/2020	2020-11-26	United Kingdom	genome	unknown	B.1.1.7	Alpha
713	hCoV-19/England/MILK-BDC354/2020	2020-11-26	United Kingdom	genome	unknown	B.1.1.7	Alpha
714	hCoV-19/England/MILK-BDB4F8/2020	2020-11-26	United Kingdom	genome	unknown	B.1.1.7	Alpha
715	hCoV-19/England/MILK-BDB5C8/2020	2020-11-26	United Kingdom	genome	unknown	B.1.1.7	Alpha
716	hCoV-19/England/MILK-BDB62F/2020	2020-11-26	United Kingdom	genome	unknown	B.1.1.7	Alpha
717	hCoV-19/England/MILK-BDBFCA/2020	2020-11-26	United Kingdom	genome	unknown	B.1.1.7	Alpha
718	hCoV-19/England/NORW-F644D/2020	2020-11-26	United Kingdom	genome	unknown	B.1.1.7	Alpha
719	hCoV-19/England/MILK-BDB689/2020	2020-11-26	United Kingdom	genome	unknown	B.1.1.7	Alpha
720	hCoV-19/England/MILK-BDC284/2020	2020-11-26	United Kingdom	genome	unknown	B.1.1.7	Alpha
721	hCoV-19/England/MILK-BDCA13/2020	2020-11-26	United Kingdom	genome	unknown	B.1.1.7	Alpha
722	hCoV-19/England/MILK-BDBF51/2020	2020-11-26	United Kingdom	genome	unknown	B.1.1.7	Alpha
723	hCoV-19/England/QEUH-BCD63F/2020	2020-11-26	United Kingdom	genome	unknown	B.1.1.7	Alpha
724	hCoV-19/England/MILK-BDC363/2020	2020-11-26	United Kingdom	genome	unknown	B.1.1.7	Alpha
725	hCoV-19/England/MILK-BDBFE8/2020	2020-11-26	United Kingdom	genome	unknown	B.1.1.7	Alpha
726	hCoV-19/England/MILK-BDBD75/2020	2020-11-26	United Kingdom	genome	unknown	B.1.1.7	Alpha
727	hCoV-19/England/MILK-BDBDA2/2020	2020-11-26	United Kingdom	genome	unknown	B.1.1.7	Alpha
728	hCoV-19/England/MILK-BDBA6F/2020	2020-11-26	United Kingdom	genome	unknown	B.1.1.7	Alpha
729	hCoV-19/England/MILK-BDC2FD/2020	2020-11-26	United Kingdom	genome	unknown	B.1.1.7	Alpha
730	hCoV-19/England/LOND-1288029/2020	2020-11-26	United Kingdom	genome	unknown	B.1.1.7	Alpha
731	hCoV-19/Scotland/QEUH-BCD356/2020	2020-11-26	United Kingdom	genome	unknown	B.1.1.7	Alpha
732	hCoV-19/England/MILK-BDC390/2020	2020-11-26	United Kingdom	genome	unknown	B.1.1.7	Alpha
733	hCoV-19/England/MILK-BDBFD9/2020	2020-11-26	United Kingdom	genome	unknown	B.1.1.7	Alpha
734	hCoV-19/England/CAMC-BD1CAF/2020	2020-11-27	United Kingdom	genome	unknown	B.1.1.7	Alpha
735	hCoV-19/England/CAMC-BD1CCD/2020	2020-11-27	United Kingdom	genome	unknown	B.1.1.7	Alpha
736	hCoV-19/England/CAMC-BD2B29/2020	2020-11-27	United Kingdom	genome	unknown	B.1.1.7	Alpha
737	hCoV-19/England/CAMC-BD4389/2020	2020-11-27	United Kingdom	genome	unknown	B.1.1.7	Alpha
738	hCoV-19/England/MILK-BDC530/2020	2020-11-27	United Kingdom	genome	unknown	B.1.1.7	Alpha
739	hCoV-19/England/MILK-BDB99F/2020	2020-11-27	United Kingdom	genome	unknown	B.1.1.7	Alpha
740	hCoV-19/England/CAMC-BD1629/2020	2020-11-27	United Kingdom	genome	unknown	B.1.1.7	Alpha
741	hCoV-19/England/CAMC-BD1D15/2020	2020-11-27	United Kingdom	genome	unknown	B.1.1.7	Alpha
742	hCoV-19/Scotland/CVR6080/2020	2020-11-27	United Kingdom	genome	unknown	B.1.1.7	Alpha
743	hCoV-19/England/TFCI-26FF1AB/2020	2020-11-27	United Kingdom	genome	unknown	B.1.1.7	Alpha
744	hCoV-19/England/CAMC-BD238B/2020	2020-11-27	United Kingdom	genome	unknown	B.1.1.7	Alpha
745	hCoV-19/England/CAMC-BD1CBE/2020	2020-11-27	United Kingdom	genome	unknown	B.1.1.7	Alpha
746	hCoV-19/England/CAMB-1BD46F/2020	2020-11-27	United Kingdom	genome	unknown	B.1.1.7	Alpha
747	hCoV-19/England/LOND-1287A86/2020	2020-11-27	United Kingdom	genome	unknown	B.1.1.7	Alpha
748	hCoV-19/England/MILK-BDC59A/2020	2020-11-27	United Kingdom	genome	unknown	B.1.1.7	Alpha
749	hCoV-19/England/CAMC-BD1C27/2020	2020-11-27	United Kingdom	genome	unknown	B.1.1.7	Alpha
750	hCoV-19/England/TFCI-26FF105/2020	2020-11-27	United Kingdom	genome	unknown	B.1.1.7	Alpha
751	hCoV-19/England/CAMC-BD484E/2020	2020-11-27	United Kingdom	genome	unknown	B.1.1.7	Alpha
752	hCoV-19/England/NORW-F6252/2020	2020-11-27	United Kingdom	genome	unknown	B.1.1.7	Alpha
753	hCoV-19/England/CAMC-BD1BEE/2020	2020-11-27	United Kingdom	genome	unknown	B.1.1.7	Alpha
754	hCoV-19/England/CAMC-BD1B66/2020	2020-11-27	United Kingdom	genome	unknown	B.1.1.7	Alpha
755	hCoV-19/England/MILK-BDB944/2020	2020-11-27	United Kingdom	genome	unknown	B.1.1.7	Alpha
756	hCoV-19/England/CAMC-BD441D/2020	2020-11-27	United Kingdom	genome	unknown	B.1.1.7	Alpha
757	hCoV-19/England/CAMC-BD3988/2020	2020-11-27	United Kingdom	genome	unknown	B.1.1.7	Alpha
758	hCoV-19/England/CAMC-BD1B84/2020	2020-11-27	United Kingdom	genome	unknown	B.1.1.7	Alpha
759	hCoV-19/England/MILK-BDC54F/2020	2020-11-27	United Kingdom	genome	unknown	B.1.1.7	Alpha
760	hCoV-19/England/CAMC-BD17AE/2020	2020-11-27	United Kingdom	genome	unknown	B.1.1.7	Alpha
761	hCoV-19/England/OXON-FA170D/2020	2020-11-27	United Kingdom	genome	unknown	B.1.1.7	Alpha
762	hCoV-19/England/NORW-F6322/2020	2020-11-27	United Kingdom	genome	unknown	B.1.1.7	Alpha
763	hCoV-19/England/GSTT-201204GN1BC75/2020	2020-11-27	United Kingdom	genome	unknown	B.1.1.7	Alpha
764	hCoV-19/England/CAMC-BD1C36/2020	2020-11-27	United Kingdom	genome	unknown	B.1.1.7	Alpha
765	hCoV-19/England/CAMC-BD1CEB/2020	2020-11-27	United Kingdom	genome	unknown	B.1.1.7	Alpha
766	hCoV-19/England/CAMC-BD3997/2020	2020-11-27	United Kingdom	genome	unknown	B.1.1.7	Alpha
767	hCoV-19/England/CAMC-BD437A/2020	2020-11-27	United Kingdom	genome	unknown	B.1.1.7	Alpha
768	hCoV-19/England/CAMC-BD1762/2020	2020-11-27	United Kingdom	genome	unknown	B.1.1.7	Alpha
769	hCoV-19/England/CAMC-BD1CFA/2020	2020-11-27	United Kingdom	genome	unknown	B.1.1.7	Alpha
770	hCoV-19/England/CAMC-BD1C18/2020	2020-11-27	United Kingdom	genome	unknown	B.1.1.7	Alpha
771	hCoV-19/England/QEUH-BCB7C5/2020	2020-11-27	United Kingdom	genome	unknown	B.1.1.7	Alpha
772	hCoV-19/England/CAMC-BD43D4/2020	2020-11-27	United Kingdom	genome	unknown	B.1.1.7	Alpha
773	hCoV-19/England/QEUH-BCBB50/2020	2020-11-27	United Kingdom	genome	unknown	B.1.1.7	Alpha
774	hCoV-19/England/204900270/2020	2020-11-27	United Kingdom	genome	Female	B.1.1.7	Alpha
775	hCoV-19/England/OXON-FA7673/2020	2020-11-27	United Kingdom	genome	unknown	B.1.1.7	Alpha
776	hCoV-19/England/OXON-FA75FE/2020	2020-11-27	United Kingdom	genome	unknown	B.1.1.7	Alpha
777	hCoV-19/England/CAMC-BD20FD/2020	2020-11-27	United Kingdom	genome	unknown	B.1.1.7	Alpha
778	hCoV-19/England/MILK-BDB953/2020	2020-11-27	United Kingdom	genome	unknown	B.1.1.7	Alpha
779	hCoV-19/England/MILK-BDB9AE/2020	2020-11-27	United Kingdom	genome	unknown	B.1.1.7	Alpha
780	hCoV-19/England/CAMC-BD4899/2020	2020-11-27	United Kingdom	genome	unknown	B.1.1.7	Alpha
781	hCoV-19/England/CAMC-BD4477/2020	2020-11-27	United Kingdom	genome	unknown	B.1.1.7	Alpha
782	hCoV-19/England/MILK-BDB980/2020	2020-11-27	United Kingdom	genome	unknown	B.1.1.7	Alpha
783	hCoV-19/England/MILK-BDB962/2020	2020-11-27	United Kingdom	genome	unknown	B.1.1.7	Alpha
784	hCoV-19/England/CAMC-BD1C54/2020	2020-11-27	United Kingdom	genome	unknown	B.1.1.7	Alpha
785	hCoV-19/England/CAMC-BD3A85/2020	2020-11-28	United Kingdom	genome	unknown	B.1.1.7	Alpha
786	hCoV-19/England/CAMC-BD16DE/2020	2020-11-28	United Kingdom	genome	unknown	B.1.1.7	Alpha
787	hCoV-19/England/CAMC-BD3AD0/2020	2020-11-28	United Kingdom	genome	unknown	B.1.1.7	Alpha
788	hCoV-19/England/CAMC-BD29A7/2020	2020-11-28	United Kingdom	genome	unknown	B.1.1.7	Alpha
789	hCoV-19/England/CAMC-BD292F/2020	2020-11-28	United Kingdom	genome	unknown	B.1.1.7	Alpha
790	hCoV-19/England/LOND-12E83D3/2020	2020-11-28	United Kingdom	genome	unknown	B.1.1.7	Alpha
791	hCoV-19/England/CAMC-BD2A59/2020	2020-11-28	United Kingdom	genome	unknown	B.1.1.7	Alpha
792	hCoV-19/England/LOND-12E88C5/2020	2020-11-28	United Kingdom	genome	unknown	B.1.1.7	Alpha
793	hCoV-19/England/CAMC-BD1D51/2020	2020-11-28	United Kingdom	genome	unknown	B.1.1.7	Alpha
794	hCoV-19/England/OXON-F8B280/2020	2020-11-28	United Kingdom	genome	unknown	B.1.1.7	Alpha
795	hCoV-19/England/CAMC-BD3AC1/2020	2020-11-28	United Kingdom	genome	unknown	B.1.1.7	Alpha
796	hCoV-19/Wales/PHWC-492F3F/2020	2020-11-28	United Kingdom	genome	unknown	B.1.1.7	Alpha
797	hCoV-19/England/CAMC-BD1DD9/2020	2020-11-28	United Kingdom	genome	unknown	B.1.1.7	Alpha
798	hCoV-19/England/OXON-F8B305/2020	2020-11-28	United Kingdom	genome	unknown	B.1.1.7	Alpha
799	hCoV-19/England/NORT-1B7252A/2020	2020-11-28	United Kingdom	genome	unknown	B.1.1.7	Alpha
800	hCoV-19/England/CAMC-BD1735/2020	2020-11-28	United Kingdom	genome	unknown	B.1.1.7	Alpha
801	hCoV-19/England/CAMC-BD3A76/2020	2020-11-28	United Kingdom	genome	unknown	B.1.1.7	Alpha
802	hCoV-19/England/CAMC-BD3A58/2020	2020-11-28	United Kingdom	genome	unknown	B.1.1.7	Alpha
803	hCoV-19/England/CAMC-BD39A6/2020	2020-11-28	United Kingdom	genome	unknown	B.1.1.7	Alpha
804	hCoV-19/England/GSTT-201204GN2BC65/2020	2020-11-28	United Kingdom	genome	unknown	B.1.1.7	Alpha
805	hCoV-19/England/CAMC-BD39E2/2020	2020-11-28	United Kingdom	genome	unknown	B.1.1.7	Alpha
806	hCoV-19/England/CAMC-BD1647/2020	2020-11-28	United Kingdom	genome	unknown	B.1.1.7	Alpha
807	hCoV-19/England/CAMC-BD28E6/2020	2020-11-28	United Kingdom	genome	unknown	B.1.1.7	Alpha
808	hCoV-19/England/CAMC-BD1D7F/2020	2020-11-28	United Kingdom	genome	unknown	B.1.1.7	Alpha
809	hCoV-19/England/CAMC-BD29B6/2020	2020-11-28	United Kingdom	genome	unknown	B.1.1.7	Alpha
810	hCoV-19/England/MILK-BE7383/2020	2020-11-28	United Kingdom	genome	unknown	B.1.1.7	Alpha
811	hCoV-19/England/CAMC-BD1DBB/2020	2020-11-28	United Kingdom	genome	unknown	B.1.1.7	Alpha
812	hCoV-19/England/CAMC-BD1665/2020	2020-11-28	United Kingdom	genome	unknown	B.1.1.7	Alpha
813	hCoV-19/England/CAMC-BD2989/2020	2020-11-28	United Kingdom	genome	unknown	B.1.1.7	Alpha
814	hCoV-19/England/CAMC-BD1F2E/2020	2020-11-28	United Kingdom	genome	unknown	B.1.1.7	Alpha
815	hCoV-19/England/CAMC-BD22BB/2020	2020-11-28	United Kingdom	genome	unknown	B.1.1.7	Alpha
816	hCoV-19/England/CAMC-BD1595/2020	2020-11-29	United Kingdom	genome	unknown	B.1.1.7	Alpha
817	hCoV-19/England/CAMC-BD14A7/2020	2020-11-29	United Kingdom	genome	unknown	B.1.1.7	Alpha
818	hCoV-19/England/CAMC-BD2A1D/2020	2020-11-29	United Kingdom	genome	unknown	B.1.1.7	Alpha
819	hCoV-19/England/CAMC-BD2A3B/2020	2020-11-29	United Kingdom	genome	unknown	B.1.1.7	Alpha
820	hCoV-19/England/CAMC-BD12AD/2020	2020-11-29	United Kingdom	genome	unknown	B.1.1.7	Alpha
821	hCoV-19/England/CAMB-1BC697/2020	2020-11-29	United Kingdom	genome	unknown	B.1.1.7	Alpha
822	hCoV-19/England/CAMC-BD1401/2020	2020-11-29	United Kingdom	genome	unknown	B.1.1.7	Alpha
823	hCoV-19/England/QEUH-BF0BCB/2020	2020-11-29	United Kingdom	genome	unknown	B.1.1.7	Alpha
824	hCoV-19/England/TFCI-26FF8A6/2020	2020-11-29	United Kingdom	genome	unknown	B.1.1.7	Alpha
825	hCoV-19/England/CAMC-BD151D/2020	2020-11-29	United Kingdom	genome	unknown	B.1.1.7	Alpha
826	hCoV-19/England/CAMC-BD13C8/2020	2020-11-29	United Kingdom	genome	unknown	B.1.1.7	Alpha
827	hCoV-19/England/CAMC-BD13D7/2020	2020-11-29	United Kingdom	genome	unknown	B.1.1.7	Alpha
828	hCoV-19/England/CAMC-BD14C5/2020	2020-11-29	United Kingdom	genome	unknown	B.1.1.7	Alpha
829	hCoV-19/England/CAMC-BD144D/2020	2020-11-29	United Kingdom	genome	unknown	B.1.1.7	Alpha
830	hCoV-19/England/CAMC-BD12BC/2020	2020-11-29	United Kingdom	genome	unknown	B.1.1.7	Alpha
831	hCoV-19/England/CAMC-BD14E3/2020	2020-11-29	United Kingdom	genome	unknown	B.1.1.7	Alpha
832	hCoV-19/England/CAMC-BD1252/2020	2020-11-29	United Kingdom	genome	unknown	B.1.1.7	Alpha
833	hCoV-19/England/CAMC-BDD06B/2020	2020-11-29	United Kingdom	genome	unknown	B.1.1.7	Alpha
834	hCoV-19/England/CAMC-BE02F6/2020	2020-11-29	United Kingdom	genome	unknown	B.1.1.7	Alpha
835	hCoV-19/England/204941521/2020	2020-11-29	United Kingdom	genome	Male	B.1.1.7	Alpha
836	hCoV-19/England/TFCI-26FF985/2020	2020-11-29	United Kingdom	genome	unknown	B.1.1.7	Alpha
837	hCoV-19/England/TFCI-26FFA28/2020	2020-11-29	United Kingdom	genome	unknown	B.1.1.7	Alpha
838	hCoV-19/England/CAMC-BD150E/2020	2020-11-29	United Kingdom	genome	unknown	B.1.1.7	Alpha
839	hCoV-19/England/CAMC-BD145C/2020	2020-11-29	United Kingdom	genome	unknown	B.1.1.7	Alpha
840	hCoV-19/England/CAMC-BE02C9/2020	2020-11-29	United Kingdom	genome	unknown	B.1.1.7	Alpha
841	hCoV-19/England/CAMC-BD139B/2020	2020-11-29	United Kingdom	genome	unknown	B.1.1.7	Alpha
842	hCoV-19/England/CAMC-BE02BA/2020	2020-11-29	United Kingdom	genome	unknown	B.1.1.7	Alpha
843	hCoV-19/England/CAMC-BD1234/2020	2020-11-29	United Kingdom	genome	unknown	B.1.1.7	Alpha
844	hCoV-19/England/CAMC-BDD02F/2020	2020-11-29	United Kingdom	genome	unknown	B.1.1.7	Alpha
845	hCoV-19/England/QEUH-BF0BBC/2020	2020-11-29	United Kingdom	genome	unknown	B.1.1.7	Alpha
846	hCoV-19/England/LOND-1322E17/2020	2020-11-29	United Kingdom	genome	unknown	B.1.1.7	Alpha
847	hCoV-19/England/MILK-BEE44D/2020	2020-11-30	United Kingdom	genome	unknown	B.1.1.7	Alpha
848	hCoV-19/England/NORW-EEDC5/2020	2020-11-30	United Kingdom	genome	unknown	B.1.1.7	Alpha
849	hCoV-19/Scotland/CVR6032/2020	2020-11-30	United Kingdom	genome	unknown	B.1.1.7	Alpha
850	hCoV-19/England/OXON-F8A852/2020	2020-11-30	United Kingdom	genome	unknown	B.1.1.7	Alpha
851	hCoV-19/England/LOND-1288047/2020	2020-11-30	United Kingdom	genome	unknown	B.1.1.7	Alpha
852	hCoV-19/England/205390120/2020	2020-11-30	United Kingdom	genome	Male	B.1.1.7	Alpha
853	hCoV-19/England/NORW-EED10/2020	2020-11-30	United Kingdom	genome	unknown	B.1.1.7	Alpha
854	hCoV-19/England/CAMC-BDCC3B/2020	2020-11-30	United Kingdom	genome	unknown	B.1.1.7	Alpha
855	hCoV-19/England/CAMC-BDCC68/2020	2020-11-30	United Kingdom	genome	unknown	B.1.1.7	Alpha
856	hCoV-19/England/LOND-1287D50/2020	2020-11-30	United Kingdom	genome	unknown	B.1.1.7	Alpha
857	hCoV-19/England/LOND-1287F0F/2020	2020-11-30	United Kingdom	genome	unknown	B.1.1.7	Alpha
858	hCoV-19/England/MILK-BEE498/2020	2020-11-30	United Kingdom	genome	unknown	B.1.1.7	Alpha
859	hCoV-19/England/MILK-BEE401/2020	2020-11-30	United Kingdom	genome	unknown	B.1.1.7	Alpha
860	hCoV-19/England/QEUH-BE57E3/2020	2020-11-30	United Kingdom	genome	unknown	B.1.1.7	Alpha
861	hCoV-19/England/OXON-F3FB26/2020	2020-11-30	United Kingdom	genome	unknown	B.1.1.7	Alpha
862	hCoV-19/England/MILK-BEE2CB/2020	2020-11-30	United Kingdom	genome	unknown	B.1.1.7	Alpha
863	hCoV-19/England/MILK-BEE4A7/2020	2020-11-30	United Kingdom	genome	unknown	B.1.1.7	Alpha
864	hCoV-19/England/MILK-BEE2DA/2020	2020-11-30	United Kingdom	genome	unknown	B.1.1.7	Alpha
865	hCoV-19/Scotland/CVR6083/2020	2020-11-30	United Kingdom	genome	unknown	B.1.1.7	Alpha
866	hCoV-19/Scotland/CVR6044/2020	2020-12-01	United Kingdom	genome	unknown	B.1.1.7	Alpha
867	hCoV-19/England/MILK-BFF68F/2020	2020-12-01	United Kingdom	genome	unknown	B.1.1.7	Alpha
868	hCoV-19/England/NORW-F64B6/2020	2020-12-01	United Kingdom	genome	unknown	B.1.1.7	Alpha
869	hCoV-19/England/C210000874/2020	2020-12-01	United Kingdom	genome	Male	B.1.1.7	Alpha
870	hCoV-19/England/C210000096/2020	2020-12-01	United Kingdom	genome	Male	B.1.1.7	Alpha
871	hCoV-19/England/C210000875/2020	2020-12-01	United Kingdom	genome	Female	B.1.1.7	Alpha
872	hCoV-19/Scotland/CVR6050/2020	2020-12-01	United Kingdom	genome	unknown	B.1.1.7	Alpha
873	hCoV-19/Wales/PHWC-4984D0/2020	2020-12-01	United Kingdom	genome	unknown	B.1.1.7	Alpha
874	hCoV-19/England/NORW-F65A4/2020	2020-12-01	United Kingdom	genome	unknown	B.1.1.7	Alpha
875	hCoV-19/England/NORW-F7646/2020	2020-12-01	United Kingdom	genome	unknown	B.1.1.7	Alpha
876	hCoV-19/England/GSTT-201211GNBC62/2020	2020-12-01	United Kingdom	genome	unknown	B.1.1.7	Alpha
877	hCoV-19/England/OXON-F89D54/2020	2020-12-01	United Kingdom	genome	unknown	B.1.1.7	Alpha
878	hCoV-19/England/LOND-1287EE4/2020	2020-12-01	United Kingdom	genome	unknown	B.1.1.7	Alpha
879	hCoV-19/England/LOND-1288038/2020	2020-12-01	United Kingdom	genome	unknown	B.1.1.7	Alpha
880	hCoV-19/Wales/PHWC-4A7359/2020	2020-12-01	United Kingdom	genome	unknown	B.1.1.7	Alpha
881	hCoV-19/England/LOND-1288214/2020	2020-12-01	United Kingdom	genome	unknown	B.1.1.7	Alpha
882	hCoV-19/England/NORW-226530/2020	2020-12-01	United Kingdom	genome	unknown	B.1.1.7	Alpha
883	hCoV-19/England/OXON-F8ADCC/2020	2020-12-01	United Kingdom	genome	unknown	B.1.1.7	Alpha
884	hCoV-19/England/204941523/2020	2020-12-01	United Kingdom	genome	Male	B.1.1.7	Alpha
885	hCoV-19/England/MILK-BFDEB6/2020	2020-12-01	United Kingdom	genome	unknown	B.1.1.7	Alpha
886	hCoV-19/England/OXON-FA20D4/2020	2020-12-02	United Kingdom	genome	unknown	B.1.1.7	Alpha
887	hCoV-19/England/ALDP-DCB7D2/2020	2020-12-02	United Kingdom	genome	unknown	B.1.1.7	Alpha
888	hCoV-19/England/CAMC-C263E1/2020	2020-12-02	United Kingdom	genome	unknown	B.1.1.7	Alpha
889	hCoV-19/England/CAMC-C26660/2020	2020-12-02	United Kingdom	genome	unknown	B.1.1.7	Alpha
890	hCoV-19/England/LOND-12881F9/2020	2020-12-02	United Kingdom	genome	unknown	B.1.1.7	Alpha
891	hCoV-19/England/OXON-FA7C71/2020	2020-12-02	United Kingdom	genome	unknown	B.1.1.7	Alpha
892	hCoV-19/England/OXON-F3FBCC/2020	2020-12-02	United Kingdom	genome	unknown	B.1.1.7	Alpha
893	hCoV-19/England/MILK-BFF94A/2020	2020-12-02	United Kingdom	genome	unknown	B.1.1.7	Alpha
894	hCoV-19/England/MILK-BFCED5/2020	2020-12-02	United Kingdom	genome	unknown	B.1.1.7	Alpha
895	hCoV-19/England/MILK-BFF93B/2020	2020-12-02	United Kingdom	genome	unknown	B.1.1.7	Alpha
896	hCoV-19/England/MILK-BFCC9F/2020	2020-12-02	United Kingdom	genome	unknown	B.1.1.7	Alpha
897	hCoV-19/England/MILK-BFF661/2020	2020-12-02	United Kingdom	genome	unknown	B.1.1.7	Alpha
898	hCoV-19/England/MILK-BFF519/2020	2020-12-02	United Kingdom	genome	unknown	B.1.1.7	Alpha
899	hCoV-19/England/LOND-1288083/2020	2020-12-02	United Kingdom	genome	unknown	B.1.1.7	Alpha
900	hCoV-19/England/CAMC-C2640C/2020	2020-12-02	United Kingdom	genome	unknown	B.1.1.7	Alpha
901	hCoV-19/England/MILK-BFCBCF/2020	2020-12-02	United Kingdom	genome	unknown	B.1.1.7	Alpha
902	hCoV-19/England/204980160/2020	2020-12-02	United Kingdom	genome	Female	B.1.1.7	Alpha
903	hCoV-19/England/204960392/2020	2020-12-02	United Kingdom	genome	Male	B.1.1.7	Alpha
904	hCoV-19/England/ALDP-BE96C4/2020	2020-12-02	United Kingdom	genome	unknown	B.1.1.7	Alpha
905	hCoV-19/England/MILK-BFCEA8/2020	2020-12-02	United Kingdom	genome	unknown	B.1.1.7	Alpha
906	hCoV-19/England/MILK-BFF564/2020	2020-12-02	United Kingdom	genome	unknown	B.1.1.7	Alpha
907	hCoV-19/England/MILK-BFD1F9/2020	2020-12-02	United Kingdom	genome	unknown	B.1.1.7	Alpha
908	hCoV-19/England/LOND-12E892C/2020	2020-12-02	United Kingdom	genome	unknown	B.1.1.7	Alpha
909	hCoV-19/England/MILK-BFF494/2020	2020-12-02	United Kingdom	genome	unknown	B.1.1.7	Alpha
910	hCoV-19/England/LOND-12529D2/2020	2020-12-02	United Kingdom	genome	unknown	B.1.1.7	Alpha
911	hCoV-19/England/NORW-F7558/2020	2020-12-02	United Kingdom	genome	unknown	B.1.1.7	Alpha
912	hCoV-19/England/MILK-BFF977/2020	2020-12-02	United Kingdom	genome	unknown	B.1.1.7	Alpha
913	hCoV-19/England/NORW-F97AB/2020	2020-12-02	United Kingdom	genome	unknown	B.1.1.7	Alpha
914	hCoV-19/England/204990010/2020	2020-12-03	United Kingdom	genome	Male	B.1.1.7	Alpha
915	hCoV-19/Wales/ALDP-C04E60/2020	2020-12-03	United Kingdom	genome	unknown	B.1.1.7	Alpha
916	hCoV-19/England/NORW-F6CFA/2020	2020-12-03	United Kingdom	genome	unknown	B.1.1.7	Alpha
917	hCoV-19/England/TFCI-270C31D/2020	2020-12-03	United Kingdom	genome	unknown	B.1.1.7	Alpha
918	hCoV-19/Scotland/CVR6186/2020	2020-12-03	United Kingdom	genome	unknown	B.1.1.7	Alpha
919	hCoV-19/England/TFCI-26FEE87/2020	2020-12-03	United Kingdom	genome	unknown	B.1.1.7	Alpha
920	hCoV-19/England/MILK-BFCDBA/2020	2020-12-03	United Kingdom	genome	unknown	B.1.1.7	Alpha
921	hCoV-19/England/MILK-BFCF1E/2020	2020-12-03	United Kingdom	genome	unknown	B.1.1.7	Alpha
922	hCoV-19/England/MILK-BFCDE7/2020	2020-12-03	United Kingdom	genome	unknown	B.1.1.7	Alpha
923	hCoV-19/England/CAMB-1BD55D/2020	2020-12-03	United Kingdom	genome	unknown	B.1.1.7	Alpha
924	hCoV-19/England/QEUH-C011F1/2020	2020-12-03	United Kingdom	genome	unknown	B.1.1.7	Alpha
925	hCoV-19/England/MILK-BFD5A2/2020	2020-12-03	United Kingdom	genome	unknown	B.1.1.7	Alpha
926	hCoV-19/England/MILK-BFCD8D/2020	2020-12-03	United Kingdom	genome	unknown	B.1.1.7	Alpha
927	hCoV-19/England/MILK-BFCE4E/2020	2020-12-03	United Kingdom	genome	unknown	B.1.1.7	Alpha
928	hCoV-19/England/MILK-BFCE5D/2020	2020-12-03	United Kingdom	genome	unknown	B.1.1.7	Alpha
929	hCoV-19/England/ALDP-C067AF/2020	2020-12-04	United Kingdom	genome	unknown	B.1.1.7	Alpha
930	hCoV-19/England/CAMC-BFB9F3/2020	2020-12-04	United Kingdom	genome	unknown	B.1.1.7	Alpha
931	hCoV-19/England/ALDP-C04A3F/2020	2020-12-04	United Kingdom	genome	unknown	B.1.1.7	Alpha
932	hCoV-19/England/CAMC-BFBD24/2020	2020-12-04	United Kingdom	genome	unknown	B.1.1.7	Alpha
933	hCoV-19/England/CAMC-BFB049/2020	2020-12-04	United Kingdom	genome	unknown	B.1.1.7	Alpha
934	hCoV-19/England/CAMC-BFB191/2020	2020-12-04	United Kingdom	genome	unknown	B.1.1.7	Alpha
935	hCoV-19/England/CAMC-BFB243/2020	2020-12-04	United Kingdom	genome	unknown	B.1.1.7	Alpha
936	hCoV-19/England/CAMC-BFBC81/2020	2020-12-04	United Kingdom	genome	unknown	B.1.1.7	Alpha
937	hCoV-19/England/QEUH-BF0AEC/2020	2020-12-04	United Kingdom	genome	unknown	B.1.1.7	Alpha
938	hCoV-19/England/204990292/2020	2020-12-04	United Kingdom	genome	Male	B.1.1.7	Alpha
939	hCoV-19/England/TFCI-26FF75E/2020	2020-12-04	United Kingdom	genome	unknown	B.1.1.7	Alpha
940	hCoV-19/England/CAMC-BFBAE1/2020	2020-12-04	United Kingdom	genome	unknown	B.1.1.7	Alpha
941	hCoV-19/England/204990287/2020	2020-12-04	United Kingdom	genome	Female	B.1.1.7	Alpha
942	hCoV-19/England/204990295/2020	2020-12-04	United Kingdom	genome	Male	B.1.1.7	Alpha
943	hCoV-19/England/CAMC-BFB7EA/2020	2020-12-04	United Kingdom	genome	unknown	B.1.1.7	Alpha
944	hCoV-19/England/204990301/2020	2020-12-04	United Kingdom	genome	Male	B.1.1.7	Alpha
945	hCoV-19/England/204991139/2020	2020-12-04	United Kingdom	genome	Female	B.1.1.7	Alpha
946	hCoV-19/England/204990297/2020	2020-12-04	United Kingdom	genome	Male	B.1.1.7	Alpha
947	hCoV-19/England/CAMC-BFBBDF/2020	2020-12-04	United Kingdom	genome	unknown	B.1.1.7	Alpha
948	hCoV-19/England/CAMC-BFC00C/2020	2020-12-04	United Kingdom	genome	unknown	B.1.1.7	Alpha
949	hCoV-19/England/QEUH-C1693D/2020	2020-12-04	United Kingdom	genome	unknown	B.1.1.7	Alpha
950	hCoV-19/England/TFCI-26FEF75/2020	2020-12-04	United Kingdom	genome	unknown	B.1.1.7	Alpha
951	hCoV-19/England/CAMC-BFB270/2020	2020-12-04	United Kingdom	genome	unknown	B.1.1.7	Alpha
952	hCoV-19/England/CAMC-BFB98A/2020	2020-12-04	United Kingdom	genome	unknown	B.1.1.7	Alpha
953	hCoV-19/England/CAMC-BFB3D7/2020	2020-12-04	United Kingdom	genome	unknown	B.1.1.7	Alpha
954	hCoV-19/England/ALDP-C04F30/2020	2020-12-04	United Kingdom	genome	unknown	B.1.1.7	Alpha
955	hCoV-19/England/CAMC-BFB1CE/2020	2020-12-04	United Kingdom	genome	unknown	B.1.1.7	Alpha
956	hCoV-19/England/CAMC-BFB261/2020	2020-12-04	United Kingdom	genome	unknown	B.1.1.7	Alpha
957	hCoV-19/England/TFCI-26FEED2/2020	2020-12-04	United Kingdom	genome	unknown	B.1.1.7	Alpha
958	hCoV-19/England/204990007/2020	2020-12-04	United Kingdom	genome	Female	B.1.1.7	Alpha
959	hCoV-19/England/CAMC-BFBBA2/2020	2020-12-04	United Kingdom	genome	unknown	B.1.1.7	Alpha
960	hCoV-19/England/ALDP-C068F7/2020	2020-12-04	United Kingdom	genome	unknown	B.1.1.7	Alpha
961	hCoV-19/England/CAMC-BFC039/2020	2020-12-04	United Kingdom	genome	unknown	B.1.1.7	Alpha
962	hCoV-19/England/CAMC-BFB058/2020	2020-12-04	United Kingdom	genome	unknown	B.1.1.7	Alpha
963	hCoV-19/England/204991112/2020	2020-12-04	United Kingdom	genome	Female	B.1.1.7	Alpha
964	hCoV-19/England/CAMC-BFB8BA/2020	2020-12-04	United Kingdom	genome	unknown	B.1.1.7	Alpha
965	hCoV-19/England/CAMC-BFB067/2020	2020-12-04	United Kingdom	genome	unknown	B.1.1.7	Alpha
966	hCoV-19/England/CAMC-BFB340/2020	2020-12-04	United Kingdom	genome	unknown	B.1.1.7	Alpha
967	hCoV-19/England/CAMC-BFB823/2020	2020-12-04	United Kingdom	genome	unknown	B.1.1.7	Alpha
968	hCoV-19/England/CAMC-BFBA4B/2020	2020-12-04	United Kingdom	genome	unknown	B.1.1.7	Alpha
969	hCoV-19/England/CAMC-BFB5C2/2020	2020-12-04	United Kingdom	genome	unknown	B.1.1.7	Alpha
970	hCoV-19/England/CAMC-BFBC09/2020	2020-12-04	United Kingdom	genome	unknown	B.1.1.7	Alpha
971	hCoV-19/England/CAMC-BFB401/2020	2020-12-04	United Kingdom	genome	unknown	B.1.1.7	Alpha
972	hCoV-19/England/CAMC-BFB35F/2020	2020-12-04	United Kingdom	genome	unknown	B.1.1.7	Alpha
973	hCoV-19/England/CAMC-BFC01B/2020	2020-12-04	United Kingdom	genome	unknown	B.1.1.7	Alpha
974	hCoV-19/England/ALDP-C04BC3/2020	2020-12-04	United Kingdom	genome	unknown	B.1.1.7	Alpha
975	hCoV-19/England/CAMC-BFB0B2/2020	2020-12-04	United Kingdom	genome	unknown	B.1.1.7	Alpha
976	hCoV-19/England/205021227/2020	2020-12-04	United Kingdom	genome	Male	B.1.1.7	Alpha
977	hCoV-19/England/LOND-12881BD/2020	2020-12-04	United Kingdom	genome	unknown	B.1.1.7	Alpha
978	hCoV-19/England/QEUH-C01382/2020	2020-12-04	United Kingdom	genome	unknown	B.1.1.7	Alpha
979	hCoV-19/England/CAMC-BFBDCA/2020	2020-12-04	United Kingdom	genome	unknown	B.1.1.7	Alpha
980	hCoV-19/England/ALDP-C04F21/2020	2020-12-04	United Kingdom	genome	unknown	B.1.1.7	Alpha
981	hCoV-19/England/OXON-F404BE/2020	2020-12-04	United Kingdom	genome	unknown	B.1.1.7	Alpha
982	hCoV-19/England/CAMC-BFBCCD/2020	2020-12-04	United Kingdom	genome	unknown	B.1.1.7	Alpha
983	hCoV-19/England/CAMC-BFB234/2020	2020-12-04	United Kingdom	genome	unknown	B.1.1.7	Alpha
984	hCoV-19/England/CAMC-BFBEE5/2020	2020-12-04	United Kingdom	genome	unknown	B.1.1.7	Alpha
985	hCoV-19/England/TFCI-26FEEA5/2020	2020-12-04	United Kingdom	genome	unknown	B.1.1.7	Alpha
986	hCoV-19/England/CAMC-BFBBFD/2020	2020-12-04	United Kingdom	genome	unknown	B.1.1.7	Alpha
987	hCoV-19/England/CAMC-BFB86F/2020	2020-12-04	United Kingdom	genome	unknown	B.1.1.7	Alpha
988	hCoV-19/England/CAMC-BFB841/2020	2020-12-04	United Kingdom	genome	unknown	B.1.1.7	Alpha
989	hCoV-19/England/CAMC-BFBA69/2020	2020-12-04	United Kingdom	genome	unknown	B.1.1.7	Alpha
990	hCoV-19/England/204990265/2020	2020-12-04	United Kingdom	genome	Male	B.1.1.7	Alpha
991	hCoV-19/England/204990128/2020	2020-12-04	United Kingdom	genome	Female	B.1.1.7	Alpha
992	hCoV-19/England/CAMC-BFB1BF/2020	2020-12-04	United Kingdom	genome	unknown	B.1.1.7	Alpha
993	hCoV-19/England/CAMC-BFB586/2020	2020-12-04	United Kingdom	genome	unknown	B.1.1.7	Alpha
994	hCoV-19/England/ALDP-BE90E4/2020	2020-12-04	United Kingdom	genome	unknown	B.1.1.7	Alpha
995	hCoV-19/England/CAMC-BFBE5E/2020	2020-12-04	United Kingdom	genome	unknown	B.1.1.7	Alpha
996	hCoV-19/England/CAMC-BFB216/2020	2020-12-04	United Kingdom	genome	unknown	B.1.1.7	Alpha
997	hCoV-19/England/CAMC-BFB93F/2020	2020-12-04	United Kingdom	genome	unknown	B.1.1.7	Alpha
998	hCoV-19/England/QEUH-BF0A91/2020	2020-12-05	United Kingdom	genome	unknown	B.1.1.7	Alpha
999	hCoV-19/England/TFCI-26FEF57/2020	2020-12-05	United Kingdom	genome	unknown	B.1.1.7	Alpha
1000	hCoV-19/England/CAMC-BFB6A1/2020	2020-12-05	United Kingdom	genome	unknown	B.1.1.7	Alpha
1001	hCoV-19/England/QEUH-C14E5E/2020	2020-12-05	United Kingdom	genome	unknown	B.1.1.7	Alpha
1002	hCoV-19/England/ALDP-C063BA/2020	2020-12-05	United Kingdom	genome	unknown	B.1.1.7	Alpha
1003	hCoV-19/England/ALDP-C0688E/2020	2020-12-05	United Kingdom	genome	unknown	B.1.1.7	Alpha
1004	hCoV-19/England/ALDP-C06666/2020	2020-12-05	United Kingdom	genome	unknown	B.1.1.7	Alpha
1005	hCoV-19/England/ALDP-C0698B/2020	2020-12-05	United Kingdom	genome	unknown	B.1.1.7	Alpha
1006	hCoV-19/England/ALDP-C06639/2020	2020-12-05	United Kingdom	genome	unknown	B.1.1.7	Alpha
1007	hCoV-19/England/ALDP-C065C3/2020	2020-12-05	United Kingdom	genome	unknown	B.1.1.7	Alpha
1008	hCoV-19/England/204990305/2020	2020-12-05	United Kingdom	genome	Female	B.1.1.7	Alpha
1009	hCoV-19/England/204991136/2020	2020-12-05	United Kingdom	genome	Male	B.1.1.7	Alpha
1010	hCoV-19/England/LOND-1288153/2020	2020-12-05	United Kingdom	genome	unknown	B.1.1.7	Alpha
1011	hCoV-19/England/CAMC-BF47A5/2020	2020-12-05	United Kingdom	genome	unknown	B.1.1.7	Alpha
1012	hCoV-19/England/NORW-EFBF7/2020	2020-12-05	United Kingdom	genome	unknown	B.1.1.7	Alpha
1013	hCoV-19/England/LOND-1287F96/2020	2020-12-05	United Kingdom	genome	unknown	B.1.1.7	Alpha
1014	hCoV-19/England/CAMC-BFBF1F/2020	2020-12-05	United Kingdom	genome	unknown	B.1.1.7	Alpha
1015	hCoV-19/England/CAMC-BF473C/2020	2020-12-05	United Kingdom	genome	unknown	B.1.1.7	Alpha
1016	hCoV-19/England/LOND-12880FC/2020	2020-12-05	United Kingdom	genome	unknown	B.1.1.7	Alpha
1017	hCoV-19/England/NORW-F3AE4/2020	2020-12-05	United Kingdom	genome	unknown	B.1.1.7	Alpha
1018	hCoV-19/England/CAMC-BF4796/2020	2020-12-05	United Kingdom	genome	unknown	B.1.1.7	Alpha
1019	hCoV-19/England/CAMC-BF47B4/2020	2020-12-05	United Kingdom	genome	unknown	B.1.1.7	Alpha
1020	hCoV-19/England/ALDP-C06314/2020	2020-12-05	United Kingdom	genome	unknown	B.1.1.7	Alpha
1021	hCoV-19/Scotland/QEUH-C01B8A/2020	2020-12-05	United Kingdom	genome	unknown	B.1.1.7	Alpha
1022	hCoV-19/Scotland/QEUH-C01452/2020	2020-12-05	United Kingdom	genome	unknown	B.1.1.7	Alpha
1023	hCoV-19/Wales/ALDP-C39A22/2020	2020-12-05	United Kingdom	genome	unknown	B.1.1.7	Alpha
1024	hCoV-19/England/204990503/2020	2020-12-05	United Kingdom	genome	Female	B.1.1.7	Alpha
1025	hCoV-19/England/204991115/2020	2020-12-05	United Kingdom	genome	Female	B.1.1.7	Alpha
1026	hCoV-19/England/TFCI-26FAC81/2020	2020-12-05	United Kingdom	genome	unknown	B.1.1.7	Alpha
1027	hCoV-19/England/ALDP-C06860/2020	2020-12-05	United Kingdom	genome	unknown	B.1.1.7	Alpha
1028	hCoV-19/England/TFCI-26FEF39/2020	2020-12-05	United Kingdom	genome	unknown	B.1.1.7	Alpha
1029	hCoV-19/England/ALDP-C066EE/2020	2020-12-05	United Kingdom	genome	unknown	B.1.1.7	Alpha
1030	hCoV-19/England/ALDP-C06727/2020	2020-12-05	United Kingdom	genome	unknown	B.1.1.7	Alpha
1031	hCoV-19/England/ALDP-C06323/2020	2020-12-05	United Kingdom	genome	unknown	B.1.1.7	Alpha
1032	hCoV-19/England/ALDP-C0689D/2020	2020-12-05	United Kingdom	genome	unknown	B.1.1.7	Alpha
1033	hCoV-19/England/QEUH-C15A0E/2020	2020-12-05	United Kingdom	genome	unknown	B.1.1.7	Alpha
1034	hCoV-19/England/ALDP-C066B1/2020	2020-12-05	United Kingdom	genome	unknown	B.1.1.7	Alpha
1035	hCoV-19/Scotland/QEUH-C01294/2020	2020-12-05	United Kingdom	genome	unknown	B.1.1.7	Alpha
1036	hCoV-19/England/ALDP-C0636F/2020	2020-12-05	United Kingdom	genome	unknown	B.1.1.7	Alpha
1037	hCoV-19/England/ALDP-C06280/2020	2020-12-05	United Kingdom	genome	unknown	B.1.1.7	Alpha
1038	hCoV-19/England/CAMC-C1E698/2020	2020-12-06	United Kingdom	genome	unknown	B.1.1.7	Alpha
1039	hCoV-19/England/MILK-C22DF6/2020	2020-12-06	United Kingdom	genome	unknown	B.1.1.7	Alpha
1040	hCoV-19/England/ALDP-C25D6C/2020	2020-12-06	United Kingdom	genome	unknown	B.1.1.7	Alpha
1041	hCoV-19/England/ALDP-C26071/2020	2020-12-06	United Kingdom	genome	unknown	B.1.1.7	Alpha
1042	hCoV-19/England/ALDP-C0604A/2020	2020-12-06	United Kingdom	genome	unknown	B.1.1.7	Alpha
1043	hCoV-19/England/BHRT-24B7C46/2020	2020-12-06	United Kingdom	genome	unknown	B.1.1.7	Alpha
1044	hCoV-19/England/QEUH-C14568/2020	2020-12-06	United Kingdom	genome	unknown	B.1.1.7	Alpha
1045	hCoV-19/England/QEUH-C14A2D/2020	2020-12-06	United Kingdom	genome	unknown	B.1.1.7	Alpha
1046	hCoV-19/England/MILK-C22D9C/2020	2020-12-06	United Kingdom	genome	unknown	B.1.1.7	Alpha
1047	hCoV-19/England/MILK-C22CEA/2020	2020-12-06	United Kingdom	genome	unknown	B.1.1.7	Alpha
1048	hCoV-19/England/MILK-C22E11/2020	2020-12-06	United Kingdom	genome	unknown	B.1.1.7	Alpha
1049	hCoV-19/England/CAMC-C1F424/2020	2020-12-06	United Kingdom	genome	unknown	B.1.1.7	Alpha
1050	hCoV-19/England/CAMC-C1F406/2020	2020-12-06	United Kingdom	genome	unknown	B.1.1.7	Alpha
1051	hCoV-19/England/CAMC-C1F442/2020	2020-12-06	United Kingdom	genome	unknown	B.1.1.7	Alpha
1052	hCoV-19/England/MILK-C22C44/2020	2020-12-06	United Kingdom	genome	unknown	B.1.1.7	Alpha
1053	hCoV-19/England/MILK-C22C9F/2020	2020-12-06	United Kingdom	genome	unknown	B.1.1.7	Alpha
1054	hCoV-19/England/LOND-128D2F1/2020	2020-12-06	United Kingdom	genome	unknown	B.1.1.7	Alpha
1055	hCoV-19/England/ALDP-C25DC6/2020	2020-12-06	United Kingdom	genome	unknown	B.1.1.7	Alpha
1056	hCoV-19/England/ALDP-C260F9/2020	2020-12-06	United Kingdom	genome	unknown	B.1.1.7	Alpha
1057	hCoV-19/England/ALDP-C25D99/2020	2020-12-06	United Kingdom	genome	unknown	B.1.1.7	Alpha
1058	hCoV-19/England/ALDP-C26105/2020	2020-12-06	United Kingdom	genome	unknown	B.1.1.7	Alpha
1059	hCoV-19/England/TFCI-270ABCC/2020	2020-12-06	United Kingdom	genome	unknown	B.1.1.7	Alpha
1060	hCoV-19/England/ALDP-C23C43/2020	2020-12-06	United Kingdom	genome	unknown	B.1.1.7	Alpha
1061	hCoV-19/Scotland/CVR6124/2020	2020-12-06	United Kingdom	genome	unknown	B.1.1.7	Alpha
1062	hCoV-19/England/ALDP-C06D61/2020	2020-12-06	United Kingdom	genome	unknown	B.1.1.7	Alpha
1063	hCoV-19/England/ALDP-C25F66/2020	2020-12-06	United Kingdom	genome	unknown	B.1.1.7	Alpha
1064	hCoV-19/England/ALDP-C25ED2/2020	2020-12-06	United Kingdom	genome	unknown	B.1.1.7	Alpha
1065	hCoV-19/England/ALDP-C25EB4/2020	2020-12-06	United Kingdom	genome	unknown	B.1.1.7	Alpha
1066	hCoV-19/England/NORW-220E86/2020	2020-12-06	United Kingdom	genome	unknown	B.1.1.7	Alpha
1067	hCoV-19/England/NORW-220D3E/2020	2020-12-06	United Kingdom	genome	unknown	B.1.1.7	Alpha
1068	hCoV-19/England/OXON-F87819/2020	2020-12-07	United Kingdom	genome	unknown	B.1.1.7	Alpha
1069	hCoV-19/England/CAMC-C27140/2020	2020-12-07	United Kingdom	genome	unknown	B.1.1.7	Alpha
1070	hCoV-19/England/CAMC-C270BC/2020	2020-12-07	United Kingdom	genome	unknown	B.1.1.7	Alpha
1071	hCoV-19/England/LOND-1288117/2020	2020-12-07	United Kingdom	genome	unknown	B.1.1.7	Alpha
1072	hCoV-19/England/MILK-C2FE6F/2020	2020-12-07	United Kingdom	genome	unknown	B.1.1.7	Alpha
1073	hCoV-19/England/CAMC-C26B61/2020	2020-12-07	United Kingdom	genome	unknown	B.1.1.7	Alpha
1074	hCoV-19/England/MILK-C3052A/2020	2020-12-07	United Kingdom	genome	unknown	B.1.1.7	Alpha
1075	hCoV-19/England/CAMC-C26712/2020	2020-12-07	United Kingdom	genome	unknown	B.1.1.7	Alpha
1076	hCoV-19/England/MILK-C2F351/2020	2020-12-07	United Kingdom	genome	unknown	B.1.1.7	Alpha
1077	hCoV-19/England/CAMC-C266F7/2020	2020-12-07	United Kingdom	genome	unknown	B.1.1.7	Alpha
1078	hCoV-19/England/CAMC-C26572/2020	2020-12-07	United Kingdom	genome	unknown	B.1.1.7	Alpha
1079	hCoV-19/England/MILK-C301AE/2020	2020-12-07	United Kingdom	genome	unknown	B.1.1.7	Alpha
1080	hCoV-19/England/MILK-C2F7BF/2020	2020-12-07	United Kingdom	genome	unknown	B.1.1.7	Alpha
1081	hCoV-19/England/CAMC-C26FFC/2020	2020-12-07	United Kingdom	genome	unknown	B.1.1.7	Alpha
1082	hCoV-19/England/CAMC-C26C04/2020	2020-12-07	United Kingdom	genome	unknown	B.1.1.7	Alpha
1083	hCoV-19/England/MILK-C52470/2020	2020-12-07	United Kingdom	genome	unknown	B.1.1.7	Alpha
1084	hCoV-19/England/MILK-C2FAE3/2020	2020-12-07	United Kingdom	genome	unknown	B.1.1.7	Alpha
1085	hCoV-19/England/CAMC-C2CB6B/2020	2020-12-07	United Kingdom	genome	unknown	B.1.1.7	Alpha
1086	hCoV-19/Wales/PHWC-49C06F/2020	2020-12-07	United Kingdom	genome	unknown	B.1.1.7	Alpha
1087	hCoV-19/England/CAMC-C264C0/2020	2020-12-07	United Kingdom	genome	unknown	B.1.1.7	Alpha
1088	hCoV-19/England/OXON-FA19E9/2020	2020-12-07	United Kingdom	genome	unknown	B.1.1.7	Alpha
1089	hCoV-19/England/MILK-C30135/2020	2020-12-07	United Kingdom	genome	unknown	B.1.1.7	Alpha
1090	hCoV-19/England/MILK-C2FC83/2020	2020-12-07	United Kingdom	genome	unknown	B.1.1.7	Alpha
1091	hCoV-19/England/CAMC-C1BAAE/2020	2020-12-07	United Kingdom	genome	unknown	B.1.1.7	Alpha
1092	hCoV-19/England/CAMC-C1B83B/2020	2020-12-07	United Kingdom	genome	unknown	B.1.1.7	Alpha
1093	hCoV-19/England/CAMC-C1B7E3/2020	2020-12-07	United Kingdom	genome	unknown	B.1.1.7	Alpha
1094	hCoV-19/England/CAMC-C1BABD/2020	2020-12-07	United Kingdom	genome	unknown	B.1.1.7	Alpha
1095	hCoV-19/England/OXON-F8B1DE/2020	2020-12-07	United Kingdom	genome	unknown	B.1.1.7	Alpha
1096	hCoV-19/Scotland/EDB11165/2020	2020-12-07	United Kingdom	genome	unknown	B.1.1.7	Alpha
1097	hCoV-19/England/NORW-FA1AC/2020	2020-12-07	United Kingdom	genome	unknown	B.1.1.7	Alpha
1098	hCoV-19/England/CAMC-C1B877/2020	2020-12-07	United Kingdom	genome	unknown	B.1.1.7	Alpha
1099	hCoV-19/England/CAMC-C1C375/2020	2020-12-07	United Kingdom	genome	unknown	B.1.1.7	Alpha
1100	hCoV-19/England/CAMC-C1BA44/2020	2020-12-07	United Kingdom	genome	unknown	B.1.1.7	Alpha
1101	hCoV-19/England/NORW-F9E2E/2020	2020-12-07	United Kingdom	genome	unknown	B.1.1.7	Alpha
1102	hCoV-19/England/ALDP-C3B12B/2020	2020-12-08	United Kingdom	genome	unknown	B.1.1.7	Alpha
1103	hCoV-19/England/ALDP-C3B13A/2020	2020-12-08	United Kingdom	genome	unknown	B.1.1.7	Alpha
1104	hCoV-19/England/CAMC-C2679A/2020	2020-12-08	United Kingdom	genome	unknown	B.1.1.7	Alpha
1105	hCoV-19/England/LOND-12525B0/2020	2020-12-08	United Kingdom	genome	unknown	B.1.1.7	Alpha
1106	hCoV-19/England/ALDP-C393DC/2020	2020-12-08	United Kingdom	genome	unknown	B.1.1.7	Alpha
1107	hCoV-19/England/CAMC-C26387/2020	2020-12-08	United Kingdom	genome	unknown	B.1.1.7	Alpha
1108	hCoV-19/Wales/PHWC-49F61F/2020	2020-12-08	United Kingdom	genome	unknown	B.1.1.7	Alpha
1109	hCoV-19/England/ALDP-C3A0D4/2020	2020-12-08	United Kingdom	genome	unknown	B.1.1.7	Alpha
1110	hCoV-19/England/ALDP-C39F41/2020	2020-12-08	United Kingdom	genome	unknown	B.1.1.7	Alpha
1111	hCoV-19/England/CAMC-C26888/2020	2020-12-08	United Kingdom	genome	unknown	B.1.1.7	Alpha
1112	hCoV-19/England/ALDP-C3AC76/2020	2020-12-08	United Kingdom	genome	unknown	B.1.1.7	Alpha
1113	hCoV-19/England/TFCI-26FAC36/2020	2020-12-08	United Kingdom	genome	unknown	B.1.1.7	Alpha
1114	hCoV-19/England/LOND-128D31C/2020	2020-12-08	United Kingdom	genome	unknown	B.1.1.7	Alpha
1115	hCoV-19/England/MILK-C52443/2020	2020-12-08	United Kingdom	genome	unknown	B.1.1.7	Alpha
1116	hCoV-19/England/OXON-F8A1DF/2020	2020-12-08	United Kingdom	genome	unknown	B.1.1.7	Alpha
1117	hCoV-19/England/OXON-F4057F/2020	2020-12-08	United Kingdom	genome	unknown	B.1.1.7	Alpha
1118	hCoV-19/England/TFCI-26FF6D9/2020	2020-12-08	United Kingdom	genome	unknown	B.1.1.7	Alpha
1119	hCoV-19/England/MILK-C50339/2020	2020-12-08	United Kingdom	genome	unknown	B.1.1.7	Alpha
1120	hCoV-19/England/OXON-F8A2CD/2020	2020-12-09	United Kingdom	genome	unknown	B.1.1.7	Alpha
1121	hCoV-19/England/QEUH-C32397/2020	2020-12-09	United Kingdom	genome	unknown	B.1.1.7	Alpha
1122	hCoV-19/England/ALDP-C39679/2020	2020-12-09	United Kingdom	genome	unknown	B.1.1.7	Alpha
1123	hCoV-19/England/ALDP-C3B53E/2020	2020-12-09	United Kingdom	genome	unknown	B.1.1.7	Alpha
1124	hCoV-19/England/ALDP-C396A6/2020	2020-12-09	United Kingdom	genome	unknown	B.1.1.7	Alpha
1125	hCoV-19/England/ALDP-C3B1D0/2020	2020-12-09	United Kingdom	genome	unknown	B.1.1.7	Alpha
1126	hCoV-19/England/ALDP-C3A3AE/2020	2020-12-09	United Kingdom	genome	unknown	B.1.1.7	Alpha
1127	hCoV-19/England/ALDP-C39AE6/2020	2020-12-09	United Kingdom	genome	unknown	B.1.1.7	Alpha
1128	hCoV-19/England/ALDP-C39837/2020	2020-12-09	United Kingdom	genome	unknown	B.1.1.7	Alpha
1129	hCoV-19/England/205080626/2020	2020-12-09	United Kingdom	genome	Male	B.1.1.7	Alpha
1130	hCoV-19/England/205041873/2020	2020-12-09	United Kingdom	genome	Male	B.1.1.7	Alpha
1131	hCoV-19/England/TFCI-26FB02A/2020	2020-12-09	United Kingdom	genome	unknown	B.1.1.7	Alpha
1132	hCoV-19/England/ALDP-C3ABA6/2020	2020-12-09	United Kingdom	genome	unknown	B.1.1.7	Alpha
1133	hCoV-19/England/QEUH-C34C4F/2020	2020-12-09	United Kingdom	genome	unknown	B.1.1.7	Alpha
1134	hCoV-19/England/ALDP-C396C4/2020	2020-12-09	United Kingdom	genome	unknown	B.1.1.7	Alpha
1135	hCoV-19/England/ALDP-C397B2/2020	2020-12-09	United Kingdom	genome	unknown	B.1.1.7	Alpha
1136	hCoV-19/England/ALDP-C39521/2020	2020-12-09	United Kingdom	genome	unknown	B.1.1.7	Alpha
1137	hCoV-19/England/ALDP-C3A845/2020	2020-12-09	United Kingdom	genome	unknown	B.1.1.7	Alpha
1138	hCoV-19/England/ALDP-C391B4/2020	2020-12-09	United Kingdom	genome	unknown	B.1.1.7	Alpha
1139	hCoV-19/England/OXON-FA7DC9/2020	2020-12-09	United Kingdom	genome	unknown	B.1.1.7	Alpha
1140	hCoV-19/Wales/PHWC-49F8FB/2020	2020-12-09	United Kingdom	genome	unknown	B.1.1.7	Alpha
1141	hCoV-19/England/ALDP-C3DA5B/2020	2020-12-10	United Kingdom	genome	unknown	B.1.1.7	Alpha
1142	hCoV-19/England/ALDP-C3BEAC/2020	2020-12-10	United Kingdom	genome	unknown	B.1.1.7	Alpha
1143	hCoV-19/England/ALDP-C3BE9D/2020	2020-12-10	United Kingdom	genome	unknown	B.1.1.7	Alpha
1144	hCoV-19/England/QEUH-C31644/2020	2020-12-10	United Kingdom	genome	unknown	B.1.1.7	Alpha
1145	hCoV-19/England/OXON-F406D6/2020	2020-12-10	United Kingdom	genome	unknown	B.1.1.7	Alpha
1146	hCoV-19/Wales/PHWC-49D356/2020	2020-12-10	United Kingdom	genome	unknown	B.1.1.7	Alpha
1147	hCoV-19/England/LOND-1266F06/2020	2020-12-10	United Kingdom	genome	unknown	B.1.1.7	Alpha
1148	hCoV-19/England/LOND-128D4A0/2020	2020-12-10	United Kingdom	genome	unknown	B.1.1.7	Alpha
1149	hCoV-19/England/ALDP-C3C315/2020	2020-12-10	United Kingdom	genome	unknown	B.1.1.7	Alpha
1150	hCoV-19/England/OXON-F408EF/2020	2020-12-10	United Kingdom	genome	unknown	B.1.1.7	Alpha
1151	hCoV-19/England/LOND-1266D48/2020	2020-12-10	United Kingdom	genome	unknown	B.1.1.7	Alpha
1152	hCoV-19/England/205121096/2020	2020-12-10	United Kingdom	genome	Male	B.1.1.7	Alpha
1153	hCoV-19/England/QEUH-C3286B/2020	2020-12-10	United Kingdom	genome	unknown	B.1.1.7	Alpha
1154	hCoV-19/England/NORW-FA018/2020	2020-12-10	United Kingdom	genome	unknown	B.1.1.7	Alpha
1155	hCoV-19/England/CAMC-C42A9F/2020	2020-12-10	United Kingdom	genome	unknown	B.1.1.7	Alpha
1156	hCoV-19/England/CAMC-C43A70/2020	2020-12-10	United Kingdom	genome	unknown	B.1.1.7	Alpha
1157	hCoV-19/England/CAMC-C46B89/2020	2020-12-10	United Kingdom	genome	unknown	B.1.1.7	Alpha
1158	hCoV-19/England/CAMC-C43BF5/2020	2020-12-10	United Kingdom	genome	unknown	B.1.1.7	Alpha
1159	hCoV-19/England/CAMC-C47775/2020	2020-12-10	United Kingdom	genome	unknown	B.1.1.7	Alpha
1160	hCoV-19/England/CAMC-C3E629/2020	2020-12-10	United Kingdom	genome	unknown	B.1.1.7	Alpha
1161	hCoV-19/England/CAMC-C40C04/2020	2020-12-10	United Kingdom	genome	unknown	B.1.1.7	Alpha
1162	hCoV-19/England/CAMC-C471B3/2020	2020-12-10	United Kingdom	genome	unknown	B.1.1.7	Alpha
1163	hCoV-19/England/CAMC-C47863/2020	2020-12-10	United Kingdom	genome	unknown	B.1.1.7	Alpha
1164	hCoV-19/England/CAMC-C44022/2020	2020-12-10	United Kingdom	genome	unknown	B.1.1.7	Alpha
1165	hCoV-19/England/CAMC-C443A1/2020	2020-12-10	United Kingdom	genome	unknown	B.1.1.7	Alpha
1166	hCoV-19/England/CAMC-C45188/2020	2020-12-10	United Kingdom	genome	unknown	B.1.1.7	Alpha
1167	hCoV-19/England/CAMC-C44E19/2020	2020-12-10	United Kingdom	genome	unknown	B.1.1.7	Alpha
1168	hCoV-19/England/CAMC-C3FC17/2020	2020-12-10	United Kingdom	genome	unknown	B.1.1.7	Alpha
1169	hCoV-19/England/CAMC-C40EE0/2020	2020-12-10	United Kingdom	genome	unknown	B.1.1.7	Alpha
1170	hCoV-19/England/CAMC-C3EE21/2020	2020-12-10	United Kingdom	genome	unknown	B.1.1.7	Alpha
1171	hCoV-19/England/CAMC-C470A7/2020	2020-12-10	United Kingdom	genome	unknown	B.1.1.7	Alpha
1172	hCoV-19/England/CAMC-C3FCF9/2020	2020-12-10	United Kingdom	genome	unknown	B.1.1.7	Alpha
1173	hCoV-19/England/CAMC-C46B98/2020	2020-12-10	United Kingdom	genome	unknown	B.1.1.7	Alpha
1174	hCoV-19/England/TFCI-26FB85F/2020	2020-12-10	United Kingdom	genome	unknown	B.1.1.7	Alpha
1175	hCoV-19/England/CAMC-C425E9/2020	2020-12-10	United Kingdom	genome	unknown	B.1.1.7	Alpha
1176	hCoV-19/England/CAMC-C44268/2020	2020-12-10	United Kingdom	genome	unknown	B.1.1.7	Alpha
1177	hCoV-19/England/CAMC-C3FB83/2020	2020-12-10	United Kingdom	genome	unknown	B.1.1.7	Alpha
1178	hCoV-19/England/CAMC-C44893/2020	2020-12-10	United Kingdom	genome	unknown	B.1.1.7	Alpha
1179	hCoV-19/England/CAMC-C441C5/2020	2020-12-10	United Kingdom	genome	unknown	B.1.1.7	Alpha
1180	hCoV-19/England/CAMC-C44918/2020	2020-12-10	United Kingdom	genome	unknown	B.1.1.7	Alpha
1181	hCoV-19/England/CAMC-C4357F/2020	2020-12-10	United Kingdom	genome	unknown	B.1.1.7	Alpha
1182	hCoV-19/England/CAMC-C43F17/2020	2020-12-10	United Kingdom	genome	unknown	B.1.1.7	Alpha
1183	hCoV-19/England/CAMC-C3FCAE/2020	2020-12-10	United Kingdom	genome	unknown	B.1.1.7	Alpha
1184	hCoV-19/England/CAMC-C44031/2020	2020-12-10	United Kingdom	genome	unknown	B.1.1.7	Alpha
1185	hCoV-19/England/CAMC-C45610/2020	2020-12-10	United Kingdom	genome	unknown	B.1.1.7	Alpha
1186	hCoV-19/England/CAMC-C3F44C/2020	2020-12-10	United Kingdom	genome	unknown	B.1.1.7	Alpha
1187	hCoV-19/England/CAMC-C469E9/2020	2020-12-10	United Kingdom	genome	unknown	B.1.1.7	Alpha
1188	hCoV-19/England/CAMC-C455F5/2020	2020-12-10	United Kingdom	genome	unknown	B.1.1.7	Alpha
1189	hCoV-19/England/CAMC-C433A2/2020	2020-12-10	United Kingdom	genome	unknown	B.1.1.7	Alpha
1190	hCoV-19/England/CAMC-C45777/2020	2020-12-10	United Kingdom	genome	unknown	B.1.1.7	Alpha
1191	hCoV-19/England/CAMC-C457A4/2020	2020-12-10	United Kingdom	genome	unknown	B.1.1.7	Alpha
1192	hCoV-19/England/CAMC-C3FE6C/2020	2020-12-10	United Kingdom	genome	unknown	B.1.1.7	Alpha
1193	hCoV-19/England/CAMC-C4368B/2020	2020-12-10	United Kingdom	genome	unknown	B.1.1.7	Alpha
1194	hCoV-19/England/ALDP-C3CD44/2020	2020-12-10	United Kingdom	genome	unknown	B.1.1.7	Alpha
1195	hCoV-19/England/ALDP-C3C360/2020	2020-12-10	United Kingdom	genome	unknown	B.1.1.7	Alpha
1196	hCoV-19/England/ALDP-C3D8F7/2020	2020-12-10	United Kingdom	genome	unknown	B.1.1.7	Alpha
1197	hCoV-19/England/ALDP-C3C7CE/2020	2020-12-10	United Kingdom	genome	unknown	B.1.1.7	Alpha
1198	hCoV-19/England/CAMC-C44CA6/2020	2020-12-10	United Kingdom	genome	unknown	B.1.1.7	Alpha
1199	hCoV-19/England/CAMC-C472CF/2020	2020-12-10	United Kingdom	genome	unknown	B.1.1.7	Alpha
1200	hCoV-19/England/CAMC-C42B50/2020	2020-12-10	United Kingdom	genome	unknown	B.1.1.7	Alpha
1201	hCoV-19/England/ALDP-C3C236/2020	2020-12-10	United Kingdom	genome	unknown	B.1.1.7	Alpha
1202	hCoV-19/England/CAMC-C4714A/2020	2020-12-10	United Kingdom	genome	unknown	B.1.1.7	Alpha
1203	hCoV-19/England/CAMC-C47317/2020	2020-12-10	United Kingdom	genome	unknown	B.1.1.7	Alpha
1204	hCoV-19/England/CAMC-C45C0F/2020	2020-12-10	United Kingdom	genome	unknown	B.1.1.7	Alpha
1205	hCoV-19/England/ALDP-C3D5A5/2020	2020-12-10	United Kingdom	genome	unknown	B.1.1.7	Alpha
1206	hCoV-19/England/ALDP-C3C54C/2020	2020-12-10	United Kingdom	genome	unknown	B.1.1.7	Alpha
1207	hCoV-19/England/CAMC-C45355/2020	2020-12-10	United Kingdom	genome	unknown	B.1.1.7	Alpha
1208	hCoV-19/England/CAMC-C4407D/2020	2020-12-10	United Kingdom	genome	unknown	B.1.1.7	Alpha
1209	hCoV-19/Scotland/CAMC-C43FBD/2020	2020-12-10	United Kingdom	genome	unknown	B.1.1.7	Alpha
1210	hCoV-19/England/CAMC-C3FA0E/2020	2020-12-10	United Kingdom	genome	unknown	B.1.1.7	Alpha
1211	hCoV-19/England/CAMC-C3F9A7/2020	2020-12-10	United Kingdom	genome	unknown	B.1.1.7	Alpha
1212	hCoV-19/England/CAMC-C45BE4/2020	2020-12-10	United Kingdom	genome	unknown	B.1.1.7	Alpha
1213	hCoV-19/England/CAMC-C432F0/2020	2020-12-10	United Kingdom	genome	unknown	B.1.1.7	Alpha
1214	hCoV-19/England/CAMC-C43937/2020	2020-12-10	United Kingdom	genome	unknown	B.1.1.7	Alpha
1215	hCoV-19/England/CAMC-C45F33/2020	2020-12-10	United Kingdom	genome	unknown	B.1.1.7	Alpha
1216	hCoV-19/England/CAMC-C3FDAB/2020	2020-12-10	United Kingdom	genome	unknown	B.1.1.7	Alpha
1217	hCoV-19/England/CAMC-C3FB56/2020	2020-12-10	United Kingdom	genome	unknown	B.1.1.7	Alpha
1218	hCoV-19/England/CAMC-C422C4/2020	2020-12-10	United Kingdom	genome	unknown	B.1.1.7	Alpha
1219	hCoV-19/England/CAMC-C440E6/2020	2020-12-10	United Kingdom	genome	unknown	B.1.1.7	Alpha
1220	hCoV-19/England/CAMC-C4523A/2020	2020-12-10	United Kingdom	genome	unknown	B.1.1.7	Alpha
1221	hCoV-19/England/CAMC-C437D3/2020	2020-12-10	United Kingdom	genome	unknown	B.1.1.7	Alpha
1222	hCoV-19/England/CAMC-C4332A/2020	2020-12-10	United Kingdom	genome	unknown	B.1.1.7	Alpha
1223	hCoV-19/England/CAMC-C43621/2020	2020-12-10	United Kingdom	genome	unknown	B.1.1.7	Alpha
1224	hCoV-19/England/CAMC-C4383A/2020	2020-12-10	United Kingdom	genome	unknown	B.1.1.7	Alpha
1225	hCoV-19/England/CAMC-C4233A/2020	2020-12-10	United Kingdom	genome	unknown	B.1.1.7	Alpha
1226	hCoV-19/England/CAMC-C3E6A1/2020	2020-12-10	United Kingdom	genome	unknown	B.1.1.7	Alpha
1227	hCoV-19/England/CAMC-C46D1A/2020	2020-12-10	United Kingdom	genome	unknown	B.1.1.7	Alpha
1228	hCoV-19/England/CAMC-C46BF2/2020	2020-12-10	United Kingdom	genome	unknown	B.1.1.7	Alpha
1229	hCoV-19/England/CAMC-C4772A/2020	2020-12-10	United Kingdom	genome	unknown	B.1.1.7	Alpha
1230	hCoV-19/England/CAMC-C46794/2020	2020-12-10	United Kingdom	genome	unknown	B.1.1.7	Alpha
1231	hCoV-19/England/CAMC-C4673A/2020	2020-12-10	United Kingdom	genome	unknown	B.1.1.7	Alpha
1232	hCoV-19/England/CAMC-C471A4/2020	2020-12-10	United Kingdom	genome	unknown	B.1.1.7	Alpha
1233	hCoV-19/England/CAMC-C44C2E/2020	2020-12-10	United Kingdom	genome	unknown	B.1.1.7	Alpha
1234	hCoV-19/England/CAMC-C46943/2020	2020-12-10	United Kingdom	genome	unknown	B.1.1.7	Alpha
1235	hCoV-19/England/CAMC-C46BA7/2020	2020-12-10	United Kingdom	genome	unknown	B.1.1.7	Alpha
1236	hCoV-19/England/CAMC-C43339/2020	2020-12-10	United Kingdom	genome	unknown	B.1.1.7	Alpha
1237	hCoV-19/England/CAMC-C467A3/2020	2020-12-10	United Kingdom	genome	unknown	B.1.1.7	Alpha
1238	hCoV-19/England/CAMC-C45391/2020	2020-12-10	United Kingdom	genome	unknown	B.1.1.7	Alpha
1239	hCoV-19/England/CAMC-C4530A/2020	2020-12-10	United Kingdom	genome	unknown	B.1.1.7	Alpha
1240	hCoV-19/England/CAMC-C45A41/2020	2020-12-10	United Kingdom	genome	unknown	B.1.1.7	Alpha
1241	hCoV-19/England/CAMC-C476C3/2020	2020-12-10	United Kingdom	genome	unknown	B.1.1.7	Alpha
1242	hCoV-19/England/CAMC-C46882/2020	2020-12-10	United Kingdom	genome	unknown	B.1.1.7	Alpha
1243	hCoV-19/England/CAMC-C46D56/2020	2020-12-10	United Kingdom	genome	unknown	B.1.1.7	Alpha
1244	hCoV-19/England/CAMC-C443ED/2020	2020-12-10	United Kingdom	genome	unknown	B.1.1.7	Alpha
1245	hCoV-19/England/MILK-C50409/2020	2020-12-11	United Kingdom	genome	unknown	B.1.1.7	Alpha
1246	hCoV-19/Wales/MILK-C51532/2020	2020-12-11	United Kingdom	genome	unknown	B.1.1.7	Alpha
1247	hCoV-19/England/MILK-C507F1/2020	2020-12-11	United Kingdom	genome	unknown	B.1.1.7	Alpha
1248	hCoV-19/England/MILK-C50630/2020	2020-12-11	United Kingdom	genome	unknown	B.1.1.7	Alpha
1249	hCoV-19/England/MILK-C502E1/2020	2020-12-11	United Kingdom	genome	unknown	B.1.1.7	Alpha
1250	hCoV-19/England/MILK-C5174B/2020	2020-12-11	United Kingdom	genome	unknown	B.1.1.7	Alpha
1251	hCoV-19/England/MILK-C529AE/2020	2020-12-11	United Kingdom	genome	unknown	B.1.1.7	Alpha
1252	hCoV-19/England/MILK-C52962/2020	2020-12-11	United Kingdom	genome	unknown	B.1.1.7	Alpha
1253	hCoV-19/England/MILK-C5259B/2020	2020-12-11	United Kingdom	genome	unknown	B.1.1.7	Alpha
1254	hCoV-19/England/MILK-C50102/2020	2020-12-11	United Kingdom	genome	unknown	B.1.1.7	Alpha
1255	hCoV-19/England/MILK-C5181B/2020	2020-12-11	United Kingdom	genome	unknown	B.1.1.7	Alpha
1256	hCoV-19/England/MILK-C5262F/2020	2020-12-11	United Kingdom	genome	unknown	B.1.1.7	Alpha
1257	hCoV-19/England/MILK-C52531/2020	2020-12-11	United Kingdom	genome	unknown	B.1.1.7	Alpha
1258	hCoV-19/England/MILK-C51514/2020	2020-12-11	United Kingdom	genome	unknown	B.1.1.7	Alpha
1259	hCoV-19/England/MILK-C50287/2020	2020-12-11	United Kingdom	genome	unknown	B.1.1.7	Alpha
1260	hCoV-19/England/TFCI-26FB5B2/2020	2020-12-11	United Kingdom	genome	unknown	B.1.1.7	Alpha
1261	hCoV-19/England/MILK-C4FEB4/2020	2020-12-11	United Kingdom	genome	unknown	B.1.1.7	Alpha
1262	hCoV-19/England/TFCI-26FAFD3/2020	2020-12-11	United Kingdom	genome	unknown	B.1.1.7	Alpha
1263	hCoV-19/England/TFCI-26FAFB5/2020	2020-12-11	United Kingdom	genome	unknown	B.1.1.7	Alpha
1264	hCoV-19/England/TFCI-26FAF88/2020	2020-12-11	United Kingdom	genome	unknown	B.1.1.7	Alpha
1265	hCoV-19/England/MILK-C51462/2020	2020-12-11	United Kingdom	genome	unknown	B.1.1.7	Alpha
1266	hCoV-19/England/MILK-C5065E/2020	2020-12-11	United Kingdom	genome	unknown	B.1.1.7	Alpha
1267	hCoV-19/England/MILK-C5058E/2020	2020-12-11	United Kingdom	genome	unknown	B.1.1.7	Alpha
1268	hCoV-19/England/MILK-C50788/2020	2020-12-11	United Kingdom	genome	unknown	B.1.1.7	Alpha
1269	hCoV-19/England/ALDP-C48282/2020	2020-12-11	United Kingdom	genome	unknown	B.1.1.7	Alpha
1270	hCoV-19/England/CAMC-C46DFC/2020	2020-12-11	United Kingdom	genome	unknown	B.1.1.7	Alpha
1271	hCoV-19/England/ALDP-C48219/2020	2020-12-11	United Kingdom	genome	unknown	B.1.1.7	Alpha
1272	hCoV-19/England/ALDP-C47E25/2020	2020-12-11	United Kingdom	genome	unknown	B.1.1.7	Alpha
1273	hCoV-19/England/ALDP-C47DFB/2020	2020-12-11	United Kingdom	genome	unknown	B.1.1.7	Alpha
1274	hCoV-19/England/LOND-12F1155/2020	2020-12-11	United Kingdom	genome	unknown	B.1.1.7	Alpha
1275	hCoV-19/England/ALDP-C47E9E/2020	2020-12-11	United Kingdom	genome	unknown	B.1.1.7	Alpha
1276	hCoV-19/England/LOND-128D543/2020	2020-12-11	United Kingdom	genome	unknown	B.1.1.7	Alpha
1277	hCoV-19/England/LOND-128D4EC/2020	2020-12-11	United Kingdom	genome	unknown	B.1.1.7	Alpha
1278	hCoV-19/England/QEUH-C3324E/2020	2020-12-11	United Kingdom	genome	unknown	B.1.1.7	Alpha
1279	hCoV-19/England/QEUH-C3369D/2020	2020-12-11	United Kingdom	genome	unknown	B.1.1.7	Alpha
1280	hCoV-19/England/QEUH-C33D3E/2020	2020-12-11	United Kingdom	genome	unknown	B.1.1.7	Alpha
1281	hCoV-19/England/ALDP-C49B86/2020	2020-12-12	United Kingdom	genome	unknown	B.1.1.7	Alpha
1282	hCoV-19/England/TFCI-26FB7E9/2020	2020-12-12	United Kingdom	genome	unknown	B.1.1.7	Alpha
1283	hCoV-19/England/ALDP-C47F31/2020	2020-12-12	United Kingdom	genome	unknown	B.1.1.7	Alpha
1284	hCoV-19/England/TFCI-26FB7F8/2020	2020-12-12	United Kingdom	genome	unknown	B.1.1.7	Alpha
1285	hCoV-19/England/TFCI-26FB840/2020	2020-12-12	United Kingdom	genome	unknown	B.1.1.7	Alpha
1286	hCoV-19/England/MILK-C604AC/2020	2020-12-12	United Kingdom	genome	unknown	B.1.1.7	Alpha
1287	hCoV-19/England/LOND-12F1261/2020	2020-12-12	United Kingdom	genome	unknown	B.1.1.7	Alpha
1288	hCoV-19/England/MILK-C91C7D/2020	2020-12-12	United Kingdom	genome	unknown	B.1.1.7	Alpha
1289	hCoV-19/England/MILK-C538CE/2020	2020-12-12	United Kingdom	genome	unknown	B.1.1.7	Alpha
1290	hCoV-19/England/LOND-1253731/2020	2020-12-12	United Kingdom	genome	unknown	B.1.1.7	Alpha
1291	hCoV-19/England/LOND-125378C/2020	2020-12-12	United Kingdom	genome	unknown	B.1.1.7	Alpha
1292	hCoV-19/England/MILK-C53A7D/2020	2020-12-12	United Kingdom	genome	unknown	B.1.1.7	Alpha
1293	hCoV-19/England/ALDP-C4855C/2020	2020-12-12	United Kingdom	genome	unknown	B.1.1.7	Alpha
1294	hCoV-19/England/ALDP-C484B9/2020	2020-12-12	United Kingdom	genome	unknown	B.1.1.7	Alpha
1295	hCoV-19/England/ALDP-C486E0/2020	2020-12-12	United Kingdom	genome	unknown	B.1.1.7	Alpha
1296	hCoV-19/England/ALDP-C48A11/2020	2020-12-12	United Kingdom	genome	unknown	B.1.1.7	Alpha
1297	hCoV-19/England/MILK-C53785/2020	2020-12-12	United Kingdom	genome	unknown	B.1.1.7	Alpha
1298	hCoV-19/England/ALDP-C590FD/2020	2020-12-12	United Kingdom	genome	unknown	B.1.1.7	Alpha
1299	hCoV-19/England/TFCI-26FD134/2020	2020-12-12	United Kingdom	genome	unknown	B.1.1.7	Alpha
1300	hCoV-19/Wales/PHWC-4A3DC8/2020	2020-12-12	United Kingdom	genome	unknown	B.1.1.7	Alpha
1301	hCoV-19/England/MILK-C539E9/2020	2020-12-12	United Kingdom	genome	unknown	B.1.1.7	Alpha
1302	hCoV-19/England/MILK-C5370D/2020	2020-12-12	United Kingdom	genome	unknown	B.1.1.7	Alpha
1303	hCoV-19/England/LOND-128D561/2020	2020-12-12	United Kingdom	genome	unknown	B.1.1.7	Alpha
1304	hCoV-19/England/ALDP-C590DF/2020	2020-12-12	United Kingdom	genome	unknown	B.1.1.7	Alpha
1305	hCoV-19/England/MILK-C52DC0/2020	2020-12-12	United Kingdom	genome	unknown	B.1.1.7	Alpha
1306	hCoV-19/England/MILK-C5364C/2020	2020-12-12	United Kingdom	genome	unknown	B.1.1.7	Alpha
1307	hCoV-19/England/ALDP-C58085/2020	2020-12-12	United Kingdom	genome	unknown	B.1.1.7	Alpha
1308	hCoV-19/England/MILK-C537EF/2020	2020-12-12	United Kingdom	genome	unknown	B.1.1.7	Alpha
1309	hCoV-19/England/QEUH-C544C9/2020	2020-12-12	United Kingdom	genome	unknown	B.1.1.7	Alpha
1310	hCoV-19/England/MILK-C609AD/2020	2020-12-12	United Kingdom	genome	unknown	B.1.1.7	Alpha
1311	hCoV-19/England/MILK-C608EC/2020	2020-12-12	United Kingdom	genome	unknown	B.1.1.7	Alpha
1312	hCoV-19/England/MILK-C6099E/2020	2020-12-12	United Kingdom	genome	unknown	B.1.1.7	Alpha
1313	hCoV-19/England/MILK-C6007B/2020	2020-12-12	United Kingdom	genome	unknown	B.1.1.7	Alpha
1314	hCoV-19/England/205120773/2020	2020-12-12	United Kingdom	genome	Female	B.1.1.7	Alpha
1315	hCoV-19/England/MILK-C53A5F/2020	2020-12-12	United Kingdom	genome	unknown	B.1.1.7	Alpha
1316	hCoV-19/England/MILK-C537C1/2020	2020-12-12	United Kingdom	genome	unknown	B.1.1.7	Alpha
1317	hCoV-19/England/MILK-C6CD3C/2020	2020-12-13	United Kingdom	genome	unknown	B.1.1.7	Alpha
1318	hCoV-19/England/MILK-C6CD78/2020	2020-12-13	United Kingdom	genome	unknown	B.1.1.7	Alpha
1319	hCoV-19/England/ALDP-C6A624/2020	2020-12-13	United Kingdom	genome	unknown	B.1.1.7	Alpha
1320	hCoV-19/England/MILK-C6CEFD/2020	2020-12-13	United Kingdom	genome	unknown	B.1.1.7	Alpha
1321	hCoV-19/Scotland/EDB12063/2020	2020-12-13	United Kingdom	genome	unknown	B.1.1.7	Alpha
1322	hCoV-19/England/MILK-C6CC7B/2020	2020-12-13	United Kingdom	genome	unknown	B.1.1.7	Alpha
1323	hCoV-19/England/MILK-C6F7A4/2020	2020-12-13	United Kingdom	genome	unknown	B.1.1.7	Alpha
1324	hCoV-19/England/ALDP-C6B7C6/2020	2020-12-13	United Kingdom	genome	unknown	B.1.1.7	Alpha
1325	hCoV-19/England/MILK-C63B1D/2020	2020-12-13	United Kingdom	genome	unknown	B.1.1.7	Alpha
1326	hCoV-19/England/QEUH-C4B692/2020	2020-12-13	United Kingdom	genome	unknown	B.1.1.7	Alpha
1327	hCoV-19/England/MILK-C6F759/2020	2020-12-13	United Kingdom	genome	unknown	B.1.1.7	Alpha
1328	hCoV-19/England/MILK-C61FAA/2020	2020-12-13	United Kingdom	genome	unknown	B.1.1.7	Alpha
1329	hCoV-19/England/ALDP-C6919D/2020	2020-12-13	United Kingdom	genome	unknown	B.1.1.7	Alpha
1330	hCoV-19/England/MILK-C6F7FF/2020	2020-12-13	United Kingdom	genome	unknown	B.1.1.7	Alpha
1331	hCoV-19/England/MILK-C631EE/2020	2020-12-13	United Kingdom	genome	unknown	B.1.1.7	Alpha
1332	hCoV-19/Wales/ALDP-C4997D/2020	2020-12-13	United Kingdom	genome	unknown	B.1.1.7	Alpha
1333	hCoV-19/England/ALDP-C59A0E/2020	2020-12-13	United Kingdom	genome	unknown	B.1.1.7	Alpha
1334	hCoV-19/England/ALDP-C582F8/2020	2020-12-13	United Kingdom	genome	unknown	B.1.1.7	Alpha
1335	hCoV-19/England/MILK-C6CDD2/2020	2020-12-13	United Kingdom	genome	unknown	B.1.1.7	Alpha
1336	hCoV-19/England/ALDP-C58A69/2020	2020-12-13	United Kingdom	genome	unknown	B.1.1.7	Alpha
1337	hCoV-19/England/MILK-C63843/2020	2020-12-13	United Kingdom	genome	unknown	B.1.1.7	Alpha
1338	hCoV-19/England/MILK-C62589/2020	2020-12-13	United Kingdom	genome	unknown	B.1.1.7	Alpha
1339	hCoV-19/England/MILK-C63B2C/2020	2020-12-13	United Kingdom	genome	unknown	B.1.1.7	Alpha
1340	hCoV-19/England/MILK-C62B69/2020	2020-12-13	United Kingdom	genome	unknown	B.1.1.7	Alpha
1341	hCoV-19/England/MILK-C61F8C/2020	2020-12-13	United Kingdom	genome	unknown	B.1.1.7	Alpha
1342	hCoV-19/England/MILK-C63852/2020	2020-12-13	United Kingdom	genome	unknown	B.1.1.7	Alpha
1343	hCoV-19/England/ALDP-C57E04/2020	2020-12-13	United Kingdom	genome	unknown	B.1.1.7	Alpha
1344	hCoV-19/England/MILK-C6202E/2020	2020-12-13	United Kingdom	genome	unknown	B.1.1.7	Alpha
1345	hCoV-19/England/ALDP-C57E9B/2020	2020-12-13	United Kingdom	genome	unknown	B.1.1.7	Alpha
1346	hCoV-19/England/MILK-C63816/2020	2020-12-13	United Kingdom	genome	unknown	B.1.1.7	Alpha
1347	hCoV-19/England/MILK-C62598/2020	2020-12-13	United Kingdom	genome	unknown	B.1.1.7	Alpha
1348	hCoV-19/England/ALDP-C591EB/2020	2020-12-13	United Kingdom	genome	unknown	B.1.1.7	Alpha
1349	hCoV-19/England/MILK-C61748/2020	2020-12-13	United Kingdom	genome	unknown	B.1.1.7	Alpha
1350	hCoV-19/England/MILK-C62291/2020	2020-12-13	United Kingdom	genome	unknown	B.1.1.7	Alpha
1351	hCoV-19/England/MILK-C61520/2020	2020-12-13	United Kingdom	genome	unknown	B.1.1.7	Alpha
1352	hCoV-19/England/OXON-F404EB/2020	2020-12-13	United Kingdom	genome	unknown	B.1.1.7	Alpha
1353	hCoV-19/England/MILK-C63834/2020	2020-12-13	United Kingdom	genome	unknown	B.1.1.7	Alpha
1354	hCoV-19/England/MILK-C61E43/2020	2020-12-13	United Kingdom	genome	unknown	B.1.1.7	Alpha
1355	hCoV-19/England/MILK-C63807/2020	2020-12-13	United Kingdom	genome	unknown	B.1.1.7	Alpha
1356	hCoV-19/England/MILK-C63315/2020	2020-12-13	United Kingdom	genome	unknown	B.1.1.7	Alpha
1357	hCoV-19/England/QEUH-C4C1DC/2020	2020-12-13	United Kingdom	genome	unknown	B.1.1.7	Alpha
1358	hCoV-19/England/MILK-C6339D/2020	2020-12-13	United Kingdom	genome	unknown	B.1.1.7	Alpha
1359	hCoV-19/England/MILK-C632CD/2020	2020-12-13	United Kingdom	genome	unknown	B.1.1.7	Alpha
1360	hCoV-19/England/MILK-C60A40/2020	2020-12-13	United Kingdom	genome	unknown	B.1.1.7	Alpha
1361	hCoV-19/England/MILK-C6212B/2020	2020-12-13	United Kingdom	genome	unknown	B.1.1.7	Alpha
1362	hCoV-19/England/MILK-C62D54/2020	2020-12-13	United Kingdom	genome	unknown	B.1.1.7	Alpha
1363	hCoV-19/England/MILK-C624C8/2020	2020-12-13	United Kingdom	genome	unknown	B.1.1.7	Alpha
1364	hCoV-19/England/MILK-C619CA/2020	2020-12-13	United Kingdom	genome	unknown	B.1.1.7	Alpha
1365	hCoV-19/England/MILK-C60D56/2020	2020-12-13	United Kingdom	genome	unknown	B.1.1.7	Alpha
1366	hCoV-19/Scotland/QEUH-C4BA0F/2020	2020-12-13	United Kingdom	genome	unknown	B.1.1.7	Alpha
1367	hCoV-19/England/MILK-C61B88/2020	2020-12-13	United Kingdom	genome	unknown	B.1.1.7	Alpha
1368	hCoV-19/England/MILK-C61B79/2020	2020-12-13	United Kingdom	genome	unknown	B.1.1.7	Alpha
1369	hCoV-19/England/MILK-C63218/2020	2020-12-13	United Kingdom	genome	unknown	B.1.1.7	Alpha
1370	hCoV-19/England/MILK-C60E62/2020	2020-12-13	United Kingdom	genome	unknown	B.1.1.7	Alpha
1371	hCoV-19/England/MILK-C7BDA3/2020	2020-12-13	United Kingdom	genome	unknown	B.1.1.7	Alpha
1372	hCoV-19/England/LIVE-DCEA21/2020	2020-12-14	United Kingdom	genome	unknown	B.1.1.7	Alpha
1373	hCoV-19/Wales/ALDP-C68F3A/2020	2020-12-14	United Kingdom	genome	unknown	B.1.1.7	Alpha
1374	hCoV-19/England/LOND-128D622/2020	2020-12-14	United Kingdom	genome	unknown	B.1.1.7	Alpha
1375	hCoV-19/England/CAMB-A99794/2020	2020-12-14	United Kingdom	genome	unknown	B.1.1.7	Alpha
1376	hCoV-19/England/CAMB-A997B2/2020	2020-12-14	United Kingdom	genome	unknown	B.1.1.7	Alpha
1377	hCoV-19/England/QEUH-C5C87A/2020	2020-12-14	United Kingdom	genome	unknown	B.1.1.7	Alpha
1378	hCoV-19/England/QEUH-C5C8A7/2020	2020-12-14	United Kingdom	genome	unknown	B.1.1.7	Alpha
1379	hCoV-19/England/QEUH-C5C810/2020	2020-12-14	United Kingdom	genome	unknown	B.1.1.7	Alpha
1380	hCoV-19/England/LOND-1252969/2020	2020-12-14	United Kingdom	genome	unknown	B.1.1.7	Alpha
1381	hCoV-19/England/ALDP-C69B44/2020	2020-12-14	United Kingdom	genome	unknown	B.1.1.7	Alpha
1382	hCoV-19/England/ALDP-C6A660/2020	2020-12-14	United Kingdom	genome	unknown	B.1.1.7	Alpha
1383	hCoV-19/England/ALDP-C69643/2020	2020-12-14	United Kingdom	genome	unknown	B.1.1.7	Alpha
1384	hCoV-19/England/QEUH-C64A88/2020	2020-12-14	United Kingdom	genome	unknown	B.1.1.7	Alpha
1385	hCoV-19/England/QEUH-C63E7E/2020	2020-12-14	United Kingdom	genome	unknown	B.1.1.7	Alpha
1386	hCoV-19/England/ALDP-C69AB0/2020	2020-12-14	United Kingdom	genome	unknown	B.1.1.7	Alpha
1387	hCoV-19/England/ALDP-C69FEE/2020	2020-12-14	United Kingdom	genome	unknown	B.1.1.7	Alpha
1388	hCoV-19/England/QEUH-C63F20/2020	2020-12-14	United Kingdom	genome	unknown	B.1.1.7	Alpha
1389	hCoV-19/England/QEUH-C64A6A/2020	2020-12-14	United Kingdom	genome	unknown	B.1.1.7	Alpha
1390	hCoV-19/England/ALDP-C6A8B5/2020	2020-12-14	United Kingdom	genome	unknown	B.1.1.7	Alpha
1391	hCoV-19/England/ALDP-C699E0/2020	2020-12-14	United Kingdom	genome	unknown	B.1.1.7	Alpha
1392	hCoV-19/England/QEUH-C5D484/2020	2020-12-14	United Kingdom	genome	unknown	B.1.1.7	Alpha
1393	hCoV-19/England/QEUH-C5B79C/2020	2020-12-14	United Kingdom	genome	unknown	B.1.1.7	Alpha
1394	hCoV-19/England/QEUH-C4BE9A/2020	2020-12-14	United Kingdom	genome	unknown	B.1.1.7	Alpha
1395	hCoV-19/Scotland/QEUH-C4C206/2020	2020-12-14	United Kingdom	genome	unknown	B.1.1.7	Alpha
1396	hCoV-19/England/OXON-F40A16/2020	2020-12-14	United Kingdom	genome	unknown	B.1.1.7	Alpha
1397	hCoV-19/England/205121361/2020	2020-12-14	United Kingdom	genome	Male	B.1.1.7	Alpha
1398	hCoV-19/England/ALDP-C6B6BA/2020	2020-12-14	United Kingdom	genome	unknown	B.1.1.7	Alpha
1399	hCoV-19/England/205181317/2020	2020-12-14	United Kingdom	genome	Female	B.1.1.7	Alpha
1400	hCoV-19/England/QEUH-C5D5CD/2020	2020-12-14	United Kingdom	genome	unknown	B.1.1.7	Alpha
1401	hCoV-19/England/QEUH-C5BA75/2020	2020-12-14	United Kingdom	genome	unknown	B.1.1.7	Alpha
1402	hCoV-19/England/CAMB-A981C4/2020	2020-12-14	United Kingdom	genome	unknown	B.1.1.7	Alpha
1403	hCoV-19/England/ALDP-C8E7DC/2020	2020-12-14	United Kingdom	genome	unknown	B.1.1.7	Alpha
1404	hCoV-19/England/ALDP-C6B948/2020	2020-12-14	United Kingdom	genome	unknown	B.1.1.7	Alpha
1405	hCoV-19/England/ALDP-C6BACD/2020	2020-12-14	United Kingdom	genome	unknown	B.1.1.7	Alpha
1406	hCoV-19/England/ALDP-C6BA54/2020	2020-12-14	United Kingdom	genome	unknown	B.1.1.7	Alpha
1407	hCoV-19/England/MILK-C7B21D/2020	2020-12-15	United Kingdom	genome	unknown	B.1.1.7	Alpha
1408	hCoV-19/England/MILK-C7ABE6/2020	2020-12-15	United Kingdom	genome	unknown	B.1.1.7	Alpha
1409	hCoV-19/England/205201133/2020	2020-12-15	United Kingdom	genome	Female	B.1.1.7	Alpha
1410	hCoV-19/England/MILK-C7AAAD/2020	2020-12-15	United Kingdom	genome	unknown	B.1.1.7	Alpha
1411	hCoV-19/England/MILK-C78AAF/2020	2020-12-15	United Kingdom	genome	unknown	B.1.1.7	Alpha
1412	hCoV-19/England/MILK-C7AE38/2020	2020-12-15	United Kingdom	genome	unknown	B.1.1.7	Alpha
1413	hCoV-19/England/MILK-C7AA9E/2020	2020-12-15	United Kingdom	genome	unknown	B.1.1.7	Alpha
1414	hCoV-19/England/MILK-C7B8FD/2020	2020-12-15	United Kingdom	genome	unknown	B.1.1.7	Alpha
1415	hCoV-19/England/MILK-C7B3FC/2020	2020-12-15	United Kingdom	genome	unknown	B.1.1.7	Alpha
1416	hCoV-19/England/MILK-C78ABE/2020	2020-12-15	United Kingdom	genome	unknown	B.1.1.7	Alpha
1417	hCoV-19/England/MILK-C7B4BD/2020	2020-12-15	United Kingdom	genome	unknown	B.1.1.7	Alpha
1418	hCoV-19/England/MILK-C7AD2C/2020	2020-12-15	United Kingdom	genome	unknown	B.1.1.7	Alpha
1419	hCoV-19/Scotland/EDB12065/2020	2020-12-15	United Kingdom	genome	unknown	B.1.1.7	Alpha
1420	hCoV-19/England/MILK-C7AAE9/2020	2020-12-15	United Kingdom	genome	unknown	B.1.1.7	Alpha
1421	hCoV-19/England/MILK-C7BA15/2020	2020-12-15	United Kingdom	genome	unknown	B.1.1.7	Alpha
1422	hCoV-19/England/MILK-C7B8EE/2020	2020-12-15	United Kingdom	genome	unknown	B.1.1.7	Alpha
1423	hCoV-19/England/MILK-C7AA61/2020	2020-12-15	United Kingdom	genome	unknown	B.1.1.7	Alpha
1424	hCoV-19/England/MILK-C789DF/2020	2020-12-15	United Kingdom	genome	unknown	B.1.1.7	Alpha
1425	hCoV-19/England/ALDP-C8CDAF/2020	2020-12-15	United Kingdom	genome	unknown	B.1.1.7	Alpha
1426	hCoV-19/England/ALDP-C8D755/2020	2020-12-15	United Kingdom	genome	unknown	B.1.1.7	Alpha
1427	hCoV-19/England/CAMC-C736DD/2020	2020-12-15	United Kingdom	genome	unknown	B.1.1.7	Alpha
1428	hCoV-19/England/MILK-CA4AC8/2020	2020-12-15	United Kingdom	genome	unknown	B.1.1.7	Alpha
1429	hCoV-19/Wales/PHWC-4A5634/2020	2020-12-15	United Kingdom	genome	unknown	B.1.1.7	Alpha
1430	hCoV-19/England/OXON-F41356/2020	2020-12-15	United Kingdom	genome	unknown	B.1.1.7	Alpha
1431	hCoV-19/England/OXON-F41541/2020	2020-12-15	United Kingdom	genome	unknown	B.1.1.7	Alpha
1432	hCoV-19/England/MILK-CA4DA1/2020	2020-12-15	United Kingdom	genome	unknown	B.1.1.7	Alpha
1433	hCoV-19/England/ALDP-C8C1C1/2020	2020-12-15	United Kingdom	genome	unknown	B.1.1.7	Alpha
1434	hCoV-19/England/ALDP-C8E7EB/2020	2020-12-15	United Kingdom	genome	unknown	B.1.1.7	Alpha
1435	hCoV-19/England/ALDP-C8BCC1/2020	2020-12-15	United Kingdom	genome	unknown	B.1.1.7	Alpha
1436	hCoV-19/England/ALDP-C8C950/2020	2020-12-15	United Kingdom	genome	unknown	B.1.1.7	Alpha
1437	hCoV-19/England/ALDP-C8C5B6/2020	2020-12-15	United Kingdom	genome	unknown	B.1.1.7	Alpha
1438	hCoV-19/England/CAMC-C745A2/2020	2020-12-15	United Kingdom	genome	unknown	B.1.1.7	Alpha
1439	hCoV-19/England/ALDP-C8DEAB/2020	2020-12-15	United Kingdom	genome	unknown	B.1.1.7	Alpha
1440	hCoV-19/England/CAMC-C6FDEE/2020	2020-12-15	United Kingdom	genome	unknown	B.1.1.7	Alpha
1441	hCoV-19/England/CAMC-C720A3/2020	2020-12-15	United Kingdom	genome	unknown	B.1.1.7	Alpha
1442	hCoV-19/England/CAMC-C745B1/2020	2020-12-15	United Kingdom	genome	unknown	B.1.1.7	Alpha
1443	hCoV-19/England/ALDP-C8D95F/2020	2020-12-15	United Kingdom	genome	unknown	B.1.1.7	Alpha
1444	hCoV-19/England/CAMC-C76EA5/2020	2020-12-15	United Kingdom	genome	unknown	B.1.1.7	Alpha
1445	hCoV-19/England/CAMC-C7379E/2020	2020-12-15	United Kingdom	genome	unknown	B.1.1.7	Alpha
1446	hCoV-19/England/CAMC-C75617/2020	2020-12-15	United Kingdom	genome	unknown	B.1.1.7	Alpha
1447	hCoV-19/England/CAMC-C76E87/2020	2020-12-15	United Kingdom	genome	unknown	B.1.1.7	Alpha
1448	hCoV-19/England/CAMC-C73752/2020	2020-12-15	United Kingdom	genome	unknown	B.1.1.7	Alpha
1449	hCoV-19/England/CAMC-C71E8C/2020	2020-12-15	United Kingdom	genome	unknown	B.1.1.7	Alpha
1450	hCoV-19/England/CAMC-C73822/2020	2020-12-15	United Kingdom	genome	unknown	B.1.1.7	Alpha
1451	hCoV-19/England/CAMC-C72058/2020	2020-12-15	United Kingdom	genome	unknown	B.1.1.7	Alpha
1452	hCoV-19/England/MILK-CA4828/2020	2020-12-16	United Kingdom	genome	unknown	B.1.1.7	Alpha
1453	hCoV-19/England/QEUH-C7CB02/2020	2020-12-16	United Kingdom	genome	unknown	B.1.1.7	Alpha
1454	hCoV-19/England/ALDP-C8A187/2020	2020-12-16	United Kingdom	genome	unknown	B.1.1.7	Alpha
1455	hCoV-19/England/ALDP-C8863F/2020	2020-12-16	United Kingdom	genome	unknown	B.1.1.7	Alpha
1456	hCoV-19/England/MILK-CA97EA/2020	2020-12-16	United Kingdom	genome	unknown	B.1.1.7	Alpha
1457	hCoV-19/England/QEUH-C92BF7/2020	2020-12-16	United Kingdom	genome	unknown	B.1.1.7	Alpha
1458	hCoV-19/England/MILK-CA4CFF/2020	2020-12-16	United Kingdom	genome	unknown	B.1.1.7	Alpha
1459	hCoV-19/England/QEUH-C7C319/2020	2020-12-16	United Kingdom	genome	unknown	B.1.1.7	Alpha
1460	hCoV-19/England/ALDP-C8980B/2020	2020-12-16	United Kingdom	genome	unknown	B.1.1.7	Alpha
1461	hCoV-19/England/ALDP-C8B1FF/2020	2020-12-16	United Kingdom	genome	unknown	B.1.1.7	Alpha
1462	hCoV-19/England/ALDP-C8B11D/2020	2020-12-16	United Kingdom	genome	unknown	B.1.1.7	Alpha
1463	hCoV-19/England/QEUH-C80093/2020	2020-12-16	United Kingdom	genome	unknown	B.1.1.7	Alpha
1464	hCoV-19/England/MILK-CA9E6D/2020	2020-12-16	United Kingdom	genome	unknown	B.1.1.7	Alpha
1465	hCoV-19/England/MILK-CA4697/2020	2020-12-16	United Kingdom	genome	unknown	B.1.1.7	Alpha
1466	hCoV-19/England/OXON-F4222B/2020	2020-12-16	United Kingdom	genome	unknown	B.1.1.7	Alpha
1467	hCoV-19/England/NORW-226442/2020	2020-12-16	United Kingdom	genome	unknown	B.1.1.7	Alpha
1468	hCoV-19/England/MILK-CA3F06/2020	2020-12-16	United Kingdom	genome	unknown	B.1.1.7	Alpha
1469	hCoV-19/England/MILK-CA4169/2020	2020-12-16	United Kingdom	genome	unknown	B.1.1.7	Alpha
1470	hCoV-19/England/LOND-12F17EA/2020	2020-12-16	United Kingdom	genome	unknown	B.1.1.7	Alpha
1471	hCoV-19/England/ALDP-C8B906/2020	2020-12-16	United Kingdom	genome	unknown	B.1.1.7	Alpha
1472	hCoV-19/England/MILK-CA47EF/2020	2020-12-16	United Kingdom	genome	unknown	B.1.1.7	Alpha
1473	hCoV-19/England/MILK-CA647D/2020	2020-12-16	United Kingdom	genome	unknown	B.1.1.7	Alpha
1474	hCoV-19/England/ALDP-C88D67/2020	2020-12-16	United Kingdom	genome	unknown	B.1.1.7	Alpha
1475	hCoV-19/England/ALDP-C892FE/2020	2020-12-16	United Kingdom	genome	unknown	B.1.1.7	Alpha
1476	hCoV-19/England/MILK-CA64D7/2020	2020-12-16	United Kingdom	genome	unknown	B.1.1.7	Alpha
1477	hCoV-19/England/ALDP-C8981A/2020	2020-12-16	United Kingdom	genome	unknown	B.1.1.7	Alpha
1478	hCoV-19/England/QEUH-C92DF1/2020	2020-12-16	United Kingdom	genome	unknown	B.1.1.7	Alpha
1479	hCoV-19/England/ALDP-C8864E/2020	2020-12-16	United Kingdom	genome	unknown	B.1.1.7	Alpha
1480	hCoV-19/England/OXON-F410B9/2020	2020-12-16	United Kingdom	genome	unknown	B.1.1.7	Alpha
1481	hCoV-19/England/ALDP-C895F5/2020	2020-12-16	United Kingdom	genome	unknown	B.1.1.7	Alpha
1482	hCoV-19/England/205141688/2020	2020-12-16	United Kingdom	genome	Female	B.1.1.7	Alpha
1483	hCoV-19/England/QEUH-C80260/2020	2020-12-16	United Kingdom	genome	unknown	B.1.1.7	Alpha
1484	hCoV-19/England/205161344/2020	2020-12-16	United Kingdom	genome	Female	B.1.1.7	Alpha
1485	hCoV-19/England/TFCI-26FD495/2020	2020-12-16	United Kingdom	genome	unknown	B.1.1.7	Alpha
1486	hCoV-19/England/CAMC-C71BB2/2020	2020-12-16	United Kingdom	genome	unknown	B.1.1.7	Alpha
1487	hCoV-19/England/CAMC-C71BA3/2020	2020-12-16	United Kingdom	genome	unknown	B.1.1.7	Alpha
1488	hCoV-19/England/QEUH-C93AF9/2020	2020-12-16	United Kingdom	genome	unknown	B.1.1.7	Alpha
1489	hCoV-19/England/LOND-132548B/2020	2020-12-16	United Kingdom	genome	unknown	B.1.1.7	Alpha
1490	hCoV-19/Scotland/CVR6229/2020	2020-12-16	United Kingdom	genome	unknown	B.1.1.7	Alpha
1491	hCoV-19/England/QEUH-C9359E/2020	2020-12-16	United Kingdom	genome	unknown	B.1.1.7	Alpha
1492	hCoV-19/England/QEUH-C935AD/2020	2020-12-16	United Kingdom	genome	unknown	B.1.1.7	Alpha
1493	hCoV-19/England/OXON-F41EA0/2020	2020-12-16	United Kingdom	genome	unknown	B.1.1.7	Alpha
1494	hCoV-19/England/OXON-F43943/2020	2020-12-16	United Kingdom	genome	unknown	B.1.1.7	Alpha
1495	hCoV-19/England/TFCI-26FC056/2020	2020-12-16	United Kingdom	genome	unknown	B.1.1.7	Alpha
1496	hCoV-19/England/OXON-F468BC/2020	2020-12-16	United Kingdom	genome	unknown	B.1.1.7	Alpha
1497	hCoV-19/England/TFCI-2709565/2020	2020-12-16	United Kingdom	genome	unknown	B.1.1.7	Alpha
1498	hCoV-19/England/TFCI-27096AE/2020	2020-12-16	United Kingdom	genome	unknown	B.1.1.7	Alpha
1499	hCoV-19/England/QEUH-C9482B/2020	2020-12-17	United Kingdom	genome	unknown	B.1.1.7	Alpha
1500	hCoV-19/England/CAMC-C98678/2020	2020-12-17	United Kingdom	genome	unknown	B.1.1.7	Alpha
1501	hCoV-19/England/QEUH-C9473D/2020	2020-12-17	United Kingdom	genome	unknown	B.1.1.7	Alpha
1502	hCoV-19/England/MILK-CA95C2/2020	2020-12-17	United Kingdom	genome	unknown	B.1.1.7	Alpha
1503	hCoV-19/England/TFCI-26FC0B0/2020	2020-12-17	United Kingdom	genome	unknown	B.1.1.7	Alpha
1504	hCoV-19/England/CAMC-C84FED/2020	2020-12-17	United Kingdom	genome	unknown	B.1.1.7	Alpha
1505	hCoV-19/England/QEUH-C92F73/2020	2020-12-17	United Kingdom	genome	unknown	B.1.1.7	Alpha
1506	hCoV-19/England/ALDP-CF2982/2020	2020-12-17	United Kingdom	genome	unknown	B.1.1.7	Alpha
1507	hCoV-19/England/QEUH-C933EF/2020	2020-12-17	United Kingdom	genome	unknown	B.1.1.7	Alpha
1508	hCoV-19/England/CAMC-C86701/2020	2020-12-17	United Kingdom	genome	unknown	B.1.1.7	Alpha
1509	hCoV-19/England/CAMC-C84026/2020	2020-12-17	United Kingdom	genome	unknown	B.1.1.7	Alpha
1510	hCoV-19/England/205161318/2020	2020-12-17	United Kingdom	genome	Female	B.1.1.7	Alpha
1511	hCoV-19/England/CAMC-C860E8/2020	2020-12-17	United Kingdom	genome	unknown	B.1.1.7	Alpha
1512	hCoV-19/England/QEUH-C93789/2020	2020-12-17	United Kingdom	genome	unknown	B.1.1.7	Alpha
1513	hCoV-19/England/ALDP-CB68E7/2020	2020-12-17	United Kingdom	genome	unknown	B.1.1.7	Alpha
1514	hCoV-19/England/EKHU-26109BB/2020	2020-12-17	United Kingdom	genome	unknown	B.1.1.7	Alpha
1515	hCoV-19/England/TFCI-270C368/2020	2020-12-17	United Kingdom	genome	unknown	B.1.1.7	Alpha
1516	hCoV-19/England/ALDP-CF1279/2020	2020-12-17	United Kingdom	genome	unknown	B.1.1.7	Alpha
1517	hCoV-19/England/MILK-CA9E8B/2020	2020-12-17	United Kingdom	genome	unknown	B.1.1.7	Alpha
1518	hCoV-19/England/ALDP-CED270/2020	2020-12-17	United Kingdom	genome	unknown	B.1.1.7	Alpha
1519	hCoV-19/England/ALDP-CED2E9/2020	2020-12-17	United Kingdom	genome	unknown	B.1.1.7	Alpha
1520	hCoV-19/England/MILK-CA6747/2020	2020-12-17	United Kingdom	genome	unknown	B.1.1.7	Alpha
1521	hCoV-19/England/CAMC-C86015/2020	2020-12-17	United Kingdom	genome	unknown	B.1.1.7	Alpha
1522	hCoV-19/England/ALDP-CF12F1/2020	2020-12-17	United Kingdom	genome	unknown	B.1.1.7	Alpha
1523	hCoV-19/England/ALDP-CED4C5/2020	2020-12-17	United Kingdom	genome	unknown	B.1.1.7	Alpha
1524	hCoV-19/England/TFCI-26FC2C9/2020	2020-12-17	United Kingdom	genome	unknown	B.1.1.7	Alpha
1525	hCoV-19/England/205190827/2020	2020-12-17	United Kingdom	genome	Female	B.1.1.7	Alpha
1526	hCoV-19/England/CAMC-C84590/2020	2020-12-17	United Kingdom	genome	unknown	B.1.1.7	Alpha
1527	hCoV-19/England/CAMC-C82170/2020	2020-12-17	United Kingdom	genome	unknown	B.1.1.7	Alpha
1528	hCoV-19/England/CAMC-C8393B/2020	2020-12-17	United Kingdom	genome	unknown	B.1.1.7	Alpha
1529	hCoV-19/England/ALDP-C883FC/2020	2020-12-17	United Kingdom	genome	unknown	B.1.1.7	Alpha
1530	hCoV-19/England/QEUH-C92F19/2020	2020-12-17	United Kingdom	genome	unknown	B.1.1.7	Alpha
1531	hCoV-19/England/QEUH-C9317C/2020	2020-12-17	United Kingdom	genome	unknown	B.1.1.7	Alpha
1532	hCoV-19/England/CAMC-C84FA1/2020	2020-12-17	United Kingdom	genome	unknown	B.1.1.7	Alpha
1533	hCoV-19/England/ALDP-CB6AF0/2020	2020-12-17	United Kingdom	genome	unknown	B.1.1.7	Alpha
1534	hCoV-19/England/LOND-1268AD6/2020	2020-12-17	United Kingdom	genome	unknown	B.1.1.7	Alpha
1535	hCoV-19/England/CAMC-C8668C/2020	2020-12-17	United Kingdom	genome	unknown	B.1.1.7	Alpha
1536	hCoV-19/England/CAMC-C866C8/2020	2020-12-17	United Kingdom	genome	unknown	B.1.1.7	Alpha
1537	hCoV-19/England/QEUH-C931B8/2020	2020-12-17	United Kingdom	genome	unknown	B.1.1.7	Alpha
1538	hCoV-19/England/MILK-CA9F2E/2020	2020-12-17	United Kingdom	genome	unknown	B.1.1.7	Alpha
1539	hCoV-19/England/QEUH-C931D6/2020	2020-12-17	United Kingdom	genome	unknown	B.1.1.7	Alpha
1540	hCoV-19/England/TFCI-26FC988/2020	2020-12-17	United Kingdom	genome	unknown	B.1.1.7	Alpha
1541	hCoV-19/England/MILK-CA9F1F/2020	2020-12-17	United Kingdom	genome	unknown	B.1.1.7	Alpha
1542	hCoV-19/England/ALDP-CB4F4E/2020	2020-12-17	United Kingdom	genome	unknown	B.1.1.7	Alpha
1543	hCoV-19/England/MILK-CA9B48/2020	2020-12-17	United Kingdom	genome	unknown	B.1.1.7	Alpha
1544	hCoV-19/England/MILK-CA66FF/2020	2020-12-17	United Kingdom	genome	unknown	B.1.1.7	Alpha
1545	hCoV-19/England/OXON-F43AC8/2020	2020-12-17	United Kingdom	genome	unknown	B.1.1.7	Alpha
1546	hCoV-19/England/CAMC-C822C8/2020	2020-12-17	United Kingdom	genome	unknown	B.1.1.7	Alpha
1547	hCoV-19/England/MILK-CA9313/2020	2020-12-17	United Kingdom	genome	unknown	B.1.1.7	Alpha
1548	hCoV-19/England/CAMC-C85F82/2020	2020-12-17	United Kingdom	genome	unknown	B.1.1.7	Alpha
1549	hCoV-19/England/OXON-F43E44/2020	2020-12-18	United Kingdom	genome	unknown	B.1.1.7	Alpha
1550	hCoV-19/England/OXON-F42610/2020	2020-12-18	United Kingdom	genome	unknown	B.1.1.7	Alpha
1551	hCoV-19/England/CAMC-CF9AB5/2020	2020-12-18	United Kingdom	genome	unknown	B.1.1.7	Alpha
1552	hCoV-19/England/CAMC-CF5345/2020	2020-12-18	United Kingdom	genome	unknown	B.1.1.7	Alpha
1553	hCoV-19/England/CAMC-CF5442/2020	2020-12-18	United Kingdom	genome	unknown	B.1.1.7	Alpha
1554	hCoV-19/England/NORW-221ADC/2020	2020-12-18	United Kingdom	genome	unknown	B.1.1.7	Alpha
1555	hCoV-19/England/CAMC-CF9B3A/2020	2020-12-18	United Kingdom	genome	unknown	B.1.1.7	Alpha
1556	hCoV-19/England/QEUH-C940F6/2020	2020-12-18	United Kingdom	genome	unknown	B.1.1.7	Alpha
1557	hCoV-19/England/CAMC-C990F1/2020	2020-12-18	United Kingdom	genome	unknown	B.1.1.7	Alpha
1558	hCoV-19/England/LOND-12693F8/2020	2020-12-18	United Kingdom	genome	unknown	B.1.1.7	Alpha
1559	hCoV-19/England/LOND-1269501/2020	2020-12-18	United Kingdom	genome	unknown	B.1.1.7	Alpha
1560	hCoV-19/England/CAMC-CF314D/2020	2020-12-18	United Kingdom	genome	unknown	B.1.1.7	Alpha
1561	hCoV-19/England/CAMC-C98739/2020	2020-12-18	United Kingdom	genome	unknown	B.1.1.7	Alpha
1562	hCoV-19/England/LOND-12F1B0C/2020	2020-12-18	United Kingdom	genome	unknown	B.1.1.7	Alpha
1563	hCoV-19/England/PORT-2D5BE3/2020	2020-12-18	United Kingdom	genome	unknown	B.1.1.7	Alpha
1564	hCoV-19/England/ALDP-CED182/2020	2020-12-18	United Kingdom	genome	unknown	B.1.1.7	Alpha
1565	hCoV-19/England/LOND-12885FD/2020	2020-12-18	United Kingdom	genome	unknown	B.1.1.7	Alpha
1566	hCoV-19/England/CAMC-CB8F3B/2020	2020-12-18	United Kingdom	genome	unknown	B.1.1.7	Alpha
1567	hCoV-19/England/CAMC-CF9833/2020	2020-12-18	United Kingdom	genome	unknown	B.1.1.7	Alpha
1568	hCoV-19/England/CAMC-CB8803/2020	2020-12-18	United Kingdom	genome	unknown	B.1.1.7	Alpha
1569	hCoV-19/England/CAMC-CB77AD/2020	2020-12-18	United Kingdom	genome	unknown	B.1.1.7	Alpha
1570	hCoV-19/England/CAMC-CB89C4/2020	2020-12-18	United Kingdom	genome	unknown	B.1.1.7	Alpha
1571	hCoV-19/England/CAMC-CB86BE/2020	2020-12-18	United Kingdom	genome	unknown	B.1.1.7	Alpha
1572	hCoV-19/England/CAMC-CB7DAB/2020	2020-12-18	United Kingdom	genome	unknown	B.1.1.7	Alpha
1573	hCoV-19/England/PORT-2D268B/2020	2020-12-18	United Kingdom	genome	unknown	B.1.1.7	Alpha
1574	hCoV-19/England/CAMC-CB71EB/2020	2020-12-18	United Kingdom	genome	unknown	B.1.1.7	Alpha
1575	hCoV-19/England/CAMC-CB729D/2020	2020-12-18	United Kingdom	genome	unknown	B.1.1.7	Alpha
1576	hCoV-19/England/CAMC-CB7F87/2020	2020-12-18	United Kingdom	genome	unknown	B.1.1.7	Alpha
1577	hCoV-19/England/CAMC-CF988E/2020	2020-12-18	United Kingdom	genome	unknown	B.1.1.7	Alpha
1578	hCoV-19/England/MILK-CA9AC3/2020	2020-12-18	United Kingdom	genome	unknown	B.1.1.7	Alpha
1579	hCoV-19/England/CAMC-CB8BEC/2020	2020-12-18	United Kingdom	genome	unknown	B.1.1.7	Alpha
1580	hCoV-19/England/CAMC-C98EE9/2020	2020-12-18	United Kingdom	genome	unknown	B.1.1.7	Alpha
1581	hCoV-19/England/CAMC-CBA1D9/2020	2020-12-18	United Kingdom	genome	unknown	B.1.1.7	Alpha
1582	hCoV-19/England/LOND-12F1AC3/2020	2020-12-18	United Kingdom	genome	unknown	B.1.1.7	Alpha
1583	hCoV-19/England/CAMC-CB72BB/2020	2020-12-18	United Kingdom	genome	unknown	B.1.1.7	Alpha
1584	hCoV-19/Scotland/EDB11132/2020	2020-12-18	United Kingdom	genome	unknown	B.1.1.7	Alpha
1585	hCoV-19/England/205190944/2020	2020-12-18	United Kingdom	genome	Female	B.1.1.7	Alpha
1586	hCoV-19/England/205260365/2020	2020-12-18	United Kingdom	genome	Female	B.1.1.7	Alpha
1587	hCoV-19/England/CAMC-CB7075/2020	2020-12-18	United Kingdom	genome	unknown	B.1.1.7	Alpha
1588	hCoV-19/England/CAMC-CB76CE/2020	2020-12-18	United Kingdom	genome	unknown	B.1.1.7	Alpha
1589	hCoV-19/England/MILK-CA702D/2020	2020-12-18	United Kingdom	genome	unknown	B.1.1.7	Alpha
1590	hCoV-19/England/MILK-CA6B3C/2020	2020-12-18	United Kingdom	genome	unknown	B.1.1.7	Alpha
1591	hCoV-19/England/MILK-CA65A7/2020	2020-12-18	United Kingdom	genome	unknown	B.1.1.7	Alpha
1592	hCoV-19/Scotland/CVR6313/2020	2020-12-18	United Kingdom	genome	unknown	B.1.1.7	Alpha
1593	hCoV-19/England/MILK-CA70D2/2020	2020-12-18	United Kingdom	genome	unknown	B.1.1.7	Alpha
1594	hCoV-19/England/MILK-CA6E51/2020	2020-12-18	United Kingdom	genome	unknown	B.1.1.7	Alpha
1595	hCoV-19/England/MILK-CA6F4F/2020	2020-12-18	United Kingdom	genome	unknown	B.1.1.7	Alpha
1596	hCoV-19/England/MILK-CA68F9/2020	2020-12-18	United Kingdom	genome	unknown	B.1.1.7	Alpha
1597	hCoV-19/England/MILK-CA603D/2020	2020-12-18	United Kingdom	genome	unknown	B.1.1.7	Alpha
1598	hCoV-19/England/MILK-CAA400/2020	2020-12-18	United Kingdom	genome	unknown	B.1.1.7	Alpha
1599	hCoV-19/England/MILK-CA6668/2020	2020-12-18	United Kingdom	genome	unknown	B.1.1.7	Alpha
1600	hCoV-19/England/TFCI-26FC3C6/2020	2020-12-18	United Kingdom	genome	unknown	B.1.1.7	Alpha
1601	hCoV-19/England/CAMC-CB7FA5/2020	2020-12-18	United Kingdom	genome	unknown	B.1.1.7	Alpha
1602	hCoV-19/England/CAMC-CB8E6B/2020	2020-12-18	United Kingdom	genome	unknown	B.1.1.7	Alpha
1603	hCoV-19/England/205190163/2020	2020-12-18	United Kingdom	genome	Female	B.1.1.7	Alpha
1604	hCoV-19/England/ALDP-CB39D8/2020	2020-12-18	United Kingdom	genome	unknown	B.1.1.7	Alpha
1605	hCoV-19/England/MILK-CAA2CA/2020	2020-12-18	United Kingdom	genome	unknown	B.1.1.7	Alpha
1606	hCoV-19/England/CAMC-CB9FA3/2020	2020-12-18	United Kingdom	genome	unknown	B.1.1.7	Alpha
1607	hCoV-19/England/MILK-CA62A0/2020	2020-12-18	United Kingdom	genome	unknown	B.1.1.7	Alpha
1608	hCoV-19/England/MILK-CA601F/2020	2020-12-18	United Kingdom	genome	unknown	B.1.1.7	Alpha
1609	hCoV-19/England/MILK-CAA1BE/2020	2020-12-18	United Kingdom	genome	unknown	B.1.1.7	Alpha
1610	hCoV-19/England/ALDP-CB50C2/2020	2020-12-18	United Kingdom	genome	unknown	B.1.1.7	Alpha
1611	hCoV-19/England/MILK-CAA1FA/2020	2020-12-18	United Kingdom	genome	unknown	B.1.1.7	Alpha
1612	hCoV-19/England/MILK-CA6C93/2020	2020-12-18	United Kingdom	genome	unknown	B.1.1.7	Alpha
1613	hCoV-19/England/MILK-CA71B1/2020	2020-12-18	United Kingdom	genome	unknown	B.1.1.7	Alpha
1614	hCoV-19/England/NORT-1B7390F/2020	2020-12-18	United Kingdom	genome	unknown	B.1.1.7	Alpha
1615	hCoV-19/England/205181777/2020	2020-12-18	United Kingdom	genome	Female	B.1.1.7	Alpha
1616	hCoV-19/England/CAMC-C9960E/2020	2020-12-18	United Kingdom	genome	unknown	B.1.1.7	Alpha
1617	hCoV-19/England/MILK-CA6F21/2020	2020-12-18	United Kingdom	genome	unknown	B.1.1.7	Alpha
1618	hCoV-19/England/NORW-223296/2020	2020-12-19	United Kingdom	genome	unknown	B.1.1.7	Alpha
1619	hCoV-19/England/SHEF-10D21E3/2020	2020-12-19	United Kingdom	genome	unknown	B.1.1.7	Alpha
1620	hCoV-19/Wales/PHWC-4AA972/2020	2020-12-19	United Kingdom	genome	unknown	B.1.1.7	Alpha
1621	hCoV-19/Wales/PHWC-4AB935/2020	2020-12-19	United Kingdom	genome	unknown	B.1.1.7	Alpha
1622	hCoV-19/England/PORT-2D5C68/2020	2020-12-19	United Kingdom	genome	unknown	B.1.1.7	Alpha
1623	hCoV-19/England/LOND-132545E/2020	2020-12-19	United Kingdom	genome	unknown	B.1.1.7	Alpha
1624	hCoV-19/Scotland/CVR6224/2020	2020-12-19	United Kingdom	genome	unknown	B.1.1.7	Alpha
1625	hCoV-19/England/ALDP-CB3E06/2020	2020-12-19	United Kingdom	genome	unknown	B.1.1.7	Alpha
1626	hCoV-19/England/CAMC-CB8D04/2020	2020-12-19	United Kingdom	genome	unknown	B.1.1.7	Alpha
1627	hCoV-19/England/NORW-2230F6/2020	2020-12-19	United Kingdom	genome	unknown	B.1.1.7	Alpha
1628	hCoV-19/England/CAMC-CB8988/2020	2020-12-19	United Kingdom	genome	unknown	B.1.1.7	Alpha
1629	hCoV-19/England/ALDP-CBE09C/2020	2020-12-19	United Kingdom	genome	unknown	B.1.1.7	Alpha
1630	hCoV-19/Scotland/EDB11920/2020	2020-12-19	United Kingdom	genome	unknown	B.1.1.7	Alpha
1631	hCoV-19/Wales/ALDP-CBF972/2020	2020-12-19	United Kingdom	genome	unknown	B.1.1.7	Alpha
1632	hCoV-19/England/CAMC-CB7691/2020	2020-12-19	United Kingdom	genome	unknown	B.1.1.7	Alpha
1633	hCoV-19/England/ALDP-CB45D3/2020	2020-12-19	United Kingdom	genome	unknown	B.1.1.7	Alpha
1634	hCoV-19/England/TFCI-26FCB55/2020	2020-12-19	United Kingdom	genome	unknown	B.1.1.7	Alpha
1635	hCoV-19/England/ALDP-CBE20F/2020	2020-12-19	United Kingdom	genome	unknown	B.1.1.7	Alpha
1636	hCoV-19/England/OXON-FA1B5C/2020	2020-12-19	United Kingdom	genome	unknown	B.1.1.7	Alpha
1637	hCoV-19/England/ALDP-CC0835/2020	2020-12-19	United Kingdom	genome	unknown	B.1.1.7	Alpha
1638	hCoV-19/England/ALDP-CC0932/2020	2020-12-19	United Kingdom	genome	unknown	B.1.1.7	Alpha
1639	hCoV-19/England/ALDP-CBE59D/2020	2020-12-19	United Kingdom	genome	unknown	B.1.1.7	Alpha
1640	hCoV-19/England/ALDP-CBE3DF/2020	2020-12-19	United Kingdom	genome	unknown	B.1.1.7	Alpha
1641	hCoV-19/England/ALDP-CBDCA8/2020	2020-12-19	United Kingdom	genome	unknown	B.1.1.7	Alpha
1642	hCoV-19/England/ALDP-CBE3EE/2020	2020-12-19	United Kingdom	genome	unknown	B.1.1.7	Alpha
1643	hCoV-19/England/ALDP-CBE481/2020	2020-12-19	United Kingdom	genome	unknown	B.1.1.7	Alpha
1644	hCoV-19/England/ALDP-CE20BD/2020	2020-12-19	United Kingdom	genome	unknown	B.1.1.7	Alpha
1645	hCoV-19/England/MILK-D090A0/2020	2020-12-19	United Kingdom	genome	unknown	B.1.1.7	Alpha
1646	hCoV-19/England/CAMC-CB70B1/2020	2020-12-19	United Kingdom	genome	unknown	B.1.1.7	Alpha
1647	hCoV-19/England/MILK-D0842D/2020	2020-12-19	United Kingdom	genome	unknown	B.1.1.7	Alpha
1648	hCoV-19/England/MILK-D07048/2020	2020-12-19	United Kingdom	genome	unknown	B.1.1.7	Alpha
1649	hCoV-19/England/MILK-D09091/2020	2020-12-19	United Kingdom	genome	unknown	B.1.1.7	Alpha
1650	hCoV-19/England/MILK-D08CF8/2020	2020-12-19	United Kingdom	genome	unknown	B.1.1.7	Alpha
1651	hCoV-19/England/MILK-D09116/2020	2020-12-19	United Kingdom	genome	unknown	B.1.1.7	Alpha
1652	hCoV-19/England/MILK-D0BD3E/2020	2020-12-19	United Kingdom	genome	unknown	B.1.1.7	Alpha
1653	hCoV-19/England/MILK-D065B3/2020	2020-12-19	United Kingdom	genome	unknown	B.1.1.7	Alpha
1654	hCoV-19/England/CAMC-CF9A6A/2020	2020-12-19	United Kingdom	genome	unknown	B.1.1.7	Alpha
1655	hCoV-19/England/CAMC-CB74A6/2020	2020-12-19	United Kingdom	genome	unknown	B.1.1.7	Alpha
1656	hCoV-19/England/MILK-D0661A/2020	2020-12-19	United Kingdom	genome	unknown	B.1.1.7	Alpha
1657	hCoV-19/England/LOND-13255E2/2020	2020-12-19	United Kingdom	genome	unknown	B.1.1.7	Alpha
1658	hCoV-19/England/ALDP-CBDC5D/2020	2020-12-19	United Kingdom	genome	unknown	B.1.1.7	Alpha
1659	hCoV-19/England/QEUH-CAB575/2020	2020-12-20	United Kingdom	genome	unknown	B.1.1.7	Alpha
1660	hCoV-19/England/QEUH-CAB5A2/2020	2020-12-20	United Kingdom	genome	unknown	B.1.1.7	Alpha
1661	hCoV-19/England/QEUH-CAD25E/2020	2020-12-20	United Kingdom	genome	unknown	B.1.1.7	Alpha
1662	hCoV-19/England/ALDP-CBF541/2020	2020-12-20	United Kingdom	genome	unknown	B.1.1.7	Alpha
1663	hCoV-19/England/MILK-D0BFFC/2020	2020-12-20	United Kingdom	genome	unknown	B.1.1.7	Alpha
1664	hCoV-19/England/ALDP-CBE7A6/2020	2020-12-20	United Kingdom	genome	unknown	B.1.1.7	Alpha
1665	hCoV-19/England/LOND-12F1B66/2020	2020-12-20	United Kingdom	genome	unknown	B.1.1.7	Alpha
1666	hCoV-19/England/QEUH-CAD9E0/2020	2020-12-20	United Kingdom	genome	unknown	B.1.1.7	Alpha
1667	hCoV-19/England/ALDP-CECA1F/2020	2020-12-20	United Kingdom	genome	unknown	B.1.1.7	Alpha
1668	hCoV-19/England/205241282/2020	2020-12-20	United Kingdom	genome	Female	B.1.1.7	Alpha
1669	hCoV-19/England/PORT-2D557C/2020	2020-12-20	United Kingdom	genome	unknown	B.1.1.7	Alpha
1670	hCoV-19/England/OXON-F41857/2020	2020-12-20	United Kingdom	genome	unknown	B.1.1.7	Alpha
1671	hCoV-19/England/OXON-F44C0D/2020	2020-12-20	United Kingdom	genome	unknown	B.1.1.7	Alpha
1672	hCoV-19/England/MILK-D0994B/2020	2020-12-20	United Kingdom	genome	unknown	B.1.1.7	Alpha
1673	hCoV-19/England/MILK-D0CE2B/2020	2020-12-20	United Kingdom	genome	unknown	B.1.1.7	Alpha
1674	hCoV-19/England/MILK-D08F68/2020	2020-12-20	United Kingdom	genome	unknown	B.1.1.7	Alpha
1675	hCoV-19/Wales/PHWC-4ABD0C/2020	2020-12-20	United Kingdom	genome	unknown	B.1.1.7	Alpha
1676	hCoV-19/England/LOND-12E8B44/2020	2020-12-20	United Kingdom	genome	unknown	B.1.1.7	Alpha
1677	hCoV-19/Wales/PHWC-4ABA14/2020	2020-12-20	United Kingdom	genome	unknown	B.1.1.7	Alpha
1678	hCoV-19/England/MILK-D08F59/2020	2020-12-20	United Kingdom	genome	unknown	B.1.1.7	Alpha
1679	hCoV-19/England/NORW-222DB4/2020	2020-12-20	United Kingdom	genome	unknown	B.1.1.7	Alpha
1680	hCoV-19/England/ALDP-CC0273/2020	2020-12-20	United Kingdom	genome	unknown	B.1.1.7	Alpha
1681	hCoV-19/England/QEUH-CC262A/2020	2020-12-20	United Kingdom	genome	unknown	B.1.1.7	Alpha
1682	hCoV-19/England/ALDP-CBF9BE/2020	2020-12-20	United Kingdom	genome	unknown	B.1.1.7	Alpha
1683	hCoV-19/England/205190980/2020	2020-12-20	United Kingdom	genome	Female	B.1.1.7	Alpha
1684	hCoV-19/England/205190983/2020	2020-12-20	United Kingdom	genome	Male	B.1.1.7	Alpha
1685	hCoV-19/England/PORT-1E7D28F/2020	2020-12-21	United Kingdom	genome	unknown	B.1.1.7	Alpha
1686	hCoV-19/England/QEUH-CC78B6/2020	2020-12-21	United Kingdom	genome	unknown	B.1.1.7	Alpha
1687	hCoV-19/England/QEUH-CC3920/2020	2020-12-21	United Kingdom	genome	unknown	B.1.1.7	Alpha
1688	hCoV-19/England/QEUH-CC7722/2020	2020-12-21	United Kingdom	genome	unknown	B.1.1.7	Alpha
1689	hCoV-19/England/NOTT-121809/2020	2020-12-21	United Kingdom	genome	unknown	B.1.1.7	Alpha
1690	hCoV-19/England/ALDP-CEC903/2020	2020-12-21	United Kingdom	genome	unknown	B.1.1.7	Alpha
1691	hCoV-19/England/TFCI-2703B3C/2020	2020-12-21	United Kingdom	genome	unknown	B.1.1.7	Alpha
1692	hCoV-19/England/MILK-D239F0/2020	2020-12-21	United Kingdom	genome	unknown	B.1.1.7	Alpha
1693	hCoV-19/England/MILK-D1BE56/2020	2020-12-21	United Kingdom	genome	unknown	B.1.1.7	Alpha
1694	hCoV-19/England/MILK-D2D70B/2020	2020-12-21	United Kingdom	genome	unknown	B.1.1.7	Alpha
1695	hCoV-19/England/TFCI-2703A6C/2020	2020-12-21	United Kingdom	genome	unknown	B.1.1.7	Alpha
1696	hCoV-19/England/MILK-D1A060/2020	2020-12-21	United Kingdom	genome	unknown	B.1.1.7	Alpha
1697	hCoV-19/England/MILK-D230CE/2020	2020-12-21	United Kingdom	genome	unknown	B.1.1.7	Alpha
1698	hCoV-19/England/OXON-F46EE7/2020	2020-12-21	United Kingdom	genome	unknown	B.1.1.7	Alpha
1699	hCoV-19/England/MILK-D1BE92/2020	2020-12-21	United Kingdom	genome	unknown	B.1.1.7	Alpha
1700	hCoV-19/England/ALDP-CE21C9/2020	2020-12-21	United Kingdom	genome	unknown	B.1.1.7	Alpha
1701	hCoV-19/England/QEUH-CC27FA/2020	2020-12-21	United Kingdom	genome	unknown	B.1.1.7	Alpha
1702	hCoV-19/England/QEUH-CC26A2/2020	2020-12-21	United Kingdom	genome	unknown	B.1.1.7	Alpha
1703	hCoV-19/England/QEUH-CC7C50/2020	2020-12-21	United Kingdom	genome	unknown	B.1.1.7	Alpha
1704	hCoV-19/England/QEUH-CC3850/2020	2020-12-21	United Kingdom	genome	unknown	B.1.1.7	Alpha
1705	hCoV-19/England/QEUH-CC7A38/2020	2020-12-21	United Kingdom	genome	unknown	B.1.1.7	Alpha
1706	hCoV-19/England/QEUH-CC48B9/2020	2020-12-21	United Kingdom	genome	unknown	B.1.1.7	Alpha
1707	hCoV-19/England/QEUH-CC3A0F/2020	2020-12-21	United Kingdom	genome	unknown	B.1.1.7	Alpha
1708	hCoV-19/England/LOND-1326860/2020	2020-12-21	United Kingdom	genome	unknown	B.1.1.7	Alpha
1709	hCoV-19/England/LOND-13253F7/2020	2020-12-21	United Kingdom	genome	unknown	B.1.1.7	Alpha
1710	hCoV-19/Wales/OXON-F4D123/2020	2020-12-21	United Kingdom	genome	unknown	B.1.1.7	Alpha
1711	hCoV-19/England/205261157/2020	2020-12-21	United Kingdom	genome	Female	B.1.1.7	Alpha
1712	hCoV-19/England/LOND-1325BB3/2020	2020-12-21	United Kingdom	genome	unknown	B.1.1.7	Alpha
1713	hCoV-19/England/OXON-F8B03B/2020	2020-12-21	United Kingdom	genome	unknown	B.1.1.7	Alpha
1714	hCoV-19/England/205241039/2020	2020-12-21	United Kingdom	genome	Female	B.1.1.7	Alpha
1715	hCoV-19/England/205221394/2020	2020-12-21	United Kingdom	genome	Male	B.1.1.7	Alpha
1716	hCoV-19/England/205260795/2020	2020-12-21	United Kingdom	genome	Female	B.1.1.7	Alpha
1717	hCoV-19/England/CAMC-CB88A9/2020	2020-12-21	United Kingdom	genome	unknown	B.1.1.7	Alpha
1718	hCoV-19/England/QEUH-CC289D/2020	2020-12-21	United Kingdom	genome	unknown	B.1.1.7	Alpha
1719	hCoV-19/England/QEUH-CCCAF7/2020	2020-12-21	United Kingdom	genome	unknown	B.1.1.7	Alpha
1720	hCoV-19/England/MILK-D09CD9/2020	2020-12-21	United Kingdom	genome	unknown	B.1.1.7	Alpha
1721	hCoV-19/England/QEUH-CC2420/2020	2020-12-21	United Kingdom	genome	unknown	B.1.1.7	Alpha
1722	hCoV-19/England/MILK-D0AD4E/2020	2020-12-21	United Kingdom	genome	unknown	B.1.1.7	Alpha
1723	hCoV-19/England/CAMB-A99B89/2020	2020-12-21	United Kingdom	genome	unknown	B.1.1.7	Alpha
1724	hCoV-19/England/CAMC-CF8ED8/2020	2020-12-21	United Kingdom	genome	unknown	B.1.1.7	Alpha
1725	hCoV-19/England/EXET-13FDD3/2020	2020-12-21	United Kingdom	genome	unknown	B.1.1.7	Alpha
1726	hCoV-19/England/CAMC-CFC2AB/2020	2020-12-21	United Kingdom	genome	unknown	B.1.1.7	Alpha
1727	hCoV-19/England/CAMC-CF38EE/2020	2020-12-21	United Kingdom	genome	unknown	B.1.1.7	Alpha
1728	hCoV-19/England/CAMC-CF3918/2020	2020-12-21	United Kingdom	genome	unknown	B.1.1.7	Alpha
1729	hCoV-19/England/CAMC-CFD9A5/2020	2020-12-21	United Kingdom	genome	unknown	B.1.1.7	Alpha
1730	hCoV-19/England/CAMC-D026A5/2020	2020-12-21	United Kingdom	genome	unknown	B.1.1.7	Alpha
1731	hCoV-19/England/CAMC-CFCF59/2020	2020-12-21	United Kingdom	genome	unknown	B.1.1.7	Alpha
1732	hCoV-19/England/CAMC-CF3945/2020	2020-12-21	United Kingdom	genome	unknown	B.1.1.7	Alpha
1733	hCoV-19/England/TFCI-270BB70/2020	2020-12-21	United Kingdom	genome	unknown	B.1.1.7	Alpha
1734	hCoV-19/England/TFCI-270BC7D/2020	2020-12-21	United Kingdom	genome	unknown	B.1.1.7	Alpha
1735	hCoV-19/England/CAMC-CFC29C/2020	2020-12-21	United Kingdom	genome	unknown	B.1.1.7	Alpha
1736	hCoV-19/England/QEUH-CC2781/2020	2020-12-21	United Kingdom	genome	unknown	B.1.1.7	Alpha
1737	hCoV-19/England/CAMC-CFE801/2020	2020-12-21	United Kingdom	genome	unknown	B.1.1.7	Alpha
1738	hCoV-19/England/CAMC-D03DDC/2020	2020-12-21	United Kingdom	genome	unknown	B.1.1.7	Alpha
1739	hCoV-19/England/CAMC-CF86FE/2020	2020-12-21	United Kingdom	genome	unknown	B.1.1.7	Alpha
1740	hCoV-19/England/MILK-D09D6D/2020	2020-12-21	United Kingdom	genome	unknown	B.1.1.7	Alpha
1741	hCoV-19/England/MILK-D0B81F/2020	2020-12-21	United Kingdom	genome	unknown	B.1.1.7	Alpha
1742	hCoV-19/England/CAMC-CFE7B9/2020	2020-12-21	United Kingdom	genome	unknown	B.1.1.7	Alpha
1743	hCoV-19/England/MILK-D0B79A/2020	2020-12-21	United Kingdom	genome	unknown	B.1.1.7	Alpha
1744	hCoV-19/England/MILK-D0B83D/2020	2020-12-21	United Kingdom	genome	unknown	B.1.1.7	Alpha
1745	hCoV-19/England/CAMC-D0255D/2020	2020-12-22	United Kingdom	genome	unknown	B.1.1.7	Alpha
1746	hCoV-19/England/CAMC-D024AB/2020	2020-12-22	United Kingdom	genome	unknown	B.1.1.7	Alpha
1747	hCoV-19/England/MILK-D23091/2020	2020-12-22	United Kingdom	genome	unknown	B.1.1.7	Alpha
1748	hCoV-19/England/MILK-D2278E/2020	2020-12-22	United Kingdom	genome	unknown	B.1.1.7	Alpha
1749	hCoV-19/England/LOND-128877F/2020	2020-12-22	United Kingdom	genome	unknown	B.1.1.7	Alpha
1750	hCoV-19/England/LOND-126C8F6/2020	2020-12-22	United Kingdom	genome	unknown	B.1.1.7	Alpha
1751	hCoV-19/England/CAMC-D04254/2020	2020-12-22	United Kingdom	genome	unknown	B.1.1.7	Alpha
1752	hCoV-19/England/LOND-132547C/2020	2020-12-22	United Kingdom	genome	unknown	B.1.1.7	Alpha
1753	hCoV-19/Wales/PHWC-4A8B05/2020	2020-12-22	United Kingdom	genome	unknown	B.1.1.7	Alpha
1754	hCoV-19/England/NOTT-121811/2020	2020-12-22	United Kingdom	genome	unknown	B.1.1.7	Alpha
1755	hCoV-19/England/MILK-D227AC/2020	2020-12-22	United Kingdom	genome	unknown	B.1.1.7	Alpha
1756	hCoV-19/England/205241267/2020	2020-12-22	United Kingdom	genome	Female	B.1.1.7	Alpha
1757	hCoV-19/England/QEUH-CC7B71/2020	2020-12-22	United Kingdom	genome	unknown	B.1.1.7	Alpha
1758	hCoV-19/England/OXON-F4710B/2020	2020-12-22	United Kingdom	genome	unknown	B.1.1.7	Alpha
1759	hCoV-19/England/MILK-D284EB/2020	2020-12-22	United Kingdom	genome	unknown	B.1.1.7	Alpha
1760	hCoV-19/England/MILK-D2DA99/2020	2020-12-22	United Kingdom	genome	unknown	B.1.1.7	Alpha
1761	hCoV-19/England/MILK-D28515/2020	2020-12-22	United Kingdom	genome	unknown	B.1.1.7	Alpha
1762	hCoV-19/England/LOND-1288539/2020	2020-12-22	United Kingdom	genome	unknown	B.1.1.7	Alpha
1763	hCoV-19/England/QEUH-CCCACA/2020	2020-12-22	United Kingdom	genome	unknown	B.1.1.7	Alpha
1764	hCoV-19/England/TFCI-2703923/2020	2020-12-22	United Kingdom	genome	unknown	B.1.1.7	Alpha
1765	hCoV-19/England/OXON-F46C65/2020	2020-12-22	United Kingdom	genome	unknown	B.1.1.7	Alpha
1766	hCoV-19/England/OXON-F4603C/2020	2020-12-22	United Kingdom	genome	unknown	B.1.1.7	Alpha
1767	hCoV-19/England/OXON-F44EBC/2020	2020-12-22	United Kingdom	genome	unknown	B.1.1.7	Alpha
1768	hCoV-19/England/PORT-1E7D304/2020	2020-12-22	United Kingdom	genome	unknown	B.1.1.7	Alpha
1769	hCoV-19/Wales/PHWC-4AD247/2020	2020-12-22	United Kingdom	genome	unknown	B.1.1.7	Alpha
1770	hCoV-19/England/TFCI-2709C51/2020	2020-12-22	United Kingdom	genome	unknown	B.1.1.7	Alpha
1771	hCoV-19/England/205240084/2020	2020-12-22	United Kingdom	genome	Female	B.1.1.7	Alpha
1772	hCoV-19/England/LOND-12E8D6C/2020	2020-12-22	United Kingdom	genome	unknown	B.1.1.7	Alpha
1773	hCoV-19/England/LOND-12E8D8A/2020	2020-12-22	United Kingdom	genome	unknown	B.1.1.7	Alpha
1774	hCoV-19/England/QEUH-CC5DAA/2020	2020-12-22	United Kingdom	genome	unknown	B.1.1.7	Alpha
1775	hCoV-19/England/LOND-12E8C41/2020	2020-12-22	United Kingdom	genome	unknown	B.1.1.7	Alpha
1776	hCoV-19/England/LOND-12E8CAB/2020	2020-12-22	United Kingdom	genome	unknown	B.1.1.7	Alpha
1777	hCoV-19/England/TFCI-270ADD5/2020	2020-12-22	United Kingdom	genome	unknown	B.1.1.7	Alpha
1778	hCoV-19/Wales/PHWC-4B2476/2020	2020-12-22	United Kingdom	genome	unknown	B.1.1.7	Alpha
1779	hCoV-19/England/MILK-D215FE/2020	2020-12-22	United Kingdom	genome	unknown	B.1.1.7	Alpha
1780	hCoV-19/England/OXON-F460C3/2020	2020-12-23	United Kingdom	genome	unknown	B.1.1.7	Alpha
1781	hCoV-19/Wales/PHWC-4AD757/2020	2020-12-23	United Kingdom	genome	unknown	B.1.1.7	Alpha
1782	hCoV-19/Wales/PHWC-4AD784/2020	2020-12-23	United Kingdom	genome	unknown	B.1.1.7	Alpha
1783	hCoV-19/England/TFCI-270C052/2020	2020-12-23	United Kingdom	genome	unknown	B.1.1.7	Alpha
1784	hCoV-19/Wales/PHWC-4BFE7B/2020	2020-12-23	United Kingdom	genome	unknown	B.1.1.7	Alpha
1785	hCoV-19/England/205261303/2020	2020-12-23	United Kingdom	genome	Female	B.1.1.7	Alpha
1786	hCoV-19/England/OXON-F456A4/2020	2020-12-23	United Kingdom	genome	unknown	B.1.1.7	Alpha
1787	hCoV-19/England/205261646/2020	2020-12-23	United Kingdom	genome	Male	B.1.1.7	Alpha
1788	hCoV-19/Scotland/QEUH-CC9966/2020	2020-12-23	United Kingdom	genome	unknown	B.1.1.7	Alpha
1789	hCoV-19/England/QEUH-CCC480/2020	2020-12-23	United Kingdom	genome	unknown	B.1.1.7	Alpha
1790	hCoV-19/England/205261567/2020	2020-12-23	United Kingdom	genome	Female	B.1.1.7	Alpha
1791	hCoV-19/England/NORW-222B50/2020	2020-12-23	United Kingdom	genome	unknown	B.1.1.7	Alpha
1792	hCoV-19/England/PHEC-158B52/2020	2020-12-23	United Kingdom	genome	unknown	B.1.1.7	Alpha
1793	hCoV-19/England/QEUH-CC977B/2020	2020-12-23	United Kingdom	genome	unknown	B.1.1.7	Alpha
1794	hCoV-19/England/TFCI-2709CCA/2020	2020-12-23	United Kingdom	genome	unknown	B.1.1.7	Alpha
1795	hCoV-19/England/TFCI-2709CE8/2020	2020-12-23	United Kingdom	genome	unknown	B.1.1.7	Alpha
1796	hCoV-19/England/TFCI-26FDE1F/2020	2020-12-23	United Kingdom	genome	unknown	B.1.1.7	Alpha
1797	hCoV-19/England/NORW-22185A/2020	2020-12-23	United Kingdom	genome	unknown	B.1.1.7	Alpha
1798	hCoV-19/England/QEUH-CCC990/2020	2020-12-23	United Kingdom	genome	unknown	B.1.1.7	Alpha
1799	hCoV-19/England/CAMC-D36918/2020	2020-12-23	United Kingdom	genome	unknown	B.1.1.7	Alpha
1800	hCoV-19/England/NORW-222006/2020	2020-12-23	United Kingdom	genome	unknown	B.1.1.7	Alpha
1801	hCoV-19/England/LOND-132B977/2020	2020-12-23	United Kingdom	genome	unknown	B.1.1.7	Alpha
1802	hCoV-19/England/NORT-1B7AE90/2020	2020-12-23	United Kingdom	genome	unknown	B.1.1.7	Alpha
1803	hCoV-19/England/MILK-D26AEB/2020	2020-12-23	United Kingdom	genome	unknown	B.1.1.7	Alpha
1804	hCoV-19/England/ALDP-CE2220/2020	2020-12-23	United Kingdom	genome	unknown	B.1.1.7	Alpha
1805	hCoV-19/England/LOND-132937B/2020	2020-12-23	United Kingdom	genome	unknown	B.1.1.7	Alpha
1806	hCoV-19/England/LOND-13294F0/2020	2020-12-23	United Kingdom	genome	unknown	B.1.1.7	Alpha
1807	hCoV-19/England/QEUH-CCCA51/2020	2020-12-23	United Kingdom	genome	unknown	B.1.1.7	Alpha
1808	hCoV-19/England/QEUH-CCA446/2020	2020-12-23	United Kingdom	genome	unknown	B.1.1.7	Alpha
1809	hCoV-19/England/MILK-D25387/2020	2020-12-23	United Kingdom	genome	unknown	B.1.1.7	Alpha
1810	hCoV-19/England/MILK-D253C3/2020	2020-12-23	United Kingdom	genome	unknown	B.1.1.7	Alpha
1811	hCoV-19/England/OXON-F443F9/2020	2020-12-23	United Kingdom	genome	unknown	B.1.1.7	Alpha
1812	hCoV-19/England/205260706/2020	2020-12-23	United Kingdom	genome	Male	B.1.1.7	Alpha
1813	hCoV-19/England/205241460/2020	2020-12-23	United Kingdom	genome	Male	B.1.1.7	Alpha
1814	hCoV-19/England/205240298/2020	2020-12-23	United Kingdom	genome	Female	B.1.1.7	Alpha
1815	hCoV-19/England/205240286/2020	2020-12-23	United Kingdom	genome	Male	B.1.1.7	Alpha
1816	hCoV-19/England/205261518/2020	2020-12-23	United Kingdom	genome	Female	B.1.1.7	Alpha
1817	hCoV-19/England/LOND-128840F/2020	2020-12-23	United Kingdom	genome	unknown	B.1.1.7	Alpha
1818	hCoV-19/England/OXON-F4563B/2020	2020-12-23	United Kingdom	genome	unknown	B.1.1.7	Alpha
1819	hCoV-19/England/PORT-1E7D39B/2020	2020-12-24	United Kingdom	genome	unknown	B.1.1.7	Alpha
1820	hCoV-19/England/MILK-D20A5A/2020	2020-12-24	United Kingdom	genome	unknown	B.1.1.7	Alpha
1821	hCoV-19/England/PORT-2D897D/2020	2020-12-24	United Kingdom	genome	unknown	B.1.1.7	Alpha
1822	hCoV-19/England/PORT-2D896E/2020	2020-12-24	United Kingdom	genome	unknown	B.1.1.7	Alpha
1823	hCoV-19/England/CAMC-D3508D/2020	2020-12-24	United Kingdom	genome	unknown	B.1.1.7	Alpha
1824	hCoV-19/England/ALDP-CE1A0B/2020	2020-12-24	United Kingdom	genome	unknown	B.1.1.7	Alpha
1825	hCoV-19/England/MILK-D20AD2/2020	2020-12-24	United Kingdom	genome	unknown	B.1.1.7	Alpha
1826	hCoV-19/Wales/PHWC-4AD9D9/2020	2020-12-24	United Kingdom	genome	unknown	B.1.1.7	Alpha
1827	hCoV-19/England/MILK-D26122/2020	2020-12-24	United Kingdom	genome	unknown	B.1.1.7	Alpha
1828	hCoV-19/England/MILK-D20B75/2020	2020-12-24	United Kingdom	genome	unknown	B.1.1.7	Alpha
1829	hCoV-19/England/205280147/2020	2020-12-24	United Kingdom	genome	Male	B.1.1.7	Alpha
1830	hCoV-19/England/205280505/2020	2020-12-24	United Kingdom	genome	Male	B.1.1.7	Alpha
1831	hCoV-19/England/MILK-D25E2C/2020	2020-12-24	United Kingdom	genome	unknown	B.1.1.7	Alpha
1832	hCoV-19/England/CAMC-D0E1C6/2020	2020-12-24	United Kingdom	genome	unknown	B.1.1.7	Alpha
1833	hCoV-19/Wales/PHWC-4B0BFB/2020	2020-12-24	United Kingdom	genome	unknown	B.1.1.7	Alpha
1834	hCoV-19/England/MILK-D68634/2020	2020-12-24	United Kingdom	genome	unknown	B.1.1.7	Alpha
1835	hCoV-19/Scotland/CVR6366/2020	2020-12-24	United Kingdom	genome	unknown	B.1.1.7	Alpha
1836	hCoV-19/Scotland/CVR6368/2020	2020-12-24	United Kingdom	genome	unknown	B.1.1.7	Alpha
1837	hCoV-19/Wales/PHWC-4B09D3/2020	2020-12-24	United Kingdom	genome	unknown	B.1.1.7	Alpha
1838	hCoV-19/England/NORT-1B7AFAC/2020	2020-12-24	United Kingdom	genome	unknown	B.1.1.7	Alpha
1839	hCoV-19/England/MILK-D63E6E/2020	2020-12-24	United Kingdom	genome	unknown	B.1.1.7	Alpha
1840	hCoV-19/England/205261477/2020	2020-12-24	United Kingdom	genome	Female	B.1.1.7	Alpha
1841	hCoV-19/England/CAMC-D37A14/2020	2020-12-24	United Kingdom	genome	unknown	B.1.1.7	Alpha
1842	hCoV-19/England/MILK-D63EF5/2020	2020-12-24	United Kingdom	genome	unknown	B.1.1.7	Alpha
1843	hCoV-19/England/MILK-D646B0/2020	2020-12-24	United Kingdom	genome	unknown	B.1.1.7	Alpha
1844	hCoV-19/England/MILK-D64744/2020	2020-12-24	United Kingdom	genome	unknown	B.1.1.7	Alpha
1845	hCoV-19/England/TFCI-2709B45/2020	2020-12-24	United Kingdom	genome	unknown	B.1.1.7	Alpha
1846	hCoV-19/England/QEUH-D97766/2020	2020-12-24	United Kingdom	genome	unknown	B.1.1.7	Alpha
1847	hCoV-19/England/QEUH-CCD908/2020	2020-12-24	United Kingdom	genome	unknown	B.1.1.7	Alpha
1848	hCoV-19/England/LOND-12F253A/2020	2020-12-24	United Kingdom	genome	unknown	B.1.1.7	Alpha
1849	hCoV-19/England/QEUH-CCD926/2020	2020-12-24	United Kingdom	genome	unknown	B.1.1.7	Alpha
1850	hCoV-19/England/QEUH-CCD971/2020	2020-12-24	United Kingdom	genome	unknown	B.1.1.7	Alpha
1851	hCoV-19/England/PORT-2E8AC2/2020	2020-12-24	United Kingdom	genome	unknown	B.1.1.7	Alpha
1852	hCoV-19/England/QEUH-CD0F4C/2020	2020-12-24	United Kingdom	genome	unknown	B.1.1.7	Alpha
1853	hCoV-19/England/QEUH-CD0EB8/2020	2020-12-24	United Kingdom	genome	unknown	B.1.1.7	Alpha
1854	hCoV-19/England/QEUH-CCDC87/2020	2020-12-24	United Kingdom	genome	unknown	B.1.1.7	Alpha
1855	hCoV-19/England/QEUH-CCD874/2020	2020-12-24	United Kingdom	genome	unknown	B.1.1.7	Alpha
1856	hCoV-19/England/NORW-222FCD/2020	2020-12-25	United Kingdom	genome	unknown	B.1.1.7	Alpha
1857	hCoV-19/England/ALDP-EED9F1/2020	2020-12-25	United Kingdom	genome	unknown	B.1.1.7	Alpha
1858	hCoV-19/Scotland/CVR6388/2020	2020-12-25	United Kingdom	genome	unknown	B.1.1.7	Alpha
1859	hCoV-19/England/MILK-D75081/2020	2020-12-25	United Kingdom	genome	unknown	B.1.1.7	Alpha
1860	hCoV-19/England/MILK-D7E63B/2020	2020-12-25	United Kingdom	genome	unknown	B.1.1.7	Alpha
1861	hCoV-19/England/LOND-13234F6/2020	2020-12-25	United Kingdom	genome	unknown	B.1.1.7	Alpha
1862	hCoV-19/England/MILK-D6930F/2020	2020-12-25	United Kingdom	genome	unknown	B.1.1.7	Alpha
1863	hCoV-19/England/MILK-D7E4AA/2020	2020-12-25	United Kingdom	genome	unknown	B.1.1.7	Alpha
1864	hCoV-19/England/MILK-D6934B/2020	2020-12-25	United Kingdom	genome	unknown	B.1.1.7	Alpha
1865	hCoV-19/England/MILK-D74EE2/2020	2020-12-25	United Kingdom	genome	unknown	B.1.1.7	Alpha
1866	hCoV-19/England/MILK-D67D9A/2020	2020-12-25	United Kingdom	genome	unknown	B.1.1.7	Alpha
1867	hCoV-19/England/CAMC-D0F514/2020	2020-12-26	United Kingdom	genome	unknown	B.1.1.7	Alpha
1868	hCoV-19/England/CAMC-D1148B/2020	2020-12-26	United Kingdom	genome	unknown	B.1.1.7	Alpha
1869	hCoV-19/England/CAMC-D11AE3/2020	2020-12-26	United Kingdom	genome	unknown	B.1.1.7	Alpha
1870	hCoV-19/England/CAMC-D3DD24/2020	2020-12-26	United Kingdom	genome	unknown	B.1.1.7	Alpha
1871	hCoV-19/England/CAMC-D11A10/2020	2020-12-26	United Kingdom	genome	unknown	B.1.1.7	Alpha
1872	hCoV-19/England/CAMC-D104D7/2020	2020-12-26	United Kingdom	genome	unknown	B.1.1.7	Alpha
1873	hCoV-19/England/CAMC-D3A7DE/2020	2020-12-26	United Kingdom	genome	unknown	B.1.1.7	Alpha
1874	hCoV-19/England/CAMC-D11667/2020	2020-12-26	United Kingdom	genome	unknown	B.1.1.7	Alpha
1875	hCoV-19/England/MILK-F36DA1/2020	2020-12-26	United Kingdom	genome	unknown	B.1.1.7	Alpha
1876	hCoV-19/England/CAMC-D0F347/2020	2020-12-26	United Kingdom	genome	unknown	B.1.1.7	Alpha
1877	hCoV-19/England/CAMC-D1010D/2020	2020-12-26	United Kingdom	genome	unknown	B.1.1.7	Alpha
1878	hCoV-19/England/QEUH-D199C0/2020	2020-12-26	United Kingdom	genome	unknown	B.1.1.7	Alpha
1879	hCoV-19/England/CAMC-D113E8/2020	2020-12-26	United Kingdom	genome	unknown	B.1.1.7	Alpha
1880	hCoV-19/England/CAMC-D1003D/2020	2020-12-26	United Kingdom	genome	unknown	B.1.1.7	Alpha
1881	hCoV-19/England/CAMC-D0E278/2020	2020-12-26	United Kingdom	genome	unknown	B.1.1.7	Alpha
1882	hCoV-19/England/CAMC-D0E24B/2020	2020-12-26	United Kingdom	genome	unknown	B.1.1.7	Alpha
1883	hCoV-19/England/QEUH-D12183/2020	2020-12-26	United Kingdom	genome	unknown	B.1.1.7	Alpha
1884	hCoV-19/England/CAMC-D0E22D/2020	2020-12-26	United Kingdom	genome	unknown	B.1.1.7	Alpha
1885	hCoV-19/England/QEUH-D1494D/2020	2020-12-26	United Kingdom	genome	unknown	B.1.1.7	Alpha
1886	hCoV-19/England/CAMC-D11500/2020	2020-12-26	United Kingdom	genome	unknown	B.1.1.7	Alpha
1887	hCoV-19/England/CAMC-D112BE/2020	2020-12-26	United Kingdom	genome	unknown	B.1.1.7	Alpha
1888	hCoV-19/England/CAMC-D118CB/2020	2020-12-26	United Kingdom	genome	unknown	B.1.1.7	Alpha
1889	hCoV-19/England/CAMC-D0F295/2020	2020-12-26	United Kingdom	genome	unknown	B.1.1.7	Alpha
1890	hCoV-19/England/CAMC-D11649/2020	2020-12-26	United Kingdom	genome	unknown	B.1.1.7	Alpha
1891	hCoV-19/England/CAMC-D0F3B0/2020	2020-12-26	United Kingdom	genome	unknown	B.1.1.7	Alpha
1892	hCoV-19/England/MILK-D74240/2020	2020-12-26	United Kingdom	genome	unknown	B.1.1.7	Alpha
1893	hCoV-19/England/LOND-1288B0A/2020	2020-12-26	United Kingdom	genome	unknown	B.1.1.7	Alpha
1894	hCoV-19/England/CAMC-D3709A/2020	2020-12-26	United Kingdom	genome	unknown	B.1.1.7	Alpha
1895	hCoV-19/England/MILK-D7A787/2020	2020-12-26	United Kingdom	genome	unknown	B.1.1.7	Alpha
1896	hCoV-19/England/CAMC-D34798/2020	2020-12-26	United Kingdom	genome	unknown	B.1.1.7	Alpha
1897	hCoV-19/England/CAMC-D30BCD/2020	2020-12-26	United Kingdom	genome	unknown	B.1.1.7	Alpha
1898	hCoV-19/England/LOND-1288A58/2020	2020-12-26	United Kingdom	genome	unknown	B.1.1.7	Alpha
1899	hCoV-19/England/QEUH-D8C412/2020	2020-12-26	United Kingdom	genome	unknown	B.1.1.7	Alpha
1900	hCoV-19/England/CAMC-D3D155/2020	2020-12-26	United Kingdom	genome	unknown	B.1.1.7	Alpha
1901	hCoV-19/England/CAMC-D3A686/2020	2020-12-26	United Kingdom	genome	unknown	B.1.1.7	Alpha
1902	hCoV-19/England/CAMC-D3A62C/2020	2020-12-26	United Kingdom	genome	unknown	B.1.1.7	Alpha
1903	hCoV-19/England/CAMC-D3A668/2020	2020-12-26	United Kingdom	genome	unknown	B.1.1.7	Alpha
1904	hCoV-19/England/CAMC-D34F27/2020	2020-12-26	United Kingdom	genome	unknown	B.1.1.7	Alpha
1905	hCoV-19/England/CAMC-D33D1F/2020	2020-12-26	United Kingdom	genome	unknown	B.1.1.7	Alpha
1906	hCoV-19/England/CAMC-D33C4F/2020	2020-12-26	United Kingdom	genome	unknown	B.1.1.7	Alpha
1907	hCoV-19/England/CAMC-D3D067/2020	2020-12-26	United Kingdom	genome	unknown	B.1.1.7	Alpha
1908	hCoV-19/England/CAMC-D11B86/2020	2020-12-26	United Kingdom	genome	unknown	B.1.1.7	Alpha
1909	hCoV-19/England/CAMC-D11AB6/2020	2020-12-26	United Kingdom	genome	unknown	B.1.1.7	Alpha
1910	hCoV-19/England/CAMC-D11B59/2020	2020-12-26	United Kingdom	genome	unknown	B.1.1.7	Alpha
1911	hCoV-19/England/CAMC-D0E31B/2020	2020-12-26	United Kingdom	genome	unknown	B.1.1.7	Alpha
1912	hCoV-19/England/CAMC-D112AF/2020	2020-12-26	United Kingdom	genome	unknown	B.1.1.7	Alpha
1913	hCoV-19/England/QEUH-D14D9C/2020	2020-12-26	United Kingdom	genome	unknown	B.1.1.7	Alpha
1914	hCoV-19/England/ALDP-CE26CA/2020	2020-12-26	United Kingdom	genome	unknown	B.1.1.7	Alpha
1915	hCoV-19/England/QEUH-D124D5/2020	2020-12-26	United Kingdom	genome	unknown	B.1.1.7	Alpha
1916	hCoV-19/England/CAMC-D0E2B4/2020	2020-12-26	United Kingdom	genome	unknown	B.1.1.7	Alpha
1917	hCoV-19/England/QEUH-D1980F/2020	2020-12-26	United Kingdom	genome	unknown	B.1.1.7	Alpha
1918	hCoV-19/England/QEUH-D1250F/2020	2020-12-26	United Kingdom	genome	unknown	B.1.1.7	Alpha
1919	hCoV-19/England/LOND-12F1FD3/2020	2020-12-26	United Kingdom	genome	unknown	B.1.1.7	Alpha
1920	hCoV-19/England/LOND-12F1F88/2020	2020-12-26	United Kingdom	genome	unknown	B.1.1.7	Alpha
1921	hCoV-19/England/QEUH-D14D41/2020	2020-12-26	United Kingdom	genome	unknown	B.1.1.7	Alpha
1922	hCoV-19/England/QEUH-CDF420/2020	2020-12-26	United Kingdom	genome	unknown	B.1.1.7	Alpha
1923	hCoV-19/England/LOND-12F30B0/2020	2020-12-26	United Kingdom	genome	unknown	B.1.1.7	Alpha
1924	hCoV-19/England/LOND-12F2989/2020	2020-12-26	United Kingdom	genome	unknown	B.1.1.7	Alpha
1925	hCoV-19/Wales/ALDP-CE1F2A/2020	2020-12-26	United Kingdom	genome	unknown	B.1.1.7	Alpha
1926	hCoV-19/Wales/ALDP-CE1FDF/2020	2020-12-26	United Kingdom	genome	unknown	B.1.1.7	Alpha
1927	hCoV-19/Wales/ALDP-CE1F57/2020	2020-12-26	United Kingdom	genome	unknown	B.1.1.7	Alpha
1928	hCoV-19/England/LOND-12FAA06/2020	2020-12-26	United Kingdom	genome	unknown	B.1.1.7	Alpha
1929	hCoV-19/England/MILK-D7AC2E/2020	2020-12-26	United Kingdom	genome	unknown	B.1.1.7	Alpha
1930	hCoV-19/England/CAMC-D368EE/2020	2020-12-26	United Kingdom	genome	unknown	B.1.1.7	Alpha
1931	hCoV-19/England/LOND-128DFBE/2020	2020-12-26	United Kingdom	genome	unknown	B.1.1.7	Alpha
1932	hCoV-19/England/EKHU-2610A30/2020	2020-12-26	United Kingdom	genome	unknown	B.1.1.7	Alpha
1933	hCoV-19/England/EKHU-2610AE5/2020	2020-12-26	United Kingdom	genome	unknown	B.1.1.7	Alpha
1934	hCoV-19/Wales/PHWC-4AE57A/2020	2020-12-26	United Kingdom	genome	unknown	B.1.1.7	Alpha
1935	hCoV-19/England/NORW-224110/2020	2020-12-27	United Kingdom	genome	unknown	B.1.1.7	Alpha
1936	hCoV-19/England/SHEF-10C8863/2020	2020-12-27	United Kingdom	genome	unknown	B.1.1.7	Alpha
1937	hCoV-19/Wales/PHWC-4B10DD/2020	2020-12-27	United Kingdom	genome	unknown	B.1.1.7	Alpha
1938	hCoV-19/Wales/ALDP-CE2A28/2020	2020-12-27	United Kingdom	genome	unknown	B.1.1.7	Alpha
1939	hCoV-19/Wales/ALDP-CE18F2/2020	2020-12-27	United Kingdom	genome	unknown	B.1.1.7	Alpha
1940	hCoV-19/England/GSTT-203012GNBBC32/2020	2020-12-27	United Kingdom	genome	unknown	B.1.1.7	Alpha
1941	hCoV-19/England/OXON-F4649A/2020	2020-12-27	United Kingdom	genome	unknown	B.1.1.7	Alpha
1942	hCoV-19/England/PORT-2E87BC/2020	2020-12-27	United Kingdom	genome	unknown	B.1.1.7	Alpha
1943	hCoV-19/England/CAMB-A9A845/2020	2020-12-27	United Kingdom	genome	unknown	B.1.1.7	Alpha
1944	hCoV-19/England/OXON-F46175/2020	2020-12-27	United Kingdom	genome	unknown	B.1.1.7	Alpha
1945	hCoV-19/England/OXON-F46421/2020	2020-12-27	United Kingdom	genome	unknown	B.1.1.7	Alpha
1946	hCoV-19/England/OXON-F45E33/2020	2020-12-27	United Kingdom	genome	unknown	B.1.1.7	Alpha
1947	hCoV-19/England/OXON-F484D4/2020	2020-12-27	United Kingdom	genome	unknown	B.1.1.7	Alpha
1948	hCoV-19/England/MILK-DAB34D/2020	2020-12-27	United Kingdom	genome	unknown	B.1.1.7	Alpha
1949	hCoV-19/England/MILK-DAAE89/2020	2020-12-27	United Kingdom	genome	unknown	B.1.1.7	Alpha
1950	hCoV-19/England/QEUH-D95F24/2020	2020-12-27	United Kingdom	genome	unknown	B.1.1.7	Alpha
1951	hCoV-19/Wales/PHWC-4B136B/2020	2020-12-27	United Kingdom	genome	unknown	B.1.1.7	Alpha
1952	hCoV-19/Wales/PHWC-4B1459/2020	2020-12-27	United Kingdom	genome	unknown	B.1.1.7	Alpha
1953	hCoV-19/Scotland/CVR6402/2020	2020-12-27	United Kingdom	genome	unknown	B.1.1.7	Alpha
1954	hCoV-19/England/QEUH-D14EA8/2020	2020-12-27	United Kingdom	genome	unknown	B.1.1.7	Alpha
1955	hCoV-19/England/QEUH-D15038/2020	2020-12-27	United Kingdom	genome	unknown	B.1.1.7	Alpha
1956	hCoV-19/England/QEUH-D14CF9/2020	2020-12-27	United Kingdom	genome	unknown	B.1.1.7	Alpha
1957	hCoV-19/England/ALDP-CE2BDA/2020	2020-12-27	United Kingdom	genome	unknown	B.1.1.7	Alpha
1958	hCoV-19/England/CAMC-D3A7FC/2020	2020-12-27	United Kingdom	genome	unknown	B.1.1.7	Alpha
1959	hCoV-19/England/ALDP-CE169E/2020	2020-12-27	United Kingdom	genome	unknown	B.1.1.7	Alpha
1960	hCoV-19/England/ALDP-D4131C/2020	2020-12-27	United Kingdom	genome	unknown	B.1.1.7	Alpha
1961	hCoV-19/England/ALDP-D41367/2020	2020-12-27	United Kingdom	genome	unknown	B.1.1.7	Alpha
1962	hCoV-19/England/ALDP-D3FB91/2020	2020-12-27	United Kingdom	genome	unknown	B.1.1.7	Alpha
1963	hCoV-19/England/CAMC-D3A70B/2020	2020-12-27	United Kingdom	genome	unknown	B.1.1.7	Alpha
1964	hCoV-19/England/QEUH-D15083/2020	2020-12-27	United Kingdom	genome	unknown	B.1.1.7	Alpha
1965	hCoV-19/England/QEUH-D14B92/2020	2020-12-27	United Kingdom	genome	unknown	B.1.1.7	Alpha
1966	hCoV-19/England/ALDP-CE2958/2020	2020-12-27	United Kingdom	genome	unknown	B.1.1.7	Alpha
1967	hCoV-19/England/ALDP-CE2994/2020	2020-12-27	United Kingdom	genome	unknown	B.1.1.7	Alpha
1968	hCoV-19/England/ALDP-CE26BB/2020	2020-12-27	United Kingdom	genome	unknown	B.1.1.7	Alpha
1969	hCoV-19/England/ALDP-CE282E/2020	2020-12-27	United Kingdom	genome	unknown	B.1.1.7	Alpha
1970	hCoV-19/England/QEUH-D19A90/2020	2020-12-27	United Kingdom	genome	unknown	B.1.1.7	Alpha
1971	hCoV-19/England/QEUH-D19B06/2020	2020-12-27	United Kingdom	genome	unknown	B.1.1.7	Alpha
1972	hCoV-19/England/ALDP-D403B3/2020	2020-12-27	United Kingdom	genome	unknown	B.1.1.7	Alpha
1973	hCoV-19/England/ALDP-D413D0/2020	2020-12-27	United Kingdom	genome	unknown	B.1.1.7	Alpha
1974	hCoV-19/England/ALDP-D3FB46/2020	2020-12-27	United Kingdom	genome	unknown	B.1.1.7	Alpha
1975	hCoV-19/England/CAMC-D33DC4/2020	2020-12-27	United Kingdom	genome	unknown	B.1.1.7	Alpha
1976	hCoV-19/England/ALDP-D413C1/2020	2020-12-27	United Kingdom	genome	unknown	B.1.1.7	Alpha
1977	hCoV-19/Wales/PHWC-4ADB88/2020	2020-12-27	United Kingdom	genome	unknown	B.1.1.7	Alpha
1978	hCoV-19/Wales/PHWC-4AE64A/2020	2020-12-27	United Kingdom	genome	unknown	B.1.1.7	Alpha
1979	hCoV-19/England/LOND-12F297A/2020	2020-12-27	United Kingdom	genome	unknown	B.1.1.7	Alpha
1980	hCoV-19/England/NORW-223F53/2020	2020-12-27	United Kingdom	genome	unknown	B.1.1.7	Alpha
1981	hCoV-19/England/LOND-12F2C53/2020	2020-12-27	United Kingdom	genome	unknown	B.1.1.7	Alpha
1982	hCoV-19/England/MILK-DAB161/2020	2020-12-27	United Kingdom	genome	unknown	B.1.1.7	Alpha
1983	hCoV-19/England/ALDP-CE277C/2020	2020-12-27	United Kingdom	genome	unknown	B.1.1.7	Alpha
1984	hCoV-19/Wales/PHWC-4AEF4F/2020	2020-12-27	United Kingdom	genome	unknown	B.1.1.7	Alpha
1985	hCoV-19/England/NORW-2238D0/2020	2020-12-28	United Kingdom	genome	unknown	B.1.1.7	Alpha
1986	hCoV-19/England/CAMC-DD8ABB/2020	2020-12-28	United Kingdom	genome	unknown	B.1.1.7	Alpha
1987	hCoV-19/England/MILK-DAD6CA/2020	2020-12-28	United Kingdom	genome	unknown	B.1.1.7	Alpha
1988	hCoV-19/England/MILK-DAD5EB/2020	2020-12-28	United Kingdom	genome	unknown	B.1.1.7	Alpha
1989	hCoV-19/England/MILK-DAA706/2020	2020-12-28	United Kingdom	genome	unknown	B.1.1.7	Alpha
1990	hCoV-19/England/MILK-DAA715/2020	2020-12-28	United Kingdom	genome	unknown	B.1.1.7	Alpha
1991	hCoV-19/England/MILK-DAA803/2020	2020-12-28	United Kingdom	genome	unknown	B.1.1.7	Alpha
1992	hCoV-19/England/TFCI-2709635/2020	2020-12-28	United Kingdom	genome	unknown	B.1.1.7	Alpha
1993	hCoV-19/England/BIRM-71143/2020	2020-12-28	United Kingdom	genome	unknown	B.1.1.7	Alpha
1994	hCoV-19/England/ALDP-D44944/2020	2020-12-28	United Kingdom	genome	unknown	B.1.1.7	Alpha
1995	hCoV-19/England/NORT-1B85418/2020	2020-12-28	United Kingdom	genome	unknown	B.1.1.7	Alpha
1996	hCoV-19/England/MILK-DAFEDF/2020	2020-12-28	United Kingdom	genome	unknown	B.1.1.7	Alpha
1997	hCoV-19/England/MILK-DAAFB3/2020	2020-12-28	United Kingdom	genome	unknown	B.1.1.7	Alpha
1998	hCoV-19/England/MILK-DAA79D/2020	2020-12-28	United Kingdom	genome	unknown	B.1.1.7	Alpha
1999	hCoV-19/England/NORT-1B87CB4/2020	2020-12-28	United Kingdom	genome	unknown	B.1.1.7	Alpha
2000	hCoV-19/Wales/PHWC-4B14B3/2020	2020-12-28	United Kingdom	genome	unknown	B.1.1.7	Alpha
2001	hCoV-19/England/MILK-E0B632/2020	2020-12-28	United Kingdom	genome	unknown	B.1.1.7	Alpha
2002	hCoV-19/England/MILK-E06C44/2020	2020-12-28	United Kingdom	genome	unknown	B.1.1.7	Alpha
2003	hCoV-19/England/MILK-E06C9F/2020	2020-12-28	United Kingdom	genome	unknown	B.1.1.7	Alpha
2004	hCoV-19/England/OXON-F47727/2020	2020-12-28	United Kingdom	genome	unknown	B.1.1.7	Alpha
2005	hCoV-19/England/MILK-E06A95/2020	2020-12-28	United Kingdom	genome	unknown	B.1.1.7	Alpha
2006	hCoV-19/England/EKHU-26108EB/2020	2020-12-28	United Kingdom	genome	unknown	B.1.1.7	Alpha
2007	hCoV-19/England/PORT-1E7D51D/2020	2020-12-28	United Kingdom	genome	unknown	B.1.1.7	Alpha
2008	hCoV-19/England/QEUH-D53942/2020	2020-12-29	United Kingdom	genome	unknown	B.1.1.7	Alpha
2009	hCoV-19/England/CAMC-DEAAD4/2020	2020-12-29	United Kingdom	genome	unknown	B.1.1.7	Alpha
2010	hCoV-19/England/OXON-FA7CEA/2020	2020-12-29	United Kingdom	genome	unknown	B.1.1.7	Alpha
2011	hCoV-19/England/CAMC-DDC6A4/2020	2020-12-29	United Kingdom	genome	unknown	B.1.1.7	Alpha
2012	hCoV-19/England/CAMC-DE5462/2020	2020-12-29	United Kingdom	genome	unknown	B.1.1.7	Alpha
2013	hCoV-19/England/CAMC-DDB247/2020	2020-12-29	United Kingdom	genome	unknown	B.1.1.7	Alpha
2014	hCoV-19/England/CAMC-DDB2CF/2020	2020-12-29	United Kingdom	genome	unknown	B.1.1.7	Alpha
2015	hCoV-19/England/CAMC-DD8DD0/2020	2020-12-29	United Kingdom	genome	unknown	B.1.1.7	Alpha
2016	hCoV-19/England/LOND-12E9150/2020	2020-12-29	United Kingdom	genome	unknown	B.1.1.7	Alpha
2017	hCoV-19/England/QEUH-D54ECA/2020	2020-12-29	United Kingdom	genome	unknown	B.1.1.7	Alpha
2018	hCoV-19/England/LOND-1288D9B/2020	2020-12-29	United Kingdom	genome	unknown	B.1.1.7	Alpha
2019	hCoV-19/England/MILK-DB047F/2020	2020-12-29	United Kingdom	genome	unknown	B.1.1.7	Alpha
2020	hCoV-19/England/QEUH-D54DCD/2020	2020-12-29	United Kingdom	genome	unknown	B.1.1.7	Alpha
2021	hCoV-19/England/QEUH-D84D5B/2020	2020-12-29	United Kingdom	genome	unknown	B.1.1.7	Alpha
2022	hCoV-19/England/QEUH-D84E67/2020	2020-12-29	United Kingdom	genome	unknown	B.1.1.7	Alpha
2023	hCoV-19/England/QEUH-D88F51/2020	2020-12-29	United Kingdom	genome	unknown	B.1.1.7	Alpha
2024	hCoV-19/England/CAMC-DE4E29/2020	2020-12-29	United Kingdom	genome	unknown	B.1.1.7	Alpha
2025	hCoV-19/England/QEUH-D88EEB/2020	2020-12-29	United Kingdom	genome	unknown	B.1.1.7	Alpha
2026	hCoV-19/England/MILK-E03AD4/2020	2020-12-29	United Kingdom	genome	unknown	B.1.1.7	Alpha
2027	hCoV-19/Scotland/QEUH-D50A42/2020	2020-12-29	United Kingdom	genome	unknown	B.1.1.7	Alpha
2028	hCoV-19/England/PORT-1E7CF5C/2020	2020-12-29	United Kingdom	genome	unknown	B.1.1.7	Alpha
2029	hCoV-19/England/CAMC-DEAC38/2020	2020-12-29	United Kingdom	genome	unknown	B.1.1.7	Alpha
2030	hCoV-19/England/MILK-E02783/2020	2020-12-29	United Kingdom	genome	unknown	B.1.1.7	Alpha
2031	hCoV-19/England/MILK-E0B939/2020	2020-12-29	United Kingdom	genome	unknown	B.1.1.7	Alpha
2032	hCoV-19/England/MILK-E0495E/2020	2020-12-29	United Kingdom	genome	unknown	B.1.1.7	Alpha
2033	hCoV-19/England/MILK-E0B711/2020	2020-12-29	United Kingdom	genome	unknown	B.1.1.7	Alpha
2034	hCoV-19/England/MILK-E0270B/2020	2020-12-29	United Kingdom	genome	unknown	B.1.1.7	Alpha
2035	hCoV-19/England/MILK-E0B580/2020	2020-12-29	United Kingdom	genome	unknown	B.1.1.7	Alpha
2036	hCoV-19/England/CAMC-DED4B5/2020	2020-12-29	United Kingdom	genome	unknown	B.1.1.7	Alpha
2037	hCoV-19/England/CAMC-DD9917/2020	2020-12-29	United Kingdom	genome	unknown	B.1.1.7	Alpha
2038	hCoV-19/England/205360112/2020	2020-12-29	United Kingdom	genome	Male	B.1.1.7	Alpha
2039	hCoV-19/England/205360090/2020	2020-12-29	United Kingdom	genome	Male	B.1.1.7	Alpha
2040	hCoV-19/England/QEUH-D51F24/2020	2020-12-29	United Kingdom	genome	unknown	B.1.1.7	Alpha
2041	hCoV-19/England/OXON-F48D8E/2020	2020-12-29	United Kingdom	genome	unknown	B.1.1.7	Alpha
2042	hCoV-19/England/QEUH-D514DA/2020	2020-12-29	United Kingdom	genome	unknown	B.1.1.7	Alpha
2043	hCoV-19/England/QEUH-D88B8A/2020	2020-12-29	United Kingdom	genome	unknown	B.1.1.7	Alpha
2044	hCoV-19/England/MILK-E0B84B/2020	2020-12-29	United Kingdom	genome	unknown	B.1.1.7	Alpha
2045	hCoV-19/England/CAMC-DEABB3/2020	2020-12-29	United Kingdom	genome	unknown	B.1.1.7	Alpha
2046	hCoV-19/England/QEUH-D891A5/2020	2020-12-29	United Kingdom	genome	unknown	B.1.1.7	Alpha
2047	hCoV-19/England/CAMC-DE5480/2020	2020-12-29	United Kingdom	genome	unknown	B.1.1.7	Alpha
2048	hCoV-19/England/QEUH-D51F42/2020	2020-12-29	United Kingdom	genome	unknown	B.1.1.7	Alpha
2049	hCoV-19/England/QEUH-D5457A/2020	2020-12-29	United Kingdom	genome	unknown	B.1.1.7	Alpha
2050	hCoV-19/England/MILK-DAF464/2020	2020-12-29	United Kingdom	genome	unknown	B.1.1.7	Alpha
2051	hCoV-19/England/OXON-F51CA3/2020	2020-12-29	United Kingdom	genome	unknown	B.1.1.7	Alpha
2052	hCoV-19/Scotland/CVR6430/2020	2020-12-29	United Kingdom	genome	unknown	B.1.1.7	Alpha
2053	hCoV-19/Wales/PHWC-4B079D/2020	2020-12-29	United Kingdom	genome	unknown	B.1.1.7	Alpha
2054	hCoV-19/England/OXON-F48BB1/2020	2020-12-29	United Kingdom	genome	unknown	B.1.1.7	Alpha
2055	hCoV-19/England/ALDP-D9FA38/2020	2020-12-29	United Kingdom	genome	unknown	B.1.1.7	Alpha
2056	hCoV-19/England/QEUH-D891E1/2020	2020-12-29	United Kingdom	genome	unknown	B.1.1.7	Alpha
2057	hCoV-19/England/205340347/2020	2020-12-29	United Kingdom	genome	Female	B.1.1.7	Alpha
2058	hCoV-19/England/CAMC-DD90E5/2020	2020-12-29	United Kingdom	genome	unknown	B.1.1.7	Alpha
2059	hCoV-19/England/QEUH-D8C45E/2020	2020-12-29	United Kingdom	genome	unknown	B.1.1.7	Alpha
2060	hCoV-19/England/CAMC-DED6CE/2020	2020-12-29	United Kingdom	genome	unknown	B.1.1.7	Alpha
2061	hCoV-19/England/CAMC-DED44C/2020	2020-12-29	United Kingdom	genome	unknown	B.1.1.7	Alpha
2062	hCoV-19/England/MILK-E037EC/2020	2020-12-29	United Kingdom	genome	unknown	B.1.1.7	Alpha
2063	hCoV-19/England/MILK-E0C3D0/2020	2020-12-29	United Kingdom	genome	unknown	B.1.1.7	Alpha
2064	hCoV-19/England/BIRM-70FE0/2020	2020-12-30	United Kingdom	genome	unknown	B.1.1.7	Alpha
2065	hCoV-19/England/ALDP-DA7727/2020	2020-12-30	United Kingdom	genome	unknown	B.1.1.7	Alpha
2066	hCoV-19/England/CAMC-DF222C/2020	2020-12-30	United Kingdom	genome	unknown	B.1.1.7	Alpha
2067	hCoV-19/England/ALDP-DA63F7/2020	2020-12-30	United Kingdom	genome	unknown	B.1.1.7	Alpha
2068	hCoV-19/England/ALDP-DA22A3/2020	2020-12-30	United Kingdom	genome	unknown	B.1.1.7	Alpha
2069	hCoV-19/England/ALDP-DA21E2/2020	2020-12-30	United Kingdom	genome	unknown	B.1.1.7	Alpha
2070	hCoV-19/England/ALDP-DA37FE/2020	2020-12-30	United Kingdom	genome	unknown	B.1.1.7	Alpha
2071	hCoV-19/England/ALDP-DA2768/2020	2020-12-30	United Kingdom	genome	unknown	B.1.1.7	Alpha
2072	hCoV-19/England/ALDP-DA3819/2020	2020-12-30	United Kingdom	genome	unknown	B.1.1.7	Alpha
2073	hCoV-19/England/CAMC-DF2295/2020	2020-12-30	United Kingdom	genome	unknown	B.1.1.7	Alpha
2074	hCoV-19/England/ALDP-DA6834/2020	2020-12-30	United Kingdom	genome	unknown	B.1.1.7	Alpha
2075	hCoV-19/England/ALDP-DA3767/2020	2020-12-30	United Kingdom	genome	unknown	B.1.1.7	Alpha
2076	hCoV-19/Scotland/QEUH-D99272/2020	2020-12-30	United Kingdom	genome	unknown	B.1.1.7	Alpha
2077	hCoV-19/Scotland/QEUH-D99263/2020	2020-12-30	United Kingdom	genome	unknown	B.1.1.7	Alpha
2078	hCoV-19/England/TFCI-270012E/2020	2020-12-30	United Kingdom	genome	unknown	B.1.1.7	Alpha
2079	hCoV-19/Wales/PHWC-4AF70A/2020	2020-12-30	United Kingdom	genome	unknown	B.1.1.7	Alpha
2080	hCoV-19/England/TFCI-26FDA2A/2020	2020-12-30	United Kingdom	genome	unknown	B.1.1.7	Alpha
2081	hCoV-19/England/CAMC-DF46E2/2020	2020-12-30	United Kingdom	genome	unknown	B.1.1.7	Alpha
2082	hCoV-19/England/TFCI-26FD8A8/2020	2020-12-30	United Kingdom	genome	unknown	B.1.1.7	Alpha
2083	hCoV-19/England/TFCI-26FD77E/2020	2020-12-30	United Kingdom	genome	unknown	B.1.1.7	Alpha
2084	hCoV-19/England/LOND-1322F7E/2020	2020-12-30	United Kingdom	genome	unknown	B.1.1.7	Alpha
2085	hCoV-19/England/QEUH-D95D84/2020	2020-12-30	United Kingdom	genome	unknown	B.1.1.7	Alpha
2086	hCoV-19/England/CAMC-DEFA93/2020	2020-12-30	United Kingdom	genome	unknown	B.1.1.7	Alpha
2087	hCoV-19/England/ALDP-DA6773/2020	2020-12-30	United Kingdom	genome	unknown	B.1.1.7	Alpha
2088	hCoV-19/England/ALDP-DA68AD/2020	2020-12-30	United Kingdom	genome	unknown	B.1.1.7	Alpha
2089	hCoV-19/Wales/PHWC-4B408F/2020	2020-12-30	United Kingdom	genome	unknown	B.1.1.7	Alpha
2090	hCoV-19/England/TFCI-26FE5EC/2020	2020-12-30	United Kingdom	genome	unknown	B.1.1.7	Alpha
2091	hCoV-19/England/ALDP-DA2795/2020	2020-12-30	United Kingdom	genome	unknown	B.1.1.7	Alpha
2092	hCoV-19/England/TFCI-26FD811/2020	2020-12-30	United Kingdom	genome	unknown	B.1.1.7	Alpha
2093	hCoV-19/England/ALDP-DA6791/2020	2020-12-30	United Kingdom	genome	unknown	B.1.1.7	Alpha
2094	hCoV-19/England/NOTT-122070/2020	2020-12-30	United Kingdom	genome	unknown	B.1.1.7	Alpha
2095	hCoV-19/England/205390464/2020	2020-12-30	United Kingdom	genome	Male	B.1.1.7	Alpha
2096	hCoV-19/England/LOND-12F3760/2020	2020-12-30	United Kingdom	genome	unknown	B.1.1.7	Alpha
2097	hCoV-19/England/QEUH-D8A3F9/2020	2020-12-30	United Kingdom	genome	unknown	B.1.1.7	Alpha
2098	hCoV-19/England/QEUH-D8A4AB/2020	2020-12-30	United Kingdom	genome	unknown	B.1.1.7	Alpha
2099	hCoV-19/England/OXON-F491CD/2020	2020-12-30	United Kingdom	genome	unknown	B.1.1.7	Alpha
2100	hCoV-19/England/205390064/2020	2020-12-30	United Kingdom	genome	Female	B.1.1.7	Alpha
2101	hCoV-19/England/C210000079/2020	2020-12-30	United Kingdom	genome	unknown	B.1.1.7	Alpha
2102	hCoV-19/England/MILK-E64F2D/2020	2020-12-30	United Kingdom	genome	unknown	B.1.1.7	Alpha
2103	hCoV-19/England/NORW-223A8F/2020	2020-12-30	United Kingdom	genome	unknown	B.1.1.7	Alpha
2104	hCoV-19/England/SHEF-10C6B6C/2020	2020-12-30	United Kingdom	genome	unknown	B.1.1.7	Alpha
2105	hCoV-19/England/NORT-1B85867/2020	2020-12-30	United Kingdom	genome	unknown	B.1.1.7	Alpha
2106	hCoV-19/England/NORW-22371F/2020	2020-12-30	United Kingdom	genome	unknown	B.1.1.7	Alpha
2107	hCoV-19/England/MILK-E64F69/2020	2020-12-30	United Kingdom	genome	unknown	B.1.1.7	Alpha
2108	hCoV-19/NorthernIreland/NIRE-235BE1/2020	2020-12-30	United Kingdom	genome	unknown	B.1.1.7	Alpha
2109	hCoV-19/England/CAMC-DEF978/2020	2020-12-30	United Kingdom	genome	unknown	B.1.1.7	Alpha
2110	hCoV-19/England/ALDP-EECFC3/2020	2020-12-31	United Kingdom	genome	unknown	B.1.1.7	Alpha
2111	hCoV-19/England/ALDP-EE58DE/2020	2020-12-31	United Kingdom	genome	unknown	B.1.1.7	Alpha
2112	hCoV-19/England/LIVE-DD38B6/2020	2020-12-31	United Kingdom	genome	unknown	B.1.1.7	Alpha
2113	hCoV-19/England/OXON-F4A41E/2020	2020-12-31	United Kingdom	genome	unknown	B.1.1.7	Alpha
2114	hCoV-19/England/QEUH-D92877/2020	2020-12-31	United Kingdom	genome	unknown	B.1.1.7	Alpha
2115	hCoV-19/England/BIRM-7126E/2020	2020-12-31	United Kingdom	genome	unknown	B.1.1.7	Alpha
2116	hCoV-19/England/TFCI-26FAA2D/2020	2020-12-31	United Kingdom	genome	unknown	B.1.1.7	Alpha
2117	hCoV-19/Wales/ALDP-E2F45C/2020	2020-12-31	United Kingdom	genome	unknown	B.1.1.7	Alpha
2118	hCoV-19/Wales/ALDP-D9E1CB/2020	2020-12-31	United Kingdom	genome	unknown	B.1.1.7	Alpha
2119	hCoV-19/England/LOND-1288EB6/2020	2020-12-31	United Kingdom	genome	unknown	B.1.1.7	Alpha
2120	hCoV-19/NorthernIreland/NIRE-235D09/2020	2020-12-31	United Kingdom	genome	unknown	B.1.1.7	Alpha
2121	hCoV-19/England/LOND-1288FE0/2020	2020-12-31	United Kingdom	genome	unknown	B.1.1.7	Alpha
2122	hCoV-19/England/205390717/2020	2020-12-31	United Kingdom	genome	unknown	B.1.1.7	Alpha
2123	hCoV-19/England/ALDP-DB729C/2020	2020-12-31	United Kingdom	genome	unknown	B.1.1.7	Alpha
2124	hCoV-19/England/QEUH-D91A36/2020	2020-12-31	United Kingdom	genome	unknown	B.1.1.7	Alpha
2125	hCoV-19/England/205360385/2020	2020-12-31	United Kingdom	genome	Female	B.1.1.7	Alpha
2126	hCoV-19/England/MILK-E73A66/2020	2020-12-31	United Kingdom	genome	unknown	B.1.1.7	Alpha
2127	hCoV-19/England/MILK-E73BCD/2020	2020-12-31	United Kingdom	genome	unknown	B.1.1.7	Alpha
2128	hCoV-19/England/ALDP-E2F44D/2020	2020-12-31	United Kingdom	genome	unknown	B.1.1.7	Alpha
2129	hCoV-19/England/MILK-E6579D/2020	2020-12-31	United Kingdom	genome	unknown	B.1.1.7	Alpha
2130	hCoV-19/England/ALDP-DBA660/2020	2020-12-31	United Kingdom	genome	unknown	B.1.1.7	Alpha
2131	hCoV-19/England/LOND-12F3F86/2020	2020-12-31	United Kingdom	genome	unknown	B.1.1.7	Alpha
2132	hCoV-19/England/TFCI-2700795/2020	2020-12-31	United Kingdom	genome	unknown	B.1.1.7	Alpha
2133	hCoV-19/England/NORW-223964/2020	2020-12-31	United Kingdom	genome	unknown	B.1.1.7	Alpha
2134	hCoV-19/England/205361347/2020	2020-12-31	United Kingdom	genome	Male	B.1.1.7	Alpha
2135	hCoV-19/England/ALDP-D9F160/2020	2020-12-31	United Kingdom	genome	unknown	B.1.1.7	Alpha
2136	hCoV-19/England/ALDP-EE0D10/2020	2020-12-31	United Kingdom	genome	unknown	B.1.1.7	Alpha
2137	hCoV-19/England/ALDP-EF1981/2020	2020-12-31	United Kingdom	genome	unknown	B.1.1.7	Alpha
2138	hCoV-19/England/CAMC-E5CA90/2020	2020-12-31	United Kingdom	genome	unknown	B.1.1.7	Alpha
2139	hCoV-19/England/ALDP-EE8B3C/2020	2020-12-31	United Kingdom	genome	unknown	B.1.1.7	Alpha
2140	hCoV-19/England/ALDP-EEF91D/2020	2020-12-31	United Kingdom	genome	unknown	B.1.1.7	Alpha
2141	hCoV-19/England/ALDP-EECFB4/2020	2020-12-31	United Kingdom	genome	unknown	B.1.1.7	Alpha
2142	hCoV-19/England/CAMB-A991A5/2020	2020-12-31	United Kingdom	genome	unknown	B.1.1.7	Alpha
2143	hCoV-19/England/ALDP-F75359/2020	2020-12-31	United Kingdom	genome	unknown	B.1.1.7	Alpha
2144	hCoV-19/England/ALDP-F749EF/2020	2020-12-31	United Kingdom	genome	unknown	B.1.1.7	Alpha
2145	hCoV-19/England/ALDP-F75368/2020	2020-12-31	United Kingdom	genome	unknown	B.1.1.7	Alpha
2146	hCoV-19/England/ALDP-F7423F/2020	2020-12-31	United Kingdom	genome	unknown	B.1.1.7	Alpha
2147	hCoV-19/England/ALDP-DC5E97/2020	2020-12-31	United Kingdom	genome	unknown	B.1.1.7	Alpha
2148	hCoV-19/England/ALDP-EF1ABB/2020	2020-12-31	United Kingdom	genome	unknown	B.1.1.7	Alpha
2149	hCoV-19/England/ALDP-DCB4AE/2020	2020-12-31	United Kingdom	genome	unknown	B.1.1.7	Alpha
2150	hCoV-19/England/TFCI-26FD5ED/2020	2020-12-31	United Kingdom	genome	unknown	B.1.1.7	Alpha
2151	hCoV-19/England/TFCI-27005F5/2020	2020-12-31	United Kingdom	genome	unknown	B.1.1.7	Alpha
2152	hCoV-19/England/ALDP-DC5F0D/2020	2020-12-31	United Kingdom	genome	unknown	B.1.1.7	Alpha
2153	hCoV-19/England/ALDP-DCB954/2020	2020-12-31	United Kingdom	genome	unknown	B.1.1.7	Alpha
2154	hCoV-19/England/ALDP-E2DE9C/2021	2021-01-01	United Kingdom	genome	unknown	B.1.1.7	Alpha
2155	hCoV-19/England/MILK-E68CAA/2021	2021-01-01	United Kingdom	genome	unknown	B.1.1.7	Alpha
2156	hCoV-19/England/MILK-E68C7D/2021	2021-01-01	United Kingdom	genome	unknown	B.1.1.7	Alpha
2157	hCoV-19/England/SGUH-107EA/2021	2021-01-01	United Kingdom	genome	unknown	B.1.1.7	Alpha
2158	hCoV-19/England/ALDP-E2ACD1/2021	2021-01-01	United Kingdom	genome	unknown	B.1.1.7	Alpha
2159	hCoV-19/England/ALDP-E2BC76/2021	2021-01-01	United Kingdom	genome	unknown	B.1.1.7	Alpha
2160	hCoV-19/England/ALDP-EEEB45/2021	2021-01-01	United Kingdom	genome	unknown	B.1.1.7	Alpha
2161	hCoV-19/England/ALDP-EE8C57/2021	2021-01-01	United Kingdom	genome	unknown	B.1.1.7	Alpha
2162	hCoV-19/England/TFCI-2700A32/2021	2021-01-01	United Kingdom	genome	unknown	B.1.1.7	Alpha
2163	hCoV-19/England/TFCI-2700971/2021	2021-01-01	United Kingdom	genome	unknown	B.1.1.7	Alpha
2164	hCoV-19/England/CAMC-E00C0E/2021	2021-01-01	United Kingdom	genome	unknown	B.1.1.7	Alpha
2165	hCoV-19/England/LOND-12F3A1C/2021	2021-01-01	United Kingdom	genome	unknown	B.1.1.7	Alpha
2166	hCoV-19/England/ALDP-DB6181/2021	2021-01-01	United Kingdom	genome	unknown	B.1.1.7	Alpha
2167	hCoV-19/England/MILK-E630EF/2021	2021-01-01	United Kingdom	genome	unknown	B.1.1.7	Alpha
2168	hCoV-19/England/ALDP-E307E6/2021	2021-01-01	United Kingdom	genome	unknown	B.1.1.7	Alpha
2169	hCoV-19/England/ALDP-DB61FA/2021	2021-01-01	United Kingdom	genome	unknown	B.1.1.7	Alpha
2170	hCoV-19/England/LIVE-DD392C/2020	2021-01-01	United Kingdom	genome	unknown	B.1.1.7	Alpha
2171	hCoV-19/England/ALDP-E306AD/2021	2021-01-01	United Kingdom	genome	unknown	B.1.1.7	Alpha
2172	hCoV-19/England/ALDP-F74CD7/2021	2021-01-01	United Kingdom	genome	unknown	B.1.1.7	Alpha
2173	hCoV-19/England/ALDP-E2DF7B/2021	2021-01-01	United Kingdom	genome	unknown	B.1.1.7	Alpha
2174	hCoV-19/England/NORT-1B96F6E/2021	2021-01-01	United Kingdom	genome	unknown	B.1.1.7	Alpha
2175	hCoV-19/England/LOND-132B24F/2021	2021-01-01	United Kingdom	genome	unknown	B.1.1.7	Alpha
2176	hCoV-19/England/ALDP-EE91DF/2021	2021-01-02	United Kingdom	genome	unknown	B.1.1.7	Alpha
2177	hCoV-19/England/CAMC-E51DA1/2021	2021-01-02	United Kingdom	genome	unknown	B.1.1.7	Alpha
2178	hCoV-19/England/OXON-F498F5/2021	2021-01-02	United Kingdom	genome	unknown	B.1.1.7	Alpha
2179	hCoV-19/England/MILK-EB3C37/2021	2021-01-02	United Kingdom	genome	unknown	B.1.1.7	Alpha
2180	hCoV-19/England/PHESW-YYBN6Y7/2021	2021-01-02	United Kingdom	genome	unknown	B.1.1.7	Alpha
2181	hCoV-19/England/CAMC-E51F23/2021	2021-01-02	United Kingdom	genome	unknown	B.1.1.7	Alpha
2182	hCoV-19/England/ALDP-E87847/2021	2021-01-02	United Kingdom	genome	unknown	B.1.1.7	Alpha
2183	hCoV-19/England/MILK-E7F3BA/2021	2021-01-02	United Kingdom	genome	unknown	B.1.1.7	Alpha
2184	hCoV-19/England/MILK-E72223/2021	2021-01-02	United Kingdom	genome	unknown	B.1.1.7	Alpha
2185	hCoV-19/England/MILK-E7F45D/2021	2021-01-02	United Kingdom	genome	unknown	B.1.1.7	Alpha
2186	hCoV-19/England/ALDP-E2E36F/2021	2021-01-02	United Kingdom	genome	unknown	B.1.1.7	Alpha
2187	hCoV-19/England/QEUH-DD2F85/2021	2021-01-02	United Kingdom	genome	unknown	B.1.1.7	Alpha
2188	hCoV-19/England/ALDP-F754CF/2021	2021-01-02	United Kingdom	genome	unknown	B.1.1.7	Alpha
2189	hCoV-19/England/CAMC-E513EB/2021	2021-01-02	United Kingdom	genome	unknown	B.1.1.7	Alpha
2190	hCoV-19/England/MILK-E7F2CC/2021	2021-01-02	United Kingdom	genome	unknown	B.1.1.7	Alpha
2191	hCoV-19/England/CAMC-E52335/2021	2021-01-02	United Kingdom	genome	unknown	B.1.1.7	Alpha
2192	hCoV-19/England/ALDP-E385A8/2021	2021-01-02	United Kingdom	genome	unknown	B.1.1.7	Alpha
2193	hCoV-19/England/ALDP-E319FE/2021	2021-01-02	United Kingdom	genome	unknown	B.1.1.7	Alpha
2194	hCoV-19/England/CAMC-E513FA/2021	2021-01-02	United Kingdom	genome	unknown	B.1.1.7	Alpha
2195	hCoV-19/England/ALDP-E2E38D/2021	2021-01-02	United Kingdom	genome	unknown	B.1.1.7	Alpha
2196	hCoV-19/England/ALDP-EE280E/2021	2021-01-02	United Kingdom	genome	unknown	B.1.1.7	Alpha
2197	hCoV-19/England/MILK-EB437D/2021	2021-01-02	United Kingdom	genome	unknown	B.1.1.7	Alpha
2198	hCoV-19/England/MILK-EB6AA3/2021	2021-01-02	United Kingdom	genome	unknown	B.1.1.7	Alpha
2199	hCoV-19/England/NORT-2A163A/2021	2021-01-02	United Kingdom	genome	unknown	B.1.1.7	Alpha
2200	hCoV-19/England/ALDP-EEFF48/2021	2021-01-02	United Kingdom	genome	unknown	B.1.1.7	Alpha
2201	hCoV-19/England/WSFT-25D154A/2021	2021-01-02	United Kingdom	genome	unknown	B.1.1.7	Alpha
2202	hCoV-19/England/MILK-EB89A4/2021	2021-01-02	United Kingdom	genome	unknown	B.1.1.7	Alpha
2203	hCoV-19/England/MILK-EB3CA0/2021	2021-01-02	United Kingdom	genome	unknown	B.1.1.7	Alpha
2204	hCoV-19/England/MILK-EB439B/2021	2021-01-02	United Kingdom	genome	unknown	B.1.1.7	Alpha
2205	hCoV-19/England/QEUH-DD2EF1/2021	2021-01-02	United Kingdom	genome	unknown	B.1.1.7	Alpha
2206	hCoV-19/England/ALDP-E8268E/2021	2021-01-02	United Kingdom	genome	unknown	B.1.1.7	Alpha
2207	hCoV-19/England/LOND-128E0BA/2021	2021-01-02	United Kingdom	genome	unknown	B.1.1.7	Alpha
2208	hCoV-19/England/MILK-EB6FE0/2021	2021-01-02	United Kingdom	genome	unknown	B.1.1.7	Alpha
2209	hCoV-19/England/CAMC-E52098/2021	2021-01-02	United Kingdom	genome	unknown	B.1.1.7	Alpha
2210	hCoV-19/England/MILK-E7BE62/2021	2021-01-02	United Kingdom	genome	unknown	B.1.1.7	Alpha
2211	hCoV-19/England/MILK-EBB09D/2021	2021-01-02	United Kingdom	genome	unknown	B.1.1.7	Alpha
2212	hCoV-19/England/ALDP-EECD50/2021	2021-01-02	United Kingdom	genome	unknown	B.1.1.7	Alpha
2213	hCoV-19/England/MILK-E7E9AA/2021	2021-01-02	United Kingdom	genome	unknown	B.1.1.7	Alpha
2214	hCoV-19/England/ALDP-EE8B96/2021	2021-01-02	United Kingdom	genome	unknown	B.1.1.7	Alpha
2215	hCoV-19/England/MILK-EB43D7/2021	2021-01-02	United Kingdom	genome	unknown	B.1.1.7	Alpha
2216	hCoV-19/England/MILK-EB795A/2021	2021-01-02	United Kingdom	genome	unknown	B.1.1.7	Alpha
2217	hCoV-19/England/CAMC-E51B01/2021	2021-01-02	United Kingdom	genome	unknown	B.1.1.7	Alpha
2218	hCoV-19/England/CAMC-E52757/2021	2021-01-02	United Kingdom	genome	unknown	B.1.1.7	Alpha
2219	hCoV-19/England/MILK-E721EA/2021	2021-01-02	United Kingdom	genome	unknown	B.1.1.7	Alpha
2220	hCoV-19/England/QEUH-D9D056/2021	2021-01-02	United Kingdom	genome	unknown	B.1.1.7	Alpha
2221	hCoV-19/England/LOND-12F4ADF/2021	2021-01-02	United Kingdom	genome	unknown	B.1.1.7	Alpha
2222	hCoV-19/England/ALDP-E877FF/2021	2021-01-02	United Kingdom	genome	unknown	B.1.1.7	Alpha
2223	hCoV-19/England/MILK-EB6A67/2021	2021-01-02	United Kingdom	genome	unknown	B.1.1.7	Alpha
2224	hCoV-19/England/ALDP-E856B8/2021	2021-01-02	United Kingdom	genome	unknown	B.1.1.7	Alpha
2225	hCoV-19/England/MILK-EB4911/2021	2021-01-02	United Kingdom	genome	unknown	B.1.1.7	Alpha
2226	hCoV-19/England/ALDP-E82B43/2021	2021-01-02	United Kingdom	genome	unknown	B.1.1.7	Alpha
2227	hCoV-19/England/MILK-EB4771/2021	2021-01-02	United Kingdom	genome	unknown	B.1.1.7	Alpha
2228	hCoV-19/England/ALDP-E878A1/2021	2021-01-02	United Kingdom	genome	unknown	B.1.1.7	Alpha
2229	hCoV-19/England/CAMC-E5C113/2021	2021-01-02	United Kingdom	genome	unknown	B.1.1.7	Alpha
2230	hCoV-19/England/ALDP-E878ED/2021	2021-01-02	United Kingdom	genome	unknown	B.1.1.7	Alpha
2231	hCoV-19/England/ALDP-E82642/2021	2021-01-02	United Kingdom	genome	unknown	B.1.1.7	Alpha
2232	hCoV-19/England/MILK-EBCE38/2021	2021-01-02	United Kingdom	genome	unknown	B.1.1.7	Alpha
2233	hCoV-19/England/MILK-EC71E6/2021	2021-01-02	United Kingdom	genome	unknown	B.1.1.7	Alpha
2234	hCoV-19/England/MILK-EB3AB5/2021	2021-01-02	United Kingdom	genome	unknown	B.1.1.7	Alpha
2235	hCoV-19/England/ALDP-E82ACE/2021	2021-01-02	United Kingdom	genome	unknown	B.1.1.7	Alpha
2236	hCoV-19/England/MILK-EC70CB/2021	2021-01-02	United Kingdom	genome	unknown	B.1.1.7	Alpha
2237	hCoV-19/England/MILK-EB66FA/2021	2021-01-02	United Kingdom	genome	unknown	B.1.1.7	Alpha
2238	hCoV-19/England/ALDP-EB38AC/2021	2021-01-02	United Kingdom	genome	unknown	B.1.1.7	Alpha
2239	hCoV-19/England/MILK-EB4814/2021	2021-01-02	United Kingdom	genome	unknown	B.1.1.7	Alpha
2240	hCoV-19/England/MILK-EB6A94/2021	2021-01-02	United Kingdom	genome	unknown	B.1.1.7	Alpha
2241	hCoV-19/England/ALDP-F74C13/2021	2021-01-02	United Kingdom	genome	unknown	B.1.1.7	Alpha
2242	hCoV-19/England/ALDP-F74BAD/2021	2021-01-02	United Kingdom	genome	unknown	B.1.1.7	Alpha
2243	hCoV-19/England/ALDP-F75632/2021	2021-01-02	United Kingdom	genome	unknown	B.1.1.7	Alpha
2244	hCoV-19/England/ALDP-F742B7/2021	2021-01-02	United Kingdom	genome	unknown	B.1.1.7	Alpha
2245	hCoV-19/England/MILK-E7E8E9/2021	2021-01-02	United Kingdom	genome	unknown	B.1.1.7	Alpha
2246	hCoV-19/England/CAMC-E520B6/2021	2021-01-02	United Kingdom	genome	unknown	B.1.1.7	Alpha
2247	hCoV-19/England/MILK-EB498A/2021	2021-01-02	United Kingdom	genome	unknown	B.1.1.7	Alpha
2248	hCoV-19/England/CAMC-E51257/2021	2021-01-02	United Kingdom	genome	unknown	B.1.1.7	Alpha
2249	hCoV-19/England/CAMC-E520F2/2021	2021-01-02	United Kingdom	genome	unknown	B.1.1.7	Alpha
2250	hCoV-19/England/MILK-EC6C8C/2021	2021-01-02	United Kingdom	genome	unknown	B.1.1.7	Alpha
2251	hCoV-19/England/QEUH-E4D485/2021	2021-01-03	United Kingdom	genome	unknown	B.1.1.7	Alpha
2252	hCoV-19/England/MILK-ECBE72/2021	2021-01-03	United Kingdom	genome	unknown	B.1.1.7	Alpha
2253	hCoV-19/England/TFCI-2703E60/2021	2021-01-03	United Kingdom	genome	unknown	B.1.1.7	Alpha
2254	hCoV-19/England/QEUH-DD39D1/2021	2021-01-03	United Kingdom	genome	unknown	B.1.1.7	Alpha
2255	hCoV-19/Wales/PHWC-4B6472/2021	2021-01-03	United Kingdom	genome	unknown	B.1.1.7	Alpha
2256	hCoV-19/England/MILK-EBF952/2021	2021-01-03	United Kingdom	genome	unknown	B.1.1.7	Alpha
2257	hCoV-19/Scotland/EDB12843/2021	2021-01-03	United Kingdom	genome	unknown	B.1.1.7	Alpha
2258	hCoV-19/England/ALDP-EF0C2F/2021	2021-01-03	United Kingdom	genome	unknown	B.1.1.7	Alpha
2259	hCoV-19/England/ALDP-F74105/2021	2021-01-03	United Kingdom	genome	unknown	B.1.1.7	Alpha
2260	hCoV-19/England/ALDP-F749B2/2021	2021-01-03	United Kingdom	genome	unknown	B.1.1.7	Alpha
2261	hCoV-19/England/ALDP-F7508F/2021	2021-01-03	United Kingdom	genome	unknown	B.1.1.7	Alpha
2262	hCoV-19/England/QEUH-E4D573/2021	2021-01-03	United Kingdom	genome	unknown	B.1.1.7	Alpha
2263	hCoV-19/England/QEUH-E480FF/2021	2021-01-03	United Kingdom	genome	unknown	B.1.1.7	Alpha
2264	hCoV-19/England/MILK-EC0806/2021	2021-01-03	United Kingdom	genome	unknown	B.1.1.7	Alpha
2265	hCoV-19/England/MILK-EC061B/2021	2021-01-03	United Kingdom	genome	unknown	B.1.1.7	Alpha
2266	hCoV-19/England/ALDP-F7522F/2021	2021-01-03	United Kingdom	genome	unknown	B.1.1.7	Alpha
2267	hCoV-19/England/ALDP-F7431E/2021	2021-01-03	United Kingdom	genome	unknown	B.1.1.7	Alpha
2268	hCoV-19/England/QEUH-E461C1/2021	2021-01-03	United Kingdom	genome	unknown	B.1.1.7	Alpha
2269	hCoV-19/England/QEUH-E4620A/2021	2021-01-03	United Kingdom	genome	unknown	B.1.1.7	Alpha
2270	hCoV-19/England/QEUH-E46B78/2021	2021-01-03	United Kingdom	genome	unknown	B.1.1.7	Alpha
2271	hCoV-19/England/QEUH-E47F99/2021	2021-01-03	United Kingdom	genome	unknown	B.1.1.7	Alpha
2272	hCoV-19/England/MILK-ED34FD/2021	2021-01-03	United Kingdom	genome	unknown	B.1.1.7	Alpha
2273	hCoV-19/England/MILK-EC6EC2/2021	2021-01-03	United Kingdom	genome	unknown	B.1.1.7	Alpha
2274	hCoV-19/England/BIRM-6DBA6/2021	2021-01-03	United Kingdom	genome	unknown	B.1.1.7	Alpha
2275	hCoV-19/England/ALDP-E873CE/2021	2021-01-03	United Kingdom	genome	unknown	B.1.1.7	Alpha
2276	hCoV-19/England/LIVE-DD43A5/2021	2021-01-03	United Kingdom	genome	unknown	B.1.1.7	Alpha
2277	hCoV-19/England/LOND-12F40FB/2021	2021-01-03	United Kingdom	genome	unknown	B.1.1.7	Alpha
2278	hCoV-19/England/CAMB-A9B1D0/2021	2021-01-03	United Kingdom	genome	unknown	B.1.1.7	Alpha
2279	hCoV-19/England/MILK-EC95E8/2021	2021-01-03	United Kingdom	genome	unknown	B.1.1.7	Alpha
2280	hCoV-19/England/MILK-ECA3A1/2021	2021-01-03	United Kingdom	genome	unknown	B.1.1.7	Alpha
2281	hCoV-19/England/MILK-ECBD66/2021	2021-01-03	United Kingdom	genome	unknown	B.1.1.7	Alpha
2282	hCoV-19/England/MILK-EC0EB9/2021	2021-01-03	United Kingdom	genome	unknown	B.1.1.7	Alpha
2283	hCoV-19/England/LOND-12F4B54/2021	2021-01-03	United Kingdom	genome	unknown	B.1.1.7	Alpha
2284	hCoV-19/England/ALDP-EF03A2/2021	2021-01-03	United Kingdom	genome	unknown	B.1.1.7	Alpha
2285	hCoV-19/England/CAMB-A9A265/2021	2021-01-03	United Kingdom	genome	unknown	B.1.1.7	Alpha
2286	hCoV-19/England/SHEF-10C6C96/2021	2021-01-03	United Kingdom	genome	unknown	B.1.1.7	Alpha
2287	hCoV-19/England/CAMB-A9AD37/2021	2021-01-03	United Kingdom	genome	unknown	B.1.1.7	Alpha
2288	hCoV-19/England/ALDP-EE90E1/2021	2021-01-03	United Kingdom	genome	unknown	B.1.1.7	Alpha
2289	hCoV-19/England/ALDP-EE6C95/2021	2021-01-03	United Kingdom	genome	unknown	B.1.1.7	Alpha
2290	hCoV-19/England/QEUH-EF4D64/2021	2021-01-03	United Kingdom	genome	unknown	B.1.1.7	Alpha
2291	hCoV-19/England/MILK-ED3606/2021	2021-01-03	United Kingdom	genome	unknown	B.1.1.7	Alpha
2292	hCoV-19/England/MILK-ED3554/2021	2021-01-03	United Kingdom	genome	unknown	B.1.1.7	Alpha
2293	hCoV-19/England/MILK-ECBDDF/2021	2021-01-03	United Kingdom	genome	unknown	B.1.1.7	Alpha
2294	hCoV-19/England/MILK-EC0657/2021	2021-01-03	United Kingdom	genome	unknown	B.1.1.7	Alpha
2295	hCoV-19/England/MILK-EC09D6/2021	2021-01-03	United Kingdom	genome	unknown	B.1.1.7	Alpha
2296	hCoV-19/England/MILK-EBF9DA/2021	2021-01-03	United Kingdom	genome	unknown	B.1.1.7	Alpha
2297	hCoV-19/England/ALDP-EEA8F7/2021	2021-01-03	United Kingdom	genome	unknown	B.1.1.7	Alpha
2298	hCoV-19/England/MILK-EC6EB3/2021	2021-01-03	United Kingdom	genome	unknown	B.1.1.7	Alpha
2299	hCoV-19/England/MILK-EC098B/2021	2021-01-03	United Kingdom	genome	unknown	B.1.1.7	Alpha
2300	hCoV-19/England/ALDP-E812B8/2021	2021-01-03	United Kingdom	genome	unknown	B.1.1.7	Alpha
2301	hCoV-19/England/MILK-EC6F83/2021	2021-01-03	United Kingdom	genome	unknown	B.1.1.7	Alpha
2302	hCoV-19/England/MILK-EC9533/2021	2021-01-03	United Kingdom	genome	unknown	B.1.1.7	Alpha
2303	hCoV-19/England/MILK-EC94EB/2021	2021-01-03	United Kingdom	genome	unknown	B.1.1.7	Alpha
2304	hCoV-19/England/MILK-EC03C9/2021	2021-01-03	United Kingdom	genome	unknown	B.1.1.7	Alpha
2305	hCoV-19/NorthernIreland/NIRE-246242/2021	2021-01-03	United Kingdom	genome	unknown	B.1.1.7	Alpha
2306	hCoV-19/England/CAMC-E519AD/2021	2021-01-03	United Kingdom	genome	unknown	B.1.1.7	Alpha
2307	hCoV-19/England/ALDP-E87425/2021	2021-01-03	United Kingdom	genome	unknown	B.1.1.7	Alpha
2308	hCoV-19/England/ALDP-EF03DF/2021	2021-01-03	United Kingdom	genome	unknown	B.1.1.7	Alpha
2309	hCoV-19/Wales/ALDP-EF10D7/2021	2021-01-03	United Kingdom	genome	unknown	B.1.1.7	Alpha
2310	hCoV-19/England/MILK-EC011A/2021	2021-01-03	United Kingdom	genome	unknown	B.1.1.7	Alpha
2311	hCoV-19/England/MILK-EC6D7A/2021	2021-01-03	United Kingdom	genome	unknown	B.1.1.7	Alpha
2312	hCoV-19/England/MILK-EC6F74/2021	2021-01-03	United Kingdom	genome	unknown	B.1.1.7	Alpha
2313	hCoV-19/Wales/ALDP-EF030C/2021	2021-01-03	United Kingdom	genome	unknown	B.1.1.7	Alpha
2314	hCoV-19/England/ALDP-EE1BE8/2021	2021-01-04	United Kingdom	genome	unknown	B.1.1.7	Alpha
2315	hCoV-19/England/CAMC-ED6375/2021	2021-01-04	United Kingdom	genome	unknown	B.1.1.7	Alpha
2316	hCoV-19/England/CAMC-ED56AA/2021	2021-01-04	United Kingdom	genome	unknown	B.1.1.7	Alpha
2317	hCoV-19/England/ALDP-EE1DC4/2021	2021-01-04	United Kingdom	genome	unknown	B.1.1.7	Alpha
2318	hCoV-19/Scotland/QEUH-E95D38/2021	2021-01-04	United Kingdom	genome	unknown	B.1.1.7	Alpha
2319	hCoV-19/England/CAMC-ED61A8/2021	2021-01-04	United Kingdom	genome	unknown	B.1.1.7	Alpha
2320	hCoV-19/England/NORW-220712/2021	2021-01-04	United Kingdom	genome	unknown	B.1.1.7	Alpha
2321	hCoV-19/England/CAMC-EDB370/2021	2021-01-04	United Kingdom	genome	unknown	B.1.1.7	Alpha
2322	hCoV-19/England/MILK-EC93B1/2021	2021-01-04	United Kingdom	genome	unknown	B.1.1.7	Alpha
2323	hCoV-19/England/CAMC-EDB826/2021	2021-01-04	United Kingdom	genome	unknown	B.1.1.7	Alpha
2324	hCoV-19/England/QEUH-E5065C/2021	2021-01-04	United Kingdom	genome	unknown	B.1.1.7	Alpha
2325	hCoV-19/Scotland/QEUH-E49C90/2021	2021-01-04	United Kingdom	genome	unknown	B.1.1.7	Alpha
2326	hCoV-19/Scotland/QEUH-E4D054/2021	2021-01-04	United Kingdom	genome	unknown	B.1.1.7	Alpha
2327	hCoV-19/Scotland/QEUH-E5099F/2021	2021-01-04	United Kingdom	genome	unknown	B.1.1.7	Alpha
2328	hCoV-19/England/CAMC-ED6102/2021	2021-01-04	United Kingdom	genome	unknown	B.1.1.7	Alpha
2329	hCoV-19/England/QEUH-EF3B89/2021	2021-01-04	United Kingdom	genome	unknown	B.1.1.7	Alpha
2330	hCoV-19/England/CAMC-ED58FF/2021	2021-01-04	United Kingdom	genome	unknown	B.1.1.7	Alpha
2331	hCoV-19/Scotland/QEUH-E49173/2021	2021-01-04	United Kingdom	genome	unknown	B.1.1.7	Alpha
2332	hCoV-19/England/CAMC-EDB361/2021	2021-01-04	United Kingdom	genome	unknown	B.1.1.7	Alpha
2333	hCoV-19/England/CAMC-ED57D4/2021	2021-01-04	United Kingdom	genome	unknown	B.1.1.7	Alpha
2334	hCoV-19/England/QEUH-E8DED6/2021	2021-01-04	United Kingdom	genome	unknown	B.1.1.7	Alpha
2335	hCoV-19/England/QEUH-EF4D28/2021	2021-01-04	United Kingdom	genome	unknown	B.1.1.7	Alpha
2336	hCoV-19/England/QEUH-E97F6D/2021	2021-01-04	United Kingdom	genome	unknown	B.1.1.7	Alpha
2337	hCoV-19/England/ALDP-EE7A5E/2021	2021-01-04	United Kingdom	genome	unknown	B.1.1.7	Alpha
2338	hCoV-19/Wales/PHWC-4B3888/2021	2021-01-04	United Kingdom	genome	unknown	B.1.1.7	Alpha
2339	hCoV-19/England/QEUH-E4E6E8/2021	2021-01-04	United Kingdom	genome	unknown	B.1.1.7	Alpha
2340	hCoV-19/England/QEUH-E4AD6F/2021	2021-01-04	United Kingdom	genome	unknown	B.1.1.7	Alpha
2341	hCoV-19/England/QEUH-E8DF4C/2021	2021-01-04	United Kingdom	genome	unknown	B.1.1.7	Alpha
2342	hCoV-19/England/ALDP-E875AA/2021	2021-01-04	United Kingdom	genome	unknown	B.1.1.7	Alpha
2343	hCoV-19/England/QEUH-E92982/2021	2021-01-04	United Kingdom	genome	unknown	B.1.1.7	Alpha
2344	hCoV-19/England/QEUH-E929A0/2021	2021-01-04	United Kingdom	genome	unknown	B.1.1.7	Alpha
2345	hCoV-19/England/ALDP-EE7AF4/2021	2021-01-04	United Kingdom	genome	unknown	B.1.1.7	Alpha
2346	hCoV-19/England/ALDP-E8749E/2021	2021-01-04	United Kingdom	genome	unknown	B.1.1.7	Alpha
2347	hCoV-19/England/ALDP-EF130B/2021	2021-01-04	United Kingdom	genome	unknown	B.1.1.7	Alpha
2348	hCoV-19/England/QEUH-E93C3D/2021	2021-01-04	United Kingdom	genome	unknown	B.1.1.7	Alpha
2349	hCoV-19/England/QEUH-E90AFA/2021	2021-01-04	United Kingdom	genome	unknown	B.1.1.7	Alpha
2350	hCoV-19/England/NORT-1B85C5C/2021	2021-01-04	United Kingdom	genome	unknown	B.1.1.7	Alpha
2351	hCoV-19/England/OXON-F52589/2021	2021-01-04	United Kingdom	genome	unknown	B.1.1.7	Alpha
2352	hCoV-19/England/QEUH-E8F19F/2021	2021-01-04	United Kingdom	genome	unknown	B.1.1.7	Alpha
2353	hCoV-19/England/MILK-ED5015/2021	2021-01-04	United Kingdom	genome	unknown	B.1.1.7	Alpha
2354	hCoV-19/England/LOND-13268D9/2021	2021-01-04	United Kingdom	genome	unknown	B.1.1.7	Alpha
2355	hCoV-19/England/PHESW-YYBN799/2021	2021-01-04	United Kingdom	genome	unknown	B.1.1.7	Alpha
2356	hCoV-19/England/QEUH-E4E730/2021	2021-01-04	United Kingdom	genome	unknown	B.1.1.7	Alpha
2357	hCoV-19/England/QEUH-EF2504/2021	2021-01-05	United Kingdom	genome	unknown	B.1.1.7	Alpha
2358	hCoV-19/England/QEUH-EF9910/2021	2021-01-05	United Kingdom	genome	unknown	B.1.1.7	Alpha
2359	hCoV-19/England/QEUH-EFA3D5/2021	2021-01-05	United Kingdom	genome	unknown	B.1.1.7	Alpha
2360	hCoV-19/England/CAMC-ED7927/2021	2021-01-05	United Kingdom	genome	unknown	B.1.1.7	Alpha
2361	hCoV-19/England/QEUH-EF8577/2021	2021-01-05	United Kingdom	genome	unknown	B.1.1.7	Alpha
2362	hCoV-19/Wales/ALDP-F5311B/2021	2021-01-05	United Kingdom	genome	unknown	B.1.1.7	Alpha
2363	hCoV-19/England/OXON-F526C2/2021	2021-01-05	United Kingdom	genome	unknown	B.1.1.7	Alpha
2364	hCoV-19/England/MILK-F72F67/2021	2021-01-05	United Kingdom	genome	unknown	B.1.1.7	Alpha
2365	hCoV-19/Wales/PHWC-4B6C89/2021	2021-01-05	United Kingdom	genome	unknown	B.1.1.7	Alpha
2366	hCoV-19/England/OXON-F4CA29/2021	2021-01-05	United Kingdom	genome	unknown	B.1.1.7	Alpha
2367	hCoV-19/England/MILK-F728E4/2021	2021-01-05	United Kingdom	genome	unknown	B.1.1.7	Alpha
2368	hCoV-19/England/QEUH-EF363D/2021	2021-01-05	United Kingdom	genome	unknown	B.1.1.7	Alpha
2369	hCoV-19/England/MILK-F728C6/2021	2021-01-05	United Kingdom	genome	unknown	B.1.1.7	Alpha
2370	hCoV-19/England/QEUH-EF8C81/2021	2021-01-05	United Kingdom	genome	unknown	B.1.1.7	Alpha
2371	hCoV-19/England/QEUH-E95D1A/2021	2021-01-05	United Kingdom	genome	unknown	B.1.1.7	Alpha
2372	hCoV-19/England/LOND-12F4556/2021	2021-01-05	United Kingdom	genome	unknown	B.1.1.7	Alpha
2373	hCoV-19/England/TFCI-27013DC/2021	2021-01-05	United Kingdom	genome	unknown	B.1.1.7	Alpha
2374	hCoV-19/England/TFCI-2701451/2021	2021-01-05	United Kingdom	genome	unknown	B.1.1.7	Alpha
2375	hCoV-19/England/NORT-1BB6092/2021	2021-01-05	United Kingdom	genome	unknown	B.1.1.7	Alpha
2376	hCoV-19/Scotland/QEUH-E95DA1/2021	2021-01-05	United Kingdom	genome	unknown	B.1.1.7	Alpha
2377	hCoV-19/England/MILK-F7324F/2021	2021-01-05	United Kingdom	genome	unknown	B.1.1.7	Alpha
2378	hCoV-19/England/MILK-F73B44/2021	2021-01-05	United Kingdom	genome	unknown	B.1.1.7	Alpha
2379	hCoV-19/England/ALDP-F487CC/2021	2021-01-05	United Kingdom	genome	unknown	B.1.1.7	Alpha
2380	hCoV-19/England/ALDP-F4B78D/2021	2021-01-05	United Kingdom	genome	unknown	B.1.1.7	Alpha
2381	hCoV-19/England/MILK-F735EC/2021	2021-01-05	United Kingdom	genome	unknown	B.1.1.7	Alpha
2382	hCoV-19/England/MILK-F72F1C/2021	2021-01-05	United Kingdom	genome	unknown	B.1.1.7	Alpha
2383	hCoV-19/Wales/ALDP-F49330/2021	2021-01-05	United Kingdom	genome	unknown	B.1.1.7	Alpha
2384	hCoV-19/England/QEUH-E95EBD/2021	2021-01-05	United Kingdom	genome	unknown	B.1.1.7	Alpha
2385	hCoV-19/Scotland/QEUH-E96D64/2021	2021-01-05	United Kingdom	genome	unknown	B.1.1.7	Alpha
2386	hCoV-19/England/MILK-F7325E/2021	2021-01-05	United Kingdom	genome	unknown	B.1.1.7	Alpha
2387	hCoV-19/England/MILK-F72F76/2021	2021-01-05	United Kingdom	genome	unknown	B.1.1.7	Alpha
2388	hCoV-19/Wales/PHWC-4B3E0E/2021	2021-01-05	United Kingdom	genome	unknown	B.1.1.7	Alpha
2389	hCoV-19/England/QEUH-EF9BFC/2021	2021-01-05	United Kingdom	genome	unknown	B.1.1.7	Alpha
2390	hCoV-19/England/NORT-1B88363/2021	2021-01-05	United Kingdom	genome	unknown	B.1.1.7	Alpha
2391	hCoV-19/England/LOND-128941D/2021	2021-01-05	United Kingdom	genome	unknown	B.1.1.7	Alpha
2392	hCoV-19/England/CAMC-ED7E0A/2021	2021-01-05	United Kingdom	genome	unknown	B.1.1.7	Alpha
2393	hCoV-19/England/CAMC-ED7D94/2021	2021-01-05	United Kingdom	genome	unknown	B.1.1.7	Alpha
2394	hCoV-19/England/NORT-1B85F17/2021	2021-01-05	United Kingdom	genome	unknown	B.1.1.7	Alpha
2395	hCoV-19/England/QEUH-EFB0CE/2021	2021-01-05	United Kingdom	genome	unknown	B.1.1.7	Alpha
2396	hCoV-19/England/OXON-F4B19E/2021	2021-01-05	United Kingdom	genome	unknown	B.1.1.7	Alpha
2397	hCoV-19/England/QEUH-EF366A/2021	2021-01-05	United Kingdom	genome	unknown	B.1.1.7	Alpha
2398	hCoV-19/Wales/PHWC-4B9CFF/2021	2021-01-05	United Kingdom	genome	unknown	B.1.1.7	Alpha
2399	hCoV-19/England/QEUH-EF3FE7/2021	2021-01-05	United Kingdom	genome	unknown	B.1.1.7	Alpha
2400	hCoV-19/England/QEUH-EFAF77/2021	2021-01-05	United Kingdom	genome	unknown	B.1.1.7	Alpha
2401	hCoV-19/England/NORW-22573B/2021	2021-01-05	United Kingdom	genome	unknown	B.1.1.7	Alpha
2402	hCoV-19/England/NORW-225935/2021	2021-01-05	United Kingdom	genome	unknown	B.1.1.7	Alpha
2403	hCoV-19/England/LOND-12E941B/2021	2021-01-05	United Kingdom	genome	unknown	B.1.1.7	Alpha
2404	hCoV-19/England/MILK-F735A0/2021	2021-01-05	United Kingdom	genome	unknown	B.1.1.7	Alpha
2405	hCoV-19/England/MILK-F73B53/2021	2021-01-05	United Kingdom	genome	unknown	B.1.1.7	Alpha
2406	hCoV-19/England/ALDP-EE5E45/2021	2021-01-05	United Kingdom	genome	unknown	B.1.1.7	Alpha
2407	hCoV-19/England/MILK-F7326D/2021	2021-01-05	United Kingdom	genome	unknown	B.1.1.7	Alpha
2408	hCoV-19/England/QEUH-EFA3B7/2021	2021-01-05	United Kingdom	genome	unknown	B.1.1.7	Alpha
2409	hCoV-19/England/QEUH-EF8568/2021	2021-01-05	United Kingdom	genome	unknown	B.1.1.7	Alpha
2410	hCoV-19/England/BIRM-6DA9A/2021	2021-01-05	United Kingdom	genome	unknown	B.1.1.7	Alpha
2411	hCoV-19/Scotland/QEUH-EFF25B/2021	2021-01-06	United Kingdom	genome	unknown	B.1.1.7	Alpha
2412	hCoV-19/England/QEUH-F60430/2021	2021-01-06	United Kingdom	genome	unknown	B.1.1.7	Alpha
2413	hCoV-19/England/CAMC-F02078/2021	2021-01-06	United Kingdom	genome	unknown	B.1.1.7	Alpha
2414	hCoV-19/Wales/PHWC-4B6393/2021	2021-01-06	United Kingdom	genome	unknown	B.1.1.7	Alpha
2415	hCoV-19/England/CAMC-F01EF7/2021	2021-01-06	United Kingdom	genome	unknown	B.1.1.7	Alpha
2416	hCoV-19/England/MILK-FAFBF4/2021	2021-01-06	United Kingdom	genome	unknown	B.1.1.7	Alpha
2417	hCoV-19/England/ALDP-F4EFBF/2021	2021-01-06	United Kingdom	genome	unknown	B.1.1.7	Alpha
2418	hCoV-19/Wales/PHWC-4B7E55/2021	2021-01-06	United Kingdom	genome	unknown	B.1.1.7	Alpha
2419	hCoV-19/Scotland/EDB13463/2021	2021-01-06	United Kingdom	genome	unknown	B.1.1.7	Alpha
2420	hCoV-19/England/LOND-1272769/2021	2021-01-06	United Kingdom	genome	unknown	B.1.1.7	Alpha
2421	hCoV-19/England/ALDP-F91560/2021	2021-01-06	United Kingdom	genome	unknown	B.1.1.7	Alpha
2422	hCoV-19/Scotland/EDB12161/2021	2021-01-06	United Kingdom	genome	unknown	B.1.1.7	Alpha
2423	hCoV-19/England/SHEF-10D6B87/2021	2021-01-06	United Kingdom	genome	unknown	B.1.1.7	Alpha
2424	hCoV-19/England/OXON-F5F9DB/2021	2021-01-06	United Kingdom	genome	unknown	B.1.1.7	Alpha
2425	hCoV-19/England/NORT-1BB5FD2/2021	2021-01-06	United Kingdom	genome	unknown	B.1.1.7	Alpha
2426	hCoV-19/England/LOND-12F5072/2021	2021-01-06	United Kingdom	genome	unknown	B.1.1.7	Alpha
2427	hCoV-19/England/LOND-E4E08/2021	2021-01-06	United Kingdom	genome	unknown	B.1.1.7	Alpha
2428	hCoV-19/England/NOTT-122286/2021	2021-01-06	United Kingdom	genome	unknown	B.1.1.7	Alpha
2429	hCoV-19/Wales/PHWC-4B4F82/2021	2021-01-06	United Kingdom	genome	unknown	B.1.1.7	Alpha
2430	hCoV-19/England/BIRM-6D7A2/2021	2021-01-06	United Kingdom	genome	unknown	B.1.1.7	Alpha
2431	hCoV-19/England/LOND-1289820/2021	2021-01-06	United Kingdom	genome	unknown	B.1.1.7	Alpha
2432	hCoV-19/England/PHEC-15B894/2021	2021-01-07	United Kingdom	genome	unknown	B.1.1.7	Alpha
2433	hCoV-19/England/MILK-FAFEA0/2021	2021-01-07	United Kingdom	genome	unknown	B.1.1.7	Alpha
2434	hCoV-19/England/MILK-FAF2E0/2021	2021-01-07	United Kingdom	genome	unknown	B.1.1.7	Alpha
2435	hCoV-19/England/NORT-1B97B5A/2021	2021-01-07	United Kingdom	genome	unknown	B.1.1.7	Alpha
2436	hCoV-19/Wales/ALDP-F915E8/2021	2021-01-07	United Kingdom	genome	unknown	B.1.1.7	Alpha
2437	hCoV-19/England/QEUH-F65E6A/2021	2021-01-07	United Kingdom	genome	unknown	B.1.1.7	Alpha
2438	hCoV-19/England/CAMC-FB0431/2021	2021-01-07	United Kingdom	genome	unknown	B.1.1.7	Alpha
2439	hCoV-19/England/QEUH-F5FC2D/2021	2021-01-07	United Kingdom	genome	unknown	B.1.1.7	Alpha
2440	hCoV-19/Wales/PHWC-4B9F14/2021	2021-01-07	United Kingdom	genome	unknown	B.1.1.7	Alpha
2441	hCoV-19/England/ALDP-F831B8/2021	2021-01-07	United Kingdom	genome	unknown	B.1.1.7	Alpha
2442	hCoV-19/England/NOTT-2467F8/2021	2021-01-07	United Kingdom	genome	unknown	B.1.1.7	Alpha
2443	hCoV-19/England/PHESW-YYBN9WU/2021	2021-01-07	United Kingdom	genome	unknown	B.1.1.7	Alpha
2444	hCoV-19/Wales/PHWC-4B6D4A/2021	2021-01-07	United Kingdom	genome	unknown	B.1.1.7	Alpha
2445	hCoV-19/England/PHEC-15B8FE/2021	2021-01-07	United Kingdom	genome	unknown	B.1.1.7	Alpha
2446	hCoV-19/Wales/PHWC-4B6ECF/2021	2021-01-07	United Kingdom	genome	unknown	B.1.1.7	Alpha
2447	hCoV-19/England/BIRM-6D70C/2021	2021-01-07	United Kingdom	genome	unknown	B.1.1.7	Alpha
2448	hCoV-19/England/TFCI-2701B7A/2021	2021-01-07	United Kingdom	genome	unknown	B.1.1.7	Alpha
2449	hCoV-19/England/MILK-F886F0/2021	2021-01-07	United Kingdom	genome	unknown	B.1.1.7	Alpha
2450	hCoV-19/England/MILK-F88915/2021	2021-01-07	United Kingdom	genome	unknown	B.1.1.7	Alpha
2451	hCoV-19/England/MILK-F88D19/2021	2021-01-07	United Kingdom	genome	unknown	B.1.1.7	Alpha
2452	hCoV-19/England/CAMC-F00E43/2021	2021-01-07	United Kingdom	genome	unknown	B.1.1.7	Alpha
2453	hCoV-19/England/LOND-12D59E6/2021	2021-01-07	United Kingdom	genome	unknown	B.1.1.7	Alpha
2454	hCoV-19/England/MILK-F89255/2021	2021-01-07	United Kingdom	genome	unknown	B.1.1.7	Alpha
2455	hCoV-19/England/MILK-F87AF5/2021	2021-01-07	United Kingdom	genome	unknown	B.1.1.7	Alpha
2456	hCoV-19/England/SHEF-10D1D2C/2021	2021-01-07	United Kingdom	genome	unknown	B.1.1.7	Alpha
2457	hCoV-19/Wales/PHWC-4B6269/2021	2021-01-07	United Kingdom	genome	unknown	B.1.1.7	Alpha
2458	hCoV-19/England/MILK-F8820B/2021	2021-01-07	United Kingdom	genome	unknown	B.1.1.7	Alpha
2459	hCoV-19/England/MILK-F88809/2021	2021-01-07	United Kingdom	genome	unknown	B.1.1.7	Alpha
2460	hCoV-19/England/MILK-F88380/2021	2021-01-07	United Kingdom	genome	unknown	B.1.1.7	Alpha
2461	hCoV-19/England/MILK-F87C86/2021	2021-01-07	United Kingdom	genome	unknown	B.1.1.7	Alpha
2462	hCoV-19/England/MILK-F884BA/2021	2021-01-07	United Kingdom	genome	unknown	B.1.1.7	Alpha
2463	hCoV-19/England/MILK-F894AA/2021	2021-01-07	United Kingdom	genome	unknown	B.1.1.7	Alpha
2464	hCoV-19/England/PORT-2DC01A/2021	2021-01-07	United Kingdom	genome	unknown	B.1.1.7	Alpha
2465	hCoV-19/Wales/PHWC-4B608D/2021	2021-01-07	United Kingdom	genome	unknown	B.1.1.7	Alpha
2466	hCoV-19/Wales/PHWC-4B620F/2021	2021-01-07	United Kingdom	genome	unknown	B.1.1.7	Alpha
2467	hCoV-19/England/MILK-F88405/2021	2021-01-07	United Kingdom	genome	unknown	B.1.1.7	Alpha
2468	hCoV-19/England/CAMC-F011A3/2021	2021-01-07	United Kingdom	genome	unknown	B.1.1.7	Alpha
2469	hCoV-19/England/MILK-F885D5/2021	2021-01-07	United Kingdom	genome	unknown	B.1.1.7	Alpha
2470	hCoV-19/England/NORW-23299F/2021	2021-01-07	United Kingdom	genome	unknown	B.1.1.7	Alpha
2471	hCoV-19/England/NORT-1BB600B/2021	2021-01-07	United Kingdom	genome	unknown	B.1.1.7	Alpha
2472	hCoV-19/England/MILK-F87A40/2021	2021-01-07	United Kingdom	genome	unknown	B.1.1.7	Alpha
2473	hCoV-19/England/MILK-F8659B/2021	2021-01-07	United Kingdom	genome	unknown	B.1.1.7	Alpha
2474	hCoV-19/England/MILK-F88274/2021	2021-01-07	United Kingdom	genome	unknown	B.1.1.7	Alpha
2475	hCoV-19/England/PORT-1E7DA3C/2021	2021-01-07	United Kingdom	genome	unknown	B.1.1.7	Alpha
2476	hCoV-19/England/CAMC-F01B0F/2021	2021-01-08	United Kingdom	genome	unknown	B.1.1.7	Alpha
2477	hCoV-19/England/CAMC-F01A11/2021	2021-01-08	United Kingdom	genome	unknown	B.1.1.7	Alpha
2478	hCoV-19/England/MILK-F9E044/2021	2021-01-08	United Kingdom	genome	unknown	B.1.1.7	Alpha
2479	hCoV-19/England/MILK-F9E34B/2021	2021-01-08	United Kingdom	genome	unknown	B.1.1.7	Alpha
2480	hCoV-19/England/CAMC-F01255/2021	2021-01-08	United Kingdom	genome	unknown	B.1.1.7	Alpha
2481	hCoV-19/England/CAMC-F9C617/2021	2021-01-08	United Kingdom	genome	unknown	B.1.1.7	Alpha
2482	hCoV-19/England/CAMC-F00CA3/2021	2021-01-08	United Kingdom	genome	unknown	B.1.1.7	Alpha
2483	hCoV-19/England/MILK-F9E75E/2021	2021-01-08	United Kingdom	genome	unknown	B.1.1.7	Alpha
2484	hCoV-19/England/MILK-F9DAFC/2021	2021-01-08	United Kingdom	genome	unknown	B.1.1.7	Alpha
2485	hCoV-19/England/NORW-2256A7/2021	2021-01-08	United Kingdom	genome	unknown	B.1.1.7	Alpha
2486	hCoV-19/England/MILK-FAFEBF/2021	2021-01-08	United Kingdom	genome	unknown	B.1.1.7	Alpha
2487	hCoV-19/England/QEUH-F6488B/2021	2021-01-08	United Kingdom	genome	unknown	B.1.1.7	Alpha
2488	hCoV-19/England/BIRM-6D54E/2021	2021-01-08	United Kingdom	genome	unknown	B.1.1.7	Alpha
2489	hCoV-19/England/MILK-FA1679/2021	2021-01-08	United Kingdom	genome	unknown	B.1.1.7	Alpha
2490	hCoV-19/England/MILK-F9DBF9/2021	2021-01-08	United Kingdom	genome	unknown	B.1.1.7	Alpha
2491	hCoV-19/England/MILK-F9DD99/2021	2021-01-08	United Kingdom	genome	unknown	B.1.1.7	Alpha
2492	hCoV-19/England/MILK-F9E527/2021	2021-01-08	United Kingdom	genome	unknown	B.1.1.7	Alpha
2493	hCoV-19/England/MILK-FAFD49/2021	2021-01-08	United Kingdom	genome	unknown	B.1.1.7	Alpha
2494	hCoV-19/England/MILK-F9E4B1/2021	2021-01-08	United Kingdom	genome	unknown	B.1.1.7	Alpha
2495	hCoV-19/England/MILK-F9E2C6/2021	2021-01-08	United Kingdom	genome	unknown	B.1.1.7	Alpha
2496	hCoV-19/England/MILK-F9E1E7/2021	2021-01-08	United Kingdom	genome	unknown	B.1.1.7	Alpha
2497	hCoV-19/England/MILK-F9DDE4/2021	2021-01-08	United Kingdom	genome	unknown	B.1.1.7	Alpha
2498	hCoV-19/England/CAMC-F992AD/2021	2021-01-08	United Kingdom	genome	unknown	B.1.1.7	Alpha
2499	hCoV-19/England/QEUH-F89CA2/2021	2021-01-08	United Kingdom	genome	unknown	B.1.1.7	Alpha
2500	hCoV-19/England/QEUH-F89880/2021	2021-01-08	United Kingdom	genome	unknown	B.1.1.7	Alpha
2501	hCoV-19/England/CAMC-F01CA2/2021	2021-01-08	United Kingdom	genome	unknown	B.1.1.7	Alpha
2502	hCoV-19/England/QEUH-F8A05A/2021	2021-01-08	United Kingdom	genome	unknown	B.1.1.7	Alpha
2503	hCoV-19/England/CAMC-F007DF/2021	2021-01-08	United Kingdom	genome	unknown	B.1.1.7	Alpha
2504	hCoV-19/England/ALDP-F81F56/2021	2021-01-08	United Kingdom	genome	unknown	B.1.1.7	Alpha
2505	hCoV-19/England/ALDP-F8291B/2021	2021-01-08	United Kingdom	genome	unknown	B.1.1.7	Alpha
2506	hCoV-19/Wales/PHWC-4B720E/2021	2021-01-08	United Kingdom	genome	unknown	B.1.1.7	Alpha
2507	hCoV-19/England/NORT-29066B/2021	2021-01-08	United Kingdom	genome	unknown	B.1.1.7	Alpha
2508	hCoV-19/England/NORT-290698/2021	2021-01-08	United Kingdom	genome	unknown	B.1.1.7	Alpha
2509	hCoV-19/England/LOND-128E366/2021	2021-01-08	United Kingdom	genome	unknown	B.1.1.7	Alpha
2510	hCoV-19/Wales/PHWC-4B7990/2021	2021-01-08	United Kingdom	genome	unknown	B.1.1.7	Alpha
2511	hCoV-19/Wales/PHWC-4B7ECE/2021	2021-01-08	United Kingdom	genome	unknown	B.1.1.7	Alpha
2512	hCoV-19/England/CAMC-FB0686/2021	2021-01-08	United Kingdom	genome	unknown	B.1.1.7	Alpha
2513	hCoV-19/England/MILK-FAEB9B/2021	2021-01-08	United Kingdom	genome	unknown	B.1.1.7	Alpha
2514	hCoV-19/England/ALDP-F82025/2021	2021-01-08	United Kingdom	genome	unknown	B.1.1.7	Alpha
2515	hCoV-19/England/NORT-1B977FC/2021	2021-01-08	United Kingdom	genome	unknown	B.1.1.7	Alpha
2516	hCoV-19/England/NORW-225C2D/2021	2021-01-08	United Kingdom	genome	unknown	B.1.1.7	Alpha
2517	hCoV-19/England/ALDP-F8275D/2021	2021-01-08	United Kingdom	genome	unknown	B.1.1.7	Alpha
2518	hCoV-19/England/MILK-F9E493/2021	2021-01-08	United Kingdom	genome	unknown	B.1.1.7	Alpha
2519	hCoV-19/England/CAMC-F01AE4/2021	2021-01-08	United Kingdom	genome	unknown	B.1.1.7	Alpha
2520	hCoV-19/England/CAMC-F01AC6/2021	2021-01-08	United Kingdom	genome	unknown	B.1.1.7	Alpha
2521	hCoV-19/England/ALDP-F814A2/2021	2021-01-08	United Kingdom	genome	unknown	B.1.1.7	Alpha
2522	hCoV-19/England/CAMC-F014AA/2021	2021-01-08	United Kingdom	genome	unknown	B.1.1.7	Alpha
2523	hCoV-19/England/LOND-13230D4/2021	2021-01-08	United Kingdom	genome	unknown	B.1.1.7	Alpha
2524	hCoV-19/England/TFCI-27029F7/2021	2021-01-08	United Kingdom	genome	unknown	B.1.1.7	Alpha
2525	hCoV-19/England/CAMC-FB070B/2021	2021-01-08	United Kingdom	genome	unknown	B.1.1.7	Alpha
2526	hCoV-19/England/MILK-FAA4EF/2021	2021-01-09	United Kingdom	genome	unknown	B.1.1.7	Alpha
2527	hCoV-19/England/QEUH-F8DE8A/2021	2021-01-09	United Kingdom	genome	unknown	B.1.1.7	Alpha
2528	hCoV-19/England/MILK-FAF21D/2021	2021-01-09	United Kingdom	genome	unknown	B.1.1.7	Alpha
2529	hCoV-19/Wales/PHWC-4B71A7/2021	2021-01-09	United Kingdom	genome	unknown	B.1.1.7	Alpha
2530	hCoV-19/England/ALDP-10055DC/2021	2021-01-09	United Kingdom	genome	unknown	B.1.1.7	Alpha
2531	hCoV-19/England/ALDP-F919FB/2021	2021-01-09	United Kingdom	genome	unknown	B.1.1.7	Alpha
2532	hCoV-19/Wales/PHWC-PYYWXW/2021	2021-01-09	United Kingdom	genome	unknown	B.1.1.7	Alpha
2533	hCoV-19/England/ALDP-FA2E43/2021	2021-01-09	United Kingdom	genome	unknown	B.1.1.7	Alpha
2534	hCoV-19/England/ALDP-FA21B3/2021	2021-01-09	United Kingdom	genome	unknown	B.1.1.7	Alpha
2535	hCoV-19/England/ALDP-F91445/2021	2021-01-09	United Kingdom	genome	unknown	B.1.1.7	Alpha
2536	hCoV-19/England/ALDP-FA3097/2021	2021-01-09	United Kingdom	genome	unknown	B.1.1.7	Alpha
2537	hCoV-19/England/ALDP-FA313A/2021	2021-01-09	United Kingdom	genome	unknown	B.1.1.7	Alpha
2538	hCoV-19/England/CAMC-F99340/2021	2021-01-09	United Kingdom	genome	unknown	B.1.1.7	Alpha
2539	hCoV-19/England/MILK-FAA081/2021	2021-01-09	United Kingdom	genome	unknown	B.1.1.7	Alpha
2540	hCoV-19/England/ALDP-FA2DCE/2021	2021-01-09	United Kingdom	genome	unknown	B.1.1.7	Alpha
2541	hCoV-19/England/ALDP-F93267/2021	2021-01-09	United Kingdom	genome	unknown	B.1.1.7	Alpha
2542	hCoV-19/England/ALDP-FA22A1/2021	2021-01-09	United Kingdom	genome	unknown	B.1.1.7	Alpha
2543	hCoV-19/England/ALDP-FA247E/2021	2021-01-09	United Kingdom	genome	unknown	B.1.1.7	Alpha
2544	hCoV-19/England/ALDP-FA21A4/2021	2021-01-09	United Kingdom	genome	unknown	B.1.1.7	Alpha
2545	hCoV-19/England/ALDP-FA36FF/2021	2021-01-09	United Kingdom	genome	unknown	B.1.1.7	Alpha
2546	hCoV-19/England/ALDP-FA23AE/2021	2021-01-09	United Kingdom	genome	unknown	B.1.1.7	Alpha
2547	hCoV-19/England/MILK-FAEA70/2021	2021-01-09	United Kingdom	genome	unknown	B.1.1.7	Alpha
2548	hCoV-19/England/MILK-FAECF2/2021	2021-01-09	United Kingdom	genome	unknown	B.1.1.7	Alpha
2549	hCoV-19/England/TFCI-2704069/2021	2021-01-09	United Kingdom	genome	unknown	B.1.1.7	Alpha
2550	hCoV-19/England/BIRM-6F227/2021	2021-01-09	United Kingdom	genome	unknown	B.1.1.7	Alpha
2551	hCoV-19/England/NORW-225B6C/2021	2021-01-09	United Kingdom	genome	unknown	B.1.1.7	Alpha
2552	hCoV-19/England/QEUH-F89853/2021	2021-01-09	United Kingdom	genome	unknown	B.1.1.7	Alpha
2553	hCoV-19/England/ALDP-F82A90/2021	2021-01-09	United Kingdom	genome	unknown	B.1.1.7	Alpha
2554	hCoV-19/England/ALDP-F8232C/2021	2021-01-09	United Kingdom	genome	unknown	B.1.1.7	Alpha
2555	hCoV-19/England/ALDP-F82368/2021	2021-01-09	United Kingdom	genome	unknown	B.1.1.7	Alpha
2556	hCoV-19/England/ALDP-F82456/2021	2021-01-09	United Kingdom	genome	unknown	B.1.1.7	Alpha
2557	hCoV-19/England/ALDP-F82AAF/2021	2021-01-09	United Kingdom	genome	unknown	B.1.1.7	Alpha
2558	hCoV-19/England/ALDP-F90ADB/2021	2021-01-09	United Kingdom	genome	unknown	B.1.1.7	Alpha
2559	hCoV-19/England/ALDP-F82D79/2021	2021-01-09	United Kingdom	genome	unknown	B.1.1.7	Alpha
2560	hCoV-19/England/ALDP-F909FC/2021	2021-01-09	United Kingdom	genome	unknown	B.1.1.7	Alpha
2561	hCoV-19/England/ALDP-F90A26/2021	2021-01-09	United Kingdom	genome	unknown	B.1.1.7	Alpha
2562	hCoV-19/England/CAMC-F7C905/2021	2021-01-09	United Kingdom	genome	unknown	B.1.1.7	Alpha
2563	hCoV-19/England/CAMC-F7BBF1/2021	2021-01-09	United Kingdom	genome	unknown	B.1.1.7	Alpha
2564	hCoV-19/England/CAMC-F7B933/2021	2021-01-09	United Kingdom	genome	unknown	B.1.1.7	Alpha
2565	hCoV-19/England/CAMC-F7CB3C/2021	2021-01-09	United Kingdom	genome	unknown	B.1.1.7	Alpha
2566	hCoV-19/England/CAMC-F7B784/2021	2021-01-09	United Kingdom	genome	unknown	B.1.1.7	Alpha
2567	hCoV-19/England/CAMC-F9A4C4/2021	2021-01-09	United Kingdom	genome	unknown	B.1.1.7	Alpha
2568	hCoV-19/England/CAMC-F7D8F8/2021	2021-01-09	United Kingdom	genome	unknown	B.1.1.7	Alpha
2569	hCoV-19/England/QEUH-F8ABB3/2021	2021-01-09	United Kingdom	genome	unknown	B.1.1.7	Alpha
2570	hCoV-19/England/TFCI-27024C9/2021	2021-01-09	United Kingdom	genome	unknown	B.1.1.7	Alpha
2571	hCoV-19/England/QEUH-F89598/2021	2021-01-09	United Kingdom	genome	unknown	B.1.1.7	Alpha
2572	hCoV-19/England/QEUH-F8A290/2021	2021-01-09	United Kingdom	genome	unknown	B.1.1.7	Alpha
2573	hCoV-19/England/OXON-F53403/2021	2021-01-09	United Kingdom	genome	unknown	B.1.1.7	Alpha
2574	hCoV-19/England/CAMC-F9A4A6/2021	2021-01-09	United Kingdom	genome	unknown	B.1.1.7	Alpha
2575	hCoV-19/England/CAMC-F9A44C/2021	2021-01-09	United Kingdom	genome	unknown	B.1.1.7	Alpha
2576	hCoV-19/England/CAMC-F9A39A/2021	2021-01-09	United Kingdom	genome	unknown	B.1.1.7	Alpha
2577	hCoV-19/England/CAMC-F7CAE4/2021	2021-01-09	United Kingdom	genome	unknown	B.1.1.7	Alpha
2578	hCoV-19/England/CAMC-F7F37D/2021	2021-01-09	United Kingdom	genome	unknown	B.1.1.7	Alpha
2579	hCoV-19/England/CAMC-F7D3CA/2021	2021-01-09	United Kingdom	genome	unknown	B.1.1.7	Alpha
2580	hCoV-19/England/TFCI-270255D/2021	2021-01-09	United Kingdom	genome	unknown	B.1.1.7	Alpha
2581	hCoV-19/England/QEUH-F89AA8/2021	2021-01-09	United Kingdom	genome	unknown	B.1.1.7	Alpha
2582	hCoV-19/England/CAMC-F7D9E6/2021	2021-01-09	United Kingdom	genome	unknown	B.1.1.7	Alpha
2583	hCoV-19/England/MILK-1027D18/2021	2021-01-10	United Kingdom	genome	unknown	B.1.1.7	Alpha
2584	hCoV-19/England/MILK-102E546/2021	2021-01-10	United Kingdom	genome	unknown	B.1.1.7	Alpha
2585	hCoV-19/England/ALDP-FB4E8A/2021	2021-01-10	United Kingdom	genome	unknown	B.1.1.7	Alpha
2586	hCoV-19/England/ALDP-FB536C/2021	2021-01-10	United Kingdom	genome	unknown	B.1.1.7	Alpha
2587	hCoV-19/England/ALDP-FAF5BA/2021	2021-01-10	United Kingdom	genome	unknown	B.1.1.7	Alpha
2588	hCoV-19/England/ALDP-FAF7F0/2021	2021-01-10	United Kingdom	genome	unknown	B.1.1.7	Alpha
2589	hCoV-19/England/ALDP-FB5575/2021	2021-01-10	United Kingdom	genome	unknown	B.1.1.7	Alpha
2590	hCoV-19/England/ALDP-FAF68A/2021	2021-01-10	United Kingdom	genome	unknown	B.1.1.7	Alpha
2591	hCoV-19/England/CAMC-FB3D42/2021	2021-01-10	United Kingdom	genome	unknown	B.1.1.7	Alpha
2592	hCoV-19/England/QEUH-F8FFB2/2021	2021-01-10	United Kingdom	genome	unknown	B.1.1.7	Alpha
2593	hCoV-19/England/CAMC-FB3744/2021	2021-01-10	United Kingdom	genome	unknown	B.1.1.7	Alpha
2594	hCoV-19/England/NORT-290443/2021	2021-01-10	United Kingdom	genome	unknown	B.1.1.7	Alpha
2595	hCoV-19/England/ALDP-FB5320/2021	2021-01-10	United Kingdom	genome	unknown	B.1.1.7	Alpha
2596	hCoV-19/England/ALDP-FB4AD1/2021	2021-01-10	United Kingdom	genome	unknown	B.1.1.7	Alpha
2597	hCoV-19/England/ALDP-FB585E/2021	2021-01-10	United Kingdom	genome	unknown	B.1.1.7	Alpha
2598	hCoV-19/Scotland/CVR6538/2021	2021-01-10	United Kingdom	genome	unknown	B.1.1.7	Alpha
2599	hCoV-19/England/MILK-102839D/2021	2021-01-10	United Kingdom	genome	unknown	B.1.1.7	Alpha
2600	hCoV-19/England/CAMC-FB1AF2/2021	2021-01-10	United Kingdom	genome	unknown	B.1.1.7	Alpha
2601	hCoV-19/England/CAMC-F99D60/2021	2021-01-10	United Kingdom	genome	unknown	B.1.1.7	Alpha
2602	hCoV-19/England/CAMC-FB36DE/2021	2021-01-10	United Kingdom	genome	unknown	B.1.1.7	Alpha
2603	hCoV-19/England/ALDP-FB5FA4/2021	2021-01-10	United Kingdom	genome	unknown	B.1.1.7	Alpha
2604	hCoV-19/England/NOTT-24B9EE/2021	2021-01-10	United Kingdom	genome	unknown	B.1.1.7	Alpha
2605	hCoV-19/England/QEUH-F8E575/2021	2021-01-10	United Kingdom	genome	unknown	B.1.1.7	Alpha
2606	hCoV-19/Wales/ALDP-FB52AB/2021	2021-01-10	United Kingdom	genome	unknown	B.1.1.7	Alpha
2607	hCoV-19/England/QEUH-F8E627/2021	2021-01-10	United Kingdom	genome	unknown	B.1.1.7	Alpha
2608	hCoV-19/England/WSFT-25D001D/2021	2021-01-10	United Kingdom	genome	unknown	B.1.1.7	Alpha
2609	hCoV-19/England/WSFT-25CFF6F/2021	2021-01-10	United Kingdom	genome	unknown	B.1.1.7	Alpha
2610	hCoV-19/England/LOND-12F5652/2021	2021-01-10	United Kingdom	genome	unknown	B.1.1.7	Alpha
2611	hCoV-19/England/QEUH-F906D7/2021	2021-01-10	United Kingdom	genome	unknown	B.1.1.7	Alpha
2612	hCoV-19/England/QEUH-F8E38A/2021	2021-01-10	United Kingdom	genome	unknown	B.1.1.7	Alpha
2613	hCoV-19/Wales/PHWC-4B8F60/2021	2021-01-10	United Kingdom	genome	unknown	B.1.1.7	Alpha
2614	hCoV-19/England/ALDP-FB4B1A/2021	2021-01-10	United Kingdom	genome	unknown	B.1.1.7	Alpha
2615	hCoV-19/England/SGUH-112D9/2021	2021-01-10	United Kingdom	genome	unknown	B.1.1.7	Alpha
2616	hCoV-19/England/MILK-102DEB5/2021	2021-01-10	United Kingdom	genome	unknown	B.1.1.7	Alpha
2617	hCoV-19/Wales/PHWC-4B8F8E/2021	2021-01-10	United Kingdom	genome	unknown	B.1.1.7	Alpha
2618	hCoV-19/England/QEUH-F8E42D/2021	2021-01-10	United Kingdom	genome	unknown	B.1.1.7	Alpha
2619	hCoV-19/England/QEUH-F8F6CC/2021	2021-01-10	United Kingdom	genome	unknown	B.1.1.7	Alpha
2620	hCoV-19/England/MILK-102EDD5/2021	2021-01-11	United Kingdom	genome	unknown	B.1.1.7	Alpha
2621	hCoV-19/England/TFCI-270C09E/2021	2021-01-11	United Kingdom	genome	unknown	B.1.1.7	Alpha
2622	hCoV-19/England/NORT-2903EC/2021	2021-01-11	United Kingdom	genome	unknown	B.1.1.7	Alpha
2623	hCoV-19/England/MILK-1025451/2021	2021-01-11	United Kingdom	genome	unknown	B.1.1.7	Alpha
2624	hCoV-19/England/CAMB-A9EA78/2021	2021-01-11	United Kingdom	genome	unknown	B.1.1.7	Alpha
2625	hCoV-19/England/NORT-1B86C79/2021	2021-01-11	United Kingdom	genome	unknown	B.1.1.7	Alpha
2626	hCoV-19/England/LOND-13249E7/2021	2021-01-11	United Kingdom	genome	unknown	B.1.1.7	Alpha
2627	hCoV-19/England/WSFT-25CFBD4/2021	2021-01-11	United Kingdom	genome	unknown	B.1.1.7	Alpha
2628	hCoV-19/England/OXON-F50882/2021	2021-01-11	United Kingdom	genome	unknown	B.1.1.7	Alpha
2629	hCoV-19/England/WSFT-25CEEAF/2021	2021-01-11	United Kingdom	genome	unknown	B.1.1.7	Alpha
2630	hCoV-19/England/MILK-1027D90/2021	2021-01-11	United Kingdom	genome	unknown	B.1.1.7	Alpha
2631	hCoV-19/England/MILK-10280C3/2021	2021-01-11	United Kingdom	genome	unknown	B.1.1.7	Alpha
2632	hCoV-19/England/ALDP-FFFE65/2021	2021-01-11	United Kingdom	genome	unknown	B.1.1.7	Alpha
2633	hCoV-19/England/ALDP-1000340/2021	2021-01-11	United Kingdom	genome	unknown	B.1.1.7	Alpha
2634	hCoV-19/England/ALDP-FEC7CA/2021	2021-01-11	United Kingdom	genome	unknown	B.1.1.7	Alpha
2635	hCoV-19/England/ALDP-10135EA/2021	2021-01-11	United Kingdom	genome	unknown	B.1.1.7	Alpha
2636	hCoV-19/England/ALDP-FC1039/2021	2021-01-11	United Kingdom	genome	unknown	B.1.1.7	Alpha
2637	hCoV-19/England/ALDP-FC11BE/2021	2021-01-11	United Kingdom	genome	unknown	B.1.1.7	Alpha
2638	hCoV-19/England/MILK-1028306/2021	2021-01-11	United Kingdom	genome	unknown	B.1.1.7	Alpha
2639	hCoV-19/England/MILK-1178E32/2021	2021-01-11	United Kingdom	genome	unknown	B.1.1.7	Alpha
2640	hCoV-19/England/LOND-E5371/2021	2021-01-11	United Kingdom	genome	unknown	B.1.1.7	Alpha
2641	hCoV-19/England/LOND-E53AE/2021	2021-01-11	United Kingdom	genome	unknown	B.1.1.7	Alpha
2642	hCoV-19/England/ALDP-FB5AA3/2021	2021-01-11	United Kingdom	genome	unknown	B.1.1.7	Alpha
2643	hCoV-19/England/SHEF-10D34AD/2021	2021-01-11	United Kingdom	genome	unknown	B.1.1.7	Alpha
2644	hCoV-19/England/ALDP-FB7E3C/2021	2021-01-11	United Kingdom	genome	unknown	B.1.1.7	Alpha
2645	hCoV-19/England/ALDP-FB5D7D/2021	2021-01-11	United Kingdom	genome	unknown	B.1.1.7	Alpha
2646	hCoV-19/England/ALDP-FB64E0/2021	2021-01-11	United Kingdom	genome	unknown	B.1.1.7	Alpha
2647	hCoV-19/England/MILK-1178DAE/2021	2021-01-11	United Kingdom	genome	unknown	B.1.1.7	Alpha
2648	hCoV-19/England/MILK-1178E05/2021	2021-01-11	United Kingdom	genome	unknown	B.1.1.7	Alpha
2649	hCoV-19/England/MILK-FE75A7/2021	2021-01-11	United Kingdom	genome	unknown	B.1.1.7	Alpha
2650	hCoV-19/England/NORW-22516A/2021	2021-01-11	United Kingdom	genome	unknown	B.1.1.7	Alpha
2651	hCoV-19/England/NORW-226293/2021	2021-01-11	United Kingdom	genome	unknown	B.1.1.7	Alpha
2652	hCoV-19/England/OXON-F50A8C/2021	2021-01-11	United Kingdom	genome	unknown	B.1.1.7	Alpha
2653	hCoV-19/England/OXON-F508BF/2021	2021-01-11	United Kingdom	genome	unknown	B.1.1.7	Alpha
2654	hCoV-19/England/LOND-DEB19/2021	2021-01-11	United Kingdom	genome	unknown	B.1.1.7	Alpha
2655	hCoV-19/England/MILK-FEC1DB/2021	2021-01-11	United Kingdom	genome	unknown	B.1.1.7	Alpha
2656	hCoV-19/England/MILK-FEC126/2021	2021-01-11	United Kingdom	genome	unknown	B.1.1.7	Alpha
2657	hCoV-19/England/MILK-FEB5FE/2021	2021-01-11	United Kingdom	genome	unknown	B.1.1.7	Alpha
2658	hCoV-19/England/ALDP-1003EE2/2021	2021-01-12	United Kingdom	genome	unknown	B.1.1.7	Alpha
2659	hCoV-19/England/MILK-103CBE9/2021	2021-01-12	United Kingdom	genome	unknown	B.1.1.7	Alpha
2660	hCoV-19/England/ALDP-101BE23/2021	2021-01-12	United Kingdom	genome	unknown	B.1.1.7	Alpha
2661	hCoV-19/England/MILK-103CBDA/2021	2021-01-12	United Kingdom	genome	unknown	B.1.1.7	Alpha
2662	hCoV-19/England/PORT-2EEE39/2021	2021-01-12	United Kingdom	genome	unknown	B.1.1.7	Alpha
2663	hCoV-19/England/ALDP-10058E2/2021	2021-01-12	United Kingdom	genome	unknown	B.1.1.7	Alpha
2664	hCoV-19/Wales/PHWC-4B7B03/2021	2021-01-12	United Kingdom	genome	unknown	B.1.1.7	Alpha
2665	hCoV-19/England/NORW-226BC5/2021	2021-01-12	United Kingdom	genome	unknown	B.1.1.7	Alpha
2666	hCoV-19/England/ALDP-101BEF6/2021	2021-01-12	United Kingdom	genome	unknown	B.1.1.7	Alpha
2667	hCoV-19/England/ALDP-1003F94/2021	2021-01-12	United Kingdom	genome	unknown	B.1.1.7	Alpha
2668	hCoV-19/England/MILK-102F79A/2021	2021-01-12	United Kingdom	genome	unknown	B.1.1.7	Alpha
2669	hCoV-19/England/ALDP-1005378/2021	2021-01-12	United Kingdom	genome	unknown	B.1.1.7	Alpha
2670	hCoV-19/England/ALDP-1004C32/2021	2021-01-12	United Kingdom	genome	unknown	B.1.1.7	Alpha
2671	hCoV-19/England/MILK-102F518/2021	2021-01-12	United Kingdom	genome	unknown	B.1.1.7	Alpha
2672	hCoV-19/England/ALDP-1005387/2021	2021-01-12	United Kingdom	genome	unknown	B.1.1.7	Alpha
2673	hCoV-19/England/ALDP-1005A91/2021	2021-01-12	United Kingdom	genome	unknown	B.1.1.7	Alpha
2674	hCoV-19/England/ALDP-100634A/2021	2021-01-12	United Kingdom	genome	unknown	B.1.1.7	Alpha
2675	hCoV-19/England/MILK-102E7F5/2021	2021-01-12	United Kingdom	genome	unknown	B.1.1.7	Alpha
2676	hCoV-19/England/MILK-102F457/2021	2021-01-12	United Kingdom	genome	unknown	B.1.1.7	Alpha
2677	hCoV-19/England/ALDP-1004221/2021	2021-01-12	United Kingdom	genome	unknown	B.1.1.7	Alpha
2678	hCoV-19/England/MILK-102DC8E/2021	2021-01-12	United Kingdom	genome	unknown	B.1.1.7	Alpha
2679	hCoV-19/Scotland/EDB12901/2021	2021-01-12	United Kingdom	genome	unknown	B.1.1.7	Alpha
2680	hCoV-19/England/ALDP-1006E76/2021	2021-01-12	United Kingdom	genome	unknown	B.1.1.7	Alpha
2681	hCoV-19/England/ALDP-1006E49/2021	2021-01-12	United Kingdom	genome	unknown	B.1.1.7	Alpha
2682	hCoV-19/England/ALDP-1007534/2021	2021-01-12	United Kingdom	genome	unknown	B.1.1.7	Alpha
2683	hCoV-19/England/ALDP-10071A9/2021	2021-01-12	United Kingdom	genome	unknown	B.1.1.7	Alpha
2684	hCoV-19/England/ALDP-10068F0/2021	2021-01-12	United Kingdom	genome	unknown	B.1.1.7	Alpha
2685	hCoV-19/England/ALDP-1006B15/2021	2021-01-12	United Kingdom	genome	unknown	B.1.1.7	Alpha
2686	hCoV-19/England/MILK-102DB72/2021	2021-01-12	United Kingdom	genome	unknown	B.1.1.7	Alpha
2687	hCoV-19/England/CAMC-101D568/2021	2021-01-12	United Kingdom	genome	unknown	B.1.1.7	Alpha
2688	hCoV-19/England/ALDP-100931A/2021	2021-01-12	United Kingdom	genome	unknown	B.1.1.7	Alpha
2689	hCoV-19/England/ALDP-10064FC/2021	2021-01-12	United Kingdom	genome	unknown	B.1.1.7	Alpha
2690	hCoV-19/England/ALDP-1003F49/2021	2021-01-12	United Kingdom	genome	unknown	B.1.1.7	Alpha
2691	hCoV-19/England/ALDP-1004F1B/2021	2021-01-12	United Kingdom	genome	unknown	B.1.1.7	Alpha
2692	hCoV-19/England/ALDP-1006FA0/2021	2021-01-12	United Kingdom	genome	unknown	B.1.1.7	Alpha
2693	hCoV-19/England/MILK-102E898/2021	2021-01-12	United Kingdom	genome	unknown	B.1.1.7	Alpha
2694	hCoV-19/England/ALDP-1005AA0/2021	2021-01-12	United Kingdom	genome	unknown	B.1.1.7	Alpha
2695	hCoV-19/England/ALDP-1005AEC/2021	2021-01-12	United Kingdom	genome	unknown	B.1.1.7	Alpha
2696	hCoV-19/England/ALDP-1006483/2021	2021-01-12	United Kingdom	genome	unknown	B.1.1.7	Alpha
2697	hCoV-19/England/ALDP-1003F67/2021	2021-01-12	United Kingdom	genome	unknown	B.1.1.7	Alpha
2698	hCoV-19/England/ALDP-10060E9/2021	2021-01-12	United Kingdom	genome	unknown	B.1.1.7	Alpha
2699	hCoV-19/England/MILK-102E93B/2021	2021-01-12	United Kingdom	genome	unknown	B.1.1.7	Alpha
2700	hCoV-19/England/CAMC-1177941/2021	2021-01-12	United Kingdom	genome	unknown	B.1.1.7	Alpha
2701	hCoV-19/England/CAMC-1177950/2021	2021-01-12	United Kingdom	genome	unknown	B.1.1.7	Alpha
2702	hCoV-19/England/MILK-102DFB2/2021	2021-01-12	United Kingdom	genome	unknown	B.1.1.7	Alpha
2703	hCoV-19/Wales/ALDP-10097B4/2021	2021-01-12	United Kingdom	genome	unknown	B.1.1.7	Alpha
2704	hCoV-19/England/ALDP-1006A81/2021	2021-01-12	United Kingdom	genome	unknown	B.1.1.7	Alpha
2705	hCoV-19/England/ALDP-1006A72/2021	2021-01-12	United Kingdom	genome	unknown	B.1.1.7	Alpha
2706	hCoV-19/England/BIRM-6F193/2021	2021-01-12	United Kingdom	genome	unknown	B.1.1.7	Alpha
2707	hCoV-19/England/BIRM-6EF30/2021	2021-01-12	United Kingdom	genome	unknown	B.1.1.7	Alpha
2708	hCoV-19/England/ALDP-1013D3D/2021	2021-01-12	United Kingdom	genome	unknown	B.1.1.7	Alpha
2709	hCoV-19/England/ALDP-100FE31/2021	2021-01-12	United Kingdom	genome	unknown	B.1.1.7	Alpha
2710	hCoV-19/England/TFCI-2702EE9/2021	2021-01-12	United Kingdom	genome	unknown	B.1.1.7	Alpha
2711	hCoV-19/England/MILK-103C518/2021	2021-01-12	United Kingdom	genome	unknown	B.1.1.7	Alpha
2712	hCoV-19/England/ALDP-1013562/2021	2021-01-12	United Kingdom	genome	unknown	B.1.1.7	Alpha
2713	hCoV-19/England/MILK-103C220/2021	2021-01-12	United Kingdom	genome	unknown	B.1.1.7	Alpha
2714	hCoV-19/Wales/PHWC-4BAD19/2021	2021-01-12	United Kingdom	genome	unknown	B.1.1.7	Alpha
2715	hCoV-19/England/ALDP-1000216/2021	2021-01-12	United Kingdom	genome	unknown	B.1.1.7	Alpha
2716	hCoV-19/England/MILK-1027A6C/2021	2021-01-12	United Kingdom	genome	unknown	B.1.1.7	Alpha
2717	hCoV-19/England/WSFT-25D1304/2021	2021-01-12	United Kingdom	genome	unknown	B.1.1.7	Alpha
2718	hCoV-19/England/WSFT-25D0E5F/2021	2021-01-12	United Kingdom	genome	unknown	B.1.1.7	Alpha
2719	hCoV-19/England/TFCI-270BEFF/2021	2021-01-12	United Kingdom	genome	unknown	B.1.1.7	Alpha
2720	hCoV-19/England/ALDP-100EA98/2021	2021-01-12	United Kingdom	genome	unknown	B.1.1.7	Alpha
2721	hCoV-19/England/MILK-102F5FA/2021	2021-01-12	United Kingdom	genome	unknown	B.1.1.7	Alpha
2722	hCoV-19/England/ALDP-100EF20/2021	2021-01-12	United Kingdom	genome	unknown	B.1.1.7	Alpha
2723	hCoV-19/Scotland/QEUH-1003617/2021	2021-01-12	United Kingdom	genome	unknown	B.1.1.7	Alpha
2724	hCoV-19/England/PORT-1E7C420/2021	2021-01-13	United Kingdom	genome	unknown	B.1.1.7	Alpha
2725	hCoV-19/England/WSFT-25CE5F5/2021	2021-01-13	United Kingdom	genome	unknown	B.1.1.7	Alpha
2726	hCoV-19/England/TFCI-2702E43/2021	2021-01-13	United Kingdom	genome	unknown	B.1.1.7	Alpha
2727	hCoV-19/England/ALDP-1009972/2021	2021-01-13	United Kingdom	genome	unknown	B.1.1.7	Alpha
2728	hCoV-19/Wales/PHWC-4BAFE6/2021	2021-01-13	United Kingdom	genome	unknown	B.1.1.7	Alpha
2729	hCoV-19/Wales/PHWC-4BB06A/2021	2021-01-13	United Kingdom	genome	unknown	B.1.1.7	Alpha
2730	hCoV-19/England/PORT-2EF1A8/2021	2021-01-13	United Kingdom	genome	unknown	B.1.1.7	Alpha
2731	hCoV-19/England/LOND-12F633C/2021	2021-01-13	United Kingdom	genome	unknown	B.1.1.7	Alpha
2732	hCoV-19/England/OXON-F5602A/2021	2021-01-13	United Kingdom	genome	unknown	B.1.1.7	Alpha
2733	hCoV-19/England/NORT-1B7D598/2021	2021-01-13	United Kingdom	genome	unknown	B.1.1.7	Alpha
2734	hCoV-19/Wales/PHWC-4B9776/2021	2021-01-13	United Kingdom	genome	unknown	B.1.1.7	Alpha
2735	hCoV-19/England/MILK-10503C9/2021	2021-01-13	United Kingdom	genome	unknown	B.1.1.7	Alpha
2736	hCoV-19/England/ALDP-100957E/2021	2021-01-13	United Kingdom	genome	unknown	B.1.1.7	Alpha
2737	hCoV-19/England/ALDP-100A865/2021	2021-01-13	United Kingdom	genome	unknown	B.1.1.7	Alpha
2738	hCoV-19/England/CAMC-11784A9/2021	2021-01-13	United Kingdom	genome	unknown	B.1.1.7	Alpha
2739	hCoV-19/Wales/ALDP-1013474/2021	2021-01-13	United Kingdom	genome	unknown	B.1.1.7	Alpha
2740	hCoV-19/England/LCST-24DCE09/2021	2021-01-13	United Kingdom	genome	unknown	B.1.1.7	Alpha
2741	hCoV-19/England/MILK-103CE77/2021	2021-01-13	United Kingdom	genome	unknown	B.1.1.7	Alpha
2742	hCoV-19/Wales/PHWC-4B9758/2021	2021-01-13	United Kingdom	genome	unknown	B.1.1.7	Alpha
2743	hCoV-19/Wales/PHWC-PYBOB1/2021	2021-01-13	United Kingdom	genome	unknown	B.1.1.7	Alpha
2744	hCoV-19/Wales/PHWC-PYBOER/2021	2021-01-13	United Kingdom	genome	unknown	B.1.1.7	Alpha
2745	hCoV-19/England/ALDP-1014859/2021	2021-01-13	United Kingdom	genome	unknown	B.1.1.7	Alpha
2746	hCoV-19/England/ALDP-1014437/2021	2021-01-13	United Kingdom	genome	unknown	B.1.1.7	Alpha
2747	hCoV-19/England/MILK-108B4C2/2021	2021-01-13	United Kingdom	genome	unknown	B.1.1.7	Alpha
2748	hCoV-19/England/BIRM-6E64A/2021	2021-01-13	United Kingdom	genome	unknown	B.1.1.7	Alpha
2749	hCoV-19/England/QEUH-10032AA/2021	2021-01-13	United Kingdom	genome	unknown	B.1.1.7	Alpha
2750	hCoV-19/England/ALDP-100EE32/2021	2021-01-13	United Kingdom	genome	unknown	B.1.1.7	Alpha
2751	hCoV-19/England/ALDP-10143C1/2021	2021-01-13	United Kingdom	genome	unknown	B.1.1.7	Alpha
2752	hCoV-19/England/ALDP-1014297/2021	2021-01-13	United Kingdom	genome	unknown	B.1.1.7	Alpha
2753	hCoV-19/England/ALDP-101998E/2021	2021-01-13	United Kingdom	genome	unknown	B.1.1.7	Alpha
2754	hCoV-19/England/ALDP-100EEBA/2021	2021-01-13	United Kingdom	genome	unknown	B.1.1.7	Alpha
2755	hCoV-19/England/ALDP-1019C2B/2021	2021-01-13	United Kingdom	genome	unknown	B.1.1.7	Alpha
2756	hCoV-19/England/ALDP-100E597/2021	2021-01-13	United Kingdom	genome	unknown	B.1.1.7	Alpha
2757	hCoV-19/England/SHEF-10C666B/2021	2021-01-13	United Kingdom	genome	unknown	B.1.1.7	Alpha
2758	hCoV-19/England/ALDP-100F98B/2021	2021-01-13	United Kingdom	genome	unknown	B.1.1.7	Alpha
2759	hCoV-19/England/ALDP-100D6D1/2021	2021-01-13	United Kingdom	genome	unknown	B.1.1.7	Alpha
2760	hCoV-19/England/ALDP-100FB94/2021	2021-01-13	United Kingdom	genome	unknown	B.1.1.7	Alpha
2761	hCoV-19/England/ALDP-1010143/2021	2021-01-13	United Kingdom	genome	unknown	B.1.1.7	Alpha
2762	hCoV-19/England/ALDP-101330E/2021	2021-01-13	United Kingdom	genome	unknown	B.1.1.7	Alpha
2763	hCoV-19/England/ALDP-1014622/2021	2021-01-13	United Kingdom	genome	unknown	B.1.1.7	Alpha
2764	hCoV-19/England/ALDP-100DE8E/2021	2021-01-13	United Kingdom	genome	unknown	B.1.1.7	Alpha
2765	hCoV-19/England/ALDP-100FAE2/2021	2021-01-13	United Kingdom	genome	unknown	B.1.1.7	Alpha
2766	hCoV-19/England/ALDP-101000A/2021	2021-01-13	United Kingdom	genome	unknown	B.1.1.7	Alpha
2767	hCoV-19/England/ALDP-100E193/2021	2021-01-13	United Kingdom	genome	unknown	B.1.1.7	Alpha
2768	hCoV-19/England/ALDP-100B451/2021	2021-01-13	United Kingdom	genome	unknown	B.1.1.7	Alpha
2769	hCoV-19/England/QEUH-1002FFF/2021	2021-01-14	United Kingdom	genome	unknown	B.1.1.7	Alpha
2770	hCoV-19/Wales/ALDP-101B184/2021	2021-01-14	United Kingdom	genome	unknown	B.1.1.7	Alpha
2771	hCoV-19/England/ALDP-101AF4F/2021	2021-01-14	United Kingdom	genome	unknown	B.1.1.7	Alpha
2772	hCoV-19/England/QEUH-1177C48/2021	2021-01-14	United Kingdom	genome	unknown	B.1.1.7	Alpha
2773	hCoV-19/England/QEUH-10034B3/2021	2021-01-14	United Kingdom	genome	unknown	B.1.1.7	Alpha
2774	hCoV-19/England/CAMC-101DB1B/2021	2021-01-14	United Kingdom	genome	unknown	B.1.1.7	Alpha
2775	hCoV-19/England/QEUH-1015102/2021	2021-01-14	United Kingdom	genome	unknown	B.1.1.7	Alpha
2776	hCoV-19/England/LOND-1324194/2021	2021-01-14	United Kingdom	genome	unknown	B.1.1.7	Alpha
2777	hCoV-19/England/PORT-2E53F7/2021	2021-01-14	United Kingdom	genome	unknown	B.1.1.7	Alpha
2778	hCoV-19/England/PORT-2EF287/2021	2021-01-14	United Kingdom	genome	unknown	B.1.1.7	Alpha
2779	hCoV-19/Wales/PHWC-4BC148/2021	2021-01-14	United Kingdom	genome	unknown	B.1.1.7	Alpha
2780	hCoV-19/England/CAMC-101DF1F/2021	2021-01-14	United Kingdom	genome	unknown	B.1.1.7	Alpha
2781	hCoV-19/England/QEUH-1033A6D/2021	2021-01-14	United Kingdom	genome	unknown	B.1.1.7	Alpha
2782	hCoV-19/Scotland/QEUH-1003802/2021	2021-01-14	United Kingdom	genome	unknown	B.1.1.7	Alpha
2783	hCoV-19/England/PORT-2E5209/2021	2021-01-14	United Kingdom	genome	unknown	B.1.1.7	Alpha
2784	hCoV-19/England/QEUH-1002AEF/2021	2021-01-14	United Kingdom	genome	unknown	B.1.1.7	Alpha
2785	hCoV-19/England/QEUH-10034E0/2021	2021-01-14	United Kingdom	genome	unknown	B.1.1.7	Alpha
2786	hCoV-19/England/ALDP-1065974/2021	2021-01-14	United Kingdom	genome	unknown	B.1.1.7	Alpha
2787	hCoV-19/England/QEUH-10029A6/2021	2021-01-14	United Kingdom	genome	unknown	B.1.1.7	Alpha
2788	hCoV-19/England/ALDP-10316F2/2021	2021-01-14	United Kingdom	genome	unknown	B.1.1.7	Alpha
2789	hCoV-19/England/CAMC-101D8AB/2021	2021-01-14	United Kingdom	genome	unknown	B.1.1.7	Alpha
2790	hCoV-19/England/ALDP-1031425/2021	2021-01-14	United Kingdom	genome	unknown	B.1.1.7	Alpha
2791	hCoV-19/England/QEUH-1003723/2021	2021-01-14	United Kingdom	genome	unknown	B.1.1.7	Alpha
2792	hCoV-19/England/ALDP-10312EF/2021	2021-01-14	United Kingdom	genome	unknown	B.1.1.7	Alpha
2793	hCoV-19/England/ALDP-103171D/2021	2021-01-14	United Kingdom	genome	unknown	B.1.1.7	Alpha
2794	hCoV-19/England/BIRM-6EB87/2021	2021-01-14	United Kingdom	genome	unknown	B.1.1.7	Alpha
2795	hCoV-19/England/ALDP-109289F/2021	2021-01-14	United Kingdom	genome	unknown	B.1.1.7	Alpha
2796	hCoV-19/England/QEUH-1015F44/2021	2021-01-14	United Kingdom	genome	unknown	B.1.1.7	Alpha
2797	hCoV-19/England/ALDP-10304EA/2021	2021-01-14	United Kingdom	genome	unknown	B.1.1.7	Alpha
2798	hCoV-19/England/CAMC-101CB58/2021	2021-01-14	United Kingdom	genome	unknown	B.1.1.7	Alpha
2799	hCoV-19/England/ALDP-1030268/2021	2021-01-14	United Kingdom	genome	unknown	B.1.1.7	Alpha
2800	hCoV-19/England/ALDP-1030769/2021	2021-01-14	United Kingdom	genome	unknown	B.1.1.7	Alpha
2801	hCoV-19/England/ALDP-1030E46/2021	2021-01-14	United Kingdom	genome	unknown	B.1.1.7	Alpha
2802	hCoV-19/England/NORW-231426/2021	2021-01-14	United Kingdom	genome	unknown	B.1.1.7	Alpha
2803	hCoV-19/Wales/PHWC-4BD6B1/2021	2021-01-14	United Kingdom	genome	unknown	B.1.1.7	Alpha
2804	hCoV-19/England/CAMC-1024197/2021	2021-01-14	United Kingdom	genome	unknown	B.1.1.7	Alpha
2805	hCoV-19/Wales/PHWC-4BD596/2021	2021-01-14	United Kingdom	genome	unknown	B.1.1.7	Alpha
2806	hCoV-19/England/ALDP-101AC48/2021	2021-01-14	United Kingdom	genome	unknown	B.1.1.7	Alpha
2807	hCoV-19/England/ALDP-1019BE2/2021	2021-01-14	United Kingdom	genome	unknown	B.1.1.7	Alpha
2808	hCoV-19/England/QEUH-1002B0A/2021	2021-01-14	United Kingdom	genome	unknown	B.1.1.7	Alpha
2809	hCoV-19/England/CAMC-101D97B/2021	2021-01-14	United Kingdom	genome	unknown	B.1.1.7	Alpha
2810	hCoV-19/England/ALDP-101A8CC/2021	2021-01-14	United Kingdom	genome	unknown	B.1.1.7	Alpha
2811	hCoV-19/England/ALDP-101A738/2021	2021-01-14	United Kingdom	genome	unknown	B.1.1.7	Alpha
2812	hCoV-19/England/ALDP-10316E3/2021	2021-01-14	United Kingdom	genome	unknown	B.1.1.7	Alpha
2813	hCoV-19/England/ALDP-101AB5A/2021	2021-01-14	United Kingdom	genome	unknown	B.1.1.7	Alpha
2814	hCoV-19/England/WSFT-25CF318/2021	2021-01-14	United Kingdom	genome	unknown	B.1.1.7	Alpha
2815	hCoV-19/Wales/PHWC-4BD1ED/2021	2021-01-14	United Kingdom	genome	unknown	B.1.1.7	Alpha
2816	hCoV-19/England/ALDP-103022C/2021	2021-01-14	United Kingdom	genome	unknown	B.1.1.7	Alpha
2817	hCoV-19/England/NORT-1B88D47/2021	2021-01-15	United Kingdom	genome	unknown	B.1.1.7	Alpha
2818	hCoV-19/England/CAMC-1063A55/2021	2021-01-15	United Kingdom	genome	unknown	B.1.1.7	Alpha
2819	hCoV-19/England/ALDP-109020C/2021	2021-01-15	United Kingdom	genome	unknown	B.1.1.7	Alpha
2820	hCoV-19/England/QEUH-1033B1F/2021	2021-01-15	United Kingdom	genome	unknown	B.1.1.7	Alpha
2821	hCoV-19/England/QEUH-1033C1C/2021	2021-01-15	United Kingdom	genome	unknown	B.1.1.7	Alpha
2822	hCoV-19/England/QEUH-10329BC/2021	2021-01-15	United Kingdom	genome	unknown	B.1.1.7	Alpha
2823	hCoV-19/England/QEUH-10331D1/2021	2021-01-15	United Kingdom	genome	unknown	B.1.1.7	Alpha
2824	hCoV-19/England/MILK-108C9A4/2021	2021-01-15	United Kingdom	genome	unknown	B.1.1.7	Alpha
2825	hCoV-19/England/ALDP-1090D1A/2021	2021-01-15	United Kingdom	genome	unknown	B.1.1.7	Alpha
2826	hCoV-19/England/SGUH-11CEA/2021	2021-01-15	United Kingdom	genome	unknown	B.1.1.7	Alpha
2827	hCoV-19/England/ALDP-10917EE/2021	2021-01-15	United Kingdom	genome	unknown	B.1.1.7	Alpha
2828	hCoV-19/England/QEUH-10166B7/2021	2021-01-15	United Kingdom	genome	unknown	B.1.1.7	Alpha
2829	hCoV-19/England/QEUH-1033599/2021	2021-01-15	United Kingdom	genome	unknown	B.1.1.7	Alpha
2830	hCoV-19/England/CAMC-1063026/2021	2021-01-15	United Kingdom	genome	unknown	B.1.1.7	Alpha
2831	hCoV-19/Wales/PHWC-4BB5A7/2021	2021-01-15	United Kingdom	genome	unknown	B.1.1.7	Alpha
2832	hCoV-19/England/MILK-103CF65/2021	2021-01-15	United Kingdom	genome	unknown	B.1.1.7	Alpha
2833	hCoV-19/England/WSFT-25CDCB5/2021	2021-01-15	United Kingdom	genome	unknown	B.1.1.7	Alpha
2834	hCoV-19/Wales/PHWC-4BC4A9/2021	2021-01-15	United Kingdom	genome	unknown	B.1.1.7	Alpha
2835	hCoV-19/England/QEUH-10159CE/2021	2021-01-15	United Kingdom	genome	unknown	B.1.1.7	Alpha
2836	hCoV-19/England/ALDP-106AA12/2021	2021-01-15	United Kingdom	genome	unknown	B.1.1.7	Alpha
2837	hCoV-19/England/ALDP-109271A/2021	2021-01-15	United Kingdom	genome	unknown	B.1.1.7	Alpha
2838	hCoV-19/England/CAMC-1023F9E/2021	2021-01-15	United Kingdom	genome	unknown	B.1.1.7	Alpha
2839	hCoV-19/England/QEUH-1014CF3/2021	2021-01-15	United Kingdom	genome	unknown	B.1.1.7	Alpha
2840	hCoV-19/England/SHEF-10D8824/2021	2021-01-15	United Kingdom	genome	unknown	B.1.1.7	Alpha
2841	hCoV-19/England/MILK-1089716/2021	2021-01-15	United Kingdom	genome	unknown	B.1.1.7	Alpha
2842	hCoV-19/England/CAMC-101D02B/2021	2021-01-15	United Kingdom	genome	unknown	B.1.1.7	Alpha
2843	hCoV-19/England/CAMC-106340C/2021	2021-01-15	United Kingdom	genome	unknown	B.1.1.7	Alpha
2844	hCoV-19/England/QEUH-103361E/2021	2021-01-15	United Kingdom	genome	unknown	B.1.1.7	Alpha
2845	hCoV-19/England/QEUH-1033696/2021	2021-01-15	United Kingdom	genome	unknown	B.1.1.7	Alpha
2846	hCoV-19/Scotland/QEUH-1015603/2021	2021-01-15	United Kingdom	genome	unknown	B.1.1.7	Alpha
2847	hCoV-19/England/WSFT-25CEC87/2021	2021-01-15	United Kingdom	genome	unknown	B.1.1.7	Alpha
2848	hCoV-19/England/MILK-1087A3D/2021	2021-01-15	United Kingdom	genome	unknown	B.1.1.7	Alpha
2849	hCoV-19/England/ALDP-1065631/2021	2021-01-15	United Kingdom	genome	unknown	B.1.1.7	Alpha
2850	hCoV-19/England/CAMC-1061204/2021	2021-01-15	United Kingdom	genome	unknown	B.1.1.7	Alpha
2851	hCoV-19/Scotland/CVR6625/2021	2021-01-15	United Kingdom	genome	unknown	B.1.1.7	Alpha
2852	hCoV-19/England/ALDP-10646AB/2021	2021-01-15	United Kingdom	genome	unknown	B.1.1.7	Alpha
2853	hCoV-19/England/QEUH-1014CE4/2021	2021-01-15	United Kingdom	genome	unknown	B.1.1.7	Alpha
2854	hCoV-19/England/OXON-F67967/2021	2021-01-15	United Kingdom	genome	unknown	B.1.1.7	Alpha
2855	hCoV-19/England/OXON-F69D96/2021	2021-01-15	United Kingdom	genome	unknown	B.1.1.7	Alpha
2856	hCoV-19/England/ALDP-1064FEC/2021	2021-01-15	United Kingdom	genome	unknown	B.1.1.7	Alpha
2857	hCoV-19/England/ALDP-1030DC1/2021	2021-01-15	United Kingdom	genome	unknown	B.1.1.7	Alpha
2858	hCoV-19/England/ALDP-10651A9/2021	2021-01-15	United Kingdom	genome	unknown	B.1.1.7	Alpha
2859	hCoV-19/England/ALDP-1064A63/2021	2021-01-15	United Kingdom	genome	unknown	B.1.1.7	Alpha
2860	hCoV-19/England/QEUH-10322B1/2021	2021-01-15	United Kingdom	genome	unknown	B.1.1.7	Alpha
2861	hCoV-19/England/QEUH-1033BF1/2021	2021-01-15	United Kingdom	genome	unknown	B.1.1.7	Alpha
2862	hCoV-19/England/QEUH-1032F8D/2021	2021-01-15	United Kingdom	genome	unknown	B.1.1.7	Alpha
2863	hCoV-19/England/CAMC-1063509/2021	2021-01-15	United Kingdom	genome	unknown	B.1.1.7	Alpha
2864	hCoV-19/England/OXON-F6576F/2021	2021-01-15	United Kingdom	genome	unknown	B.1.1.7	Alpha
2865	hCoV-19/England/CAMC-106391C/2021	2021-01-15	United Kingdom	genome	unknown	B.1.1.7	Alpha
2866	hCoV-19/England/CAMC-1064052/2021	2021-01-15	United Kingdom	genome	unknown	B.1.1.7	Alpha
2867	hCoV-19/Wales/ALDP-10362F9/2021	2021-01-15	United Kingdom	genome	unknown	B.1.1.7	Alpha
2868	hCoV-19/England/ALDP-1030E91/2021	2021-01-15	United Kingdom	genome	unknown	B.1.1.7	Alpha
2869	hCoV-19/Wales/ALDP-1064BAC/2021	2021-01-15	United Kingdom	genome	unknown	B.1.1.7	Alpha
2870	hCoV-19/England/ALDP-1064632/2021	2021-01-15	United Kingdom	genome	unknown	B.1.1.7	Alpha
2871	hCoV-19/England/CAMC-1062F84/2021	2021-01-15	United Kingdom	genome	unknown	B.1.1.7	Alpha
2872	hCoV-19/England/ALDP-1030F52/2021	2021-01-15	United Kingdom	genome	unknown	B.1.1.7	Alpha
2873	hCoV-19/England/ALDP-1068F24/2021	2021-01-16	United Kingdom	genome	unknown	B.1.1.7	Alpha
2874	hCoV-19/England/ALDP-1068E72/2021	2021-01-16	United Kingdom	genome	unknown	B.1.1.7	Alpha
2875	hCoV-19/England/TFCI-2709DE5/2021	2021-01-16	United Kingdom	genome	unknown	B.1.1.7	Alpha
2876	hCoV-19/England/ALDP-109E514/2021	2021-01-16	United Kingdom	genome	unknown	B.1.1.7	Alpha
2877	hCoV-19/England/ALDP-10B4D7A/2021	2021-01-16	United Kingdom	genome	unknown	B.1.1.7	Alpha
2878	hCoV-19/England/ALDP-109E58D/2021	2021-01-16	United Kingdom	genome	unknown	B.1.1.7	Alpha
2879	hCoV-19/England/MILK-10B2802/2021	2021-01-16	United Kingdom	genome	unknown	B.1.1.7	Alpha
2880	hCoV-19/England/CAMC-106F330/2021	2021-01-16	United Kingdom	genome	unknown	B.1.1.7	Alpha
2881	hCoV-19/England/CAMC-106F0A2/2021	2021-01-16	United Kingdom	genome	unknown	B.1.1.7	Alpha
2882	hCoV-19/England/CAMC-106F1BE/2021	2021-01-16	United Kingdom	genome	unknown	B.1.1.7	Alpha
2883	hCoV-19/England/CAMC-106F2D9/2021	2021-01-16	United Kingdom	genome	unknown	B.1.1.7	Alpha
2884	hCoV-19/England/MILK-10D6A20/2021	2021-01-16	United Kingdom	genome	unknown	B.1.1.7	Alpha
2885	hCoV-19/England/ALDP-1069BD4/2021	2021-01-16	United Kingdom	genome	unknown	B.1.1.7	Alpha
2886	hCoV-19/England/ALDP-109E07D/2021	2021-01-16	United Kingdom	genome	unknown	B.1.1.7	Alpha
2887	hCoV-19/England/ALDP-1035E14/2021	2021-01-16	United Kingdom	genome	unknown	B.1.1.7	Alpha
2888	hCoV-19/England/CAMC-106DE40/2021	2021-01-16	United Kingdom	genome	unknown	B.1.1.7	Alpha
2889	hCoV-19/England/MILK-10AEFF5/2021	2021-01-16	United Kingdom	genome	unknown	B.1.1.7	Alpha
2890	hCoV-19/England/QEUH-1032381/2021	2021-01-16	United Kingdom	genome	unknown	B.1.1.7	Alpha
2891	hCoV-19/England/CAMC-106E085/2021	2021-01-16	United Kingdom	genome	unknown	B.1.1.7	Alpha
2892	hCoV-19/England/ALDP-1090B01/2021	2021-01-16	United Kingdom	genome	unknown	B.1.1.7	Alpha
2893	hCoV-19/England/MILK-1089D8D/2021	2021-01-16	United Kingdom	genome	unknown	B.1.1.7	Alpha
2894	hCoV-19/England/MILK-10A75DC/2021	2021-01-16	United Kingdom	genome	unknown	B.1.1.7	Alpha
2895	hCoV-19/England/ALDP-1068F06/2021	2021-01-16	United Kingdom	genome	unknown	B.1.1.7	Alpha
2896	hCoV-19/England/ALDP-10906B5/2021	2021-01-16	United Kingdom	genome	unknown	B.1.1.7	Alpha
2897	hCoV-19/England/CAMB-A9DE8C/2021	2021-01-16	United Kingdom	genome	unknown	B.1.1.7	Alpha
2898	hCoV-19/England/ALDP-106921B/2021	2021-01-16	United Kingdom	genome	unknown	B.1.1.7	Alpha
2899	hCoV-19/England/CAMC-10739CE/2021	2021-01-16	United Kingdom	genome	unknown	B.1.1.7	Alpha
2900	hCoV-19/England/ALDP-10683BF/2021	2021-01-16	United Kingdom	genome	unknown	B.1.1.7	Alpha
2901	hCoV-19/England/CAMC-105EB87/2021	2021-01-16	United Kingdom	genome	unknown	B.1.1.7	Alpha
2902	hCoV-19/England/ALDP-1065288/2021	2021-01-16	United Kingdom	genome	unknown	B.1.1.7	Alpha
2903	hCoV-19/England/ALDP-10365F0/2021	2021-01-16	United Kingdom	genome	unknown	B.1.1.7	Alpha
2904	hCoV-19/England/ALDP-1036DCB/2021	2021-01-16	United Kingdom	genome	unknown	B.1.1.7	Alpha
2905	hCoV-19/England/CAMC-1063D4D/2021	2021-01-16	United Kingdom	genome	unknown	B.1.1.7	Alpha
2906	hCoV-19/England/CAMC-1063572/2021	2021-01-16	United Kingdom	genome	unknown	B.1.1.7	Alpha
2907	hCoV-19/Wales/PHWC-4BB738/2021	2021-01-16	United Kingdom	genome	unknown	B.1.1.7	Alpha
2908	hCoV-19/England/ALDP-109296F/2021	2021-01-16	United Kingdom	genome	unknown	B.1.1.7	Alpha
2909	hCoV-19/England/ALDP-109245F/2021	2021-01-16	United Kingdom	genome	unknown	B.1.1.7	Alpha
2910	hCoV-19/England/CAMC-106F303/2021	2021-01-16	United Kingdom	genome	unknown	B.1.1.7	Alpha
2911	hCoV-19/England/QEUH-1032530/2021	2021-01-16	United Kingdom	genome	unknown	B.1.1.7	Alpha
2912	hCoV-19/England/QEUH-103257C/2021	2021-01-16	United Kingdom	genome	unknown	B.1.1.7	Alpha
2913	hCoV-19/England/QEUH-10324D9/2021	2021-01-16	United Kingdom	genome	unknown	B.1.1.7	Alpha
2914	hCoV-19/England/CAMC-1062AA1/2021	2021-01-16	United Kingdom	genome	unknown	B.1.1.7	Alpha
2915	hCoV-19/England/CAMC-10605C0/2021	2021-01-16	United Kingdom	genome	unknown	B.1.1.7	Alpha
2916	hCoV-19/England/PORT-1E7B95F/2021	2021-01-16	United Kingdom	genome	unknown	B.1.1.7	Alpha
2917	hCoV-19/Scotland/CVR6642/2021	2021-01-16	United Kingdom	genome	unknown	B.1.1.7	Alpha
2918	hCoV-19/Wales/ALDP-10923BC/2021	2021-01-17	United Kingdom	genome	unknown	B.1.1.7	Alpha
2919	hCoV-19/England/MILK-10AEE70/2021	2021-01-17	United Kingdom	genome	unknown	B.1.1.7	Alpha
2920	hCoV-19/England/MILK-10AF264/2021	2021-01-17	United Kingdom	genome	unknown	B.1.1.7	Alpha
2921	hCoV-19/England/QEUH-106707D/2021	2021-01-17	United Kingdom	genome	unknown	B.1.1.7	Alpha
2922	hCoV-19/Scotland/QEUH-1067AAC/2021	2021-01-17	United Kingdom	genome	unknown	B.1.1.7	Alpha
2923	hCoV-19/Scotland/QEUH-1066A43/2021	2021-01-17	United Kingdom	genome	unknown	B.1.1.7	Alpha
2924	hCoV-19/Scotland/QEUH-1067D58/2021	2021-01-17	United Kingdom	genome	unknown	B.1.1.7	Alpha
2925	hCoV-19/England/MILK-10AE7A2/2021	2021-01-17	United Kingdom	genome	unknown	B.1.1.7	Alpha
2926	hCoV-19/England/MILK-10AE739/2021	2021-01-17	United Kingdom	genome	unknown	B.1.1.7	Alpha
2927	hCoV-19/England/LOND-1326A00/2021	2021-01-17	United Kingdom	genome	unknown	B.1.1.7	Alpha
2928	hCoV-19/England/LOND-1326C46/2021	2021-01-17	United Kingdom	genome	unknown	B.1.1.7	Alpha
2929	hCoV-19/England/CAMC-1072A80/2021	2021-01-17	United Kingdom	genome	unknown	B.1.1.7	Alpha
2930	hCoV-19/England/QEUH-1067866/2021	2021-01-17	United Kingdom	genome	unknown	B.1.1.7	Alpha
2931	hCoV-19/England/CAMC-106E726/2021	2021-01-17	United Kingdom	genome	unknown	B.1.1.7	Alpha
2932	hCoV-19/England/CAMC-106F5EF/2021	2021-01-17	United Kingdom	genome	unknown	B.1.1.7	Alpha
2933	hCoV-19/England/CAMC-106F770/2021	2021-01-17	United Kingdom	genome	unknown	B.1.1.7	Alpha
2934	hCoV-19/England/QEUH-1067CF1/2021	2021-01-17	United Kingdom	genome	unknown	B.1.1.7	Alpha
2935	hCoV-19/England/CAMC-106F743/2021	2021-01-17	United Kingdom	genome	unknown	B.1.1.7	Alpha
2936	hCoV-19/England/QEUH-1066D68/2021	2021-01-17	United Kingdom	genome	unknown	B.1.1.7	Alpha
2937	hCoV-19/Scotland/QEUH-106773C/2021	2021-01-17	United Kingdom	genome	unknown	B.1.1.7	Alpha
2938	hCoV-19/Scotland/QEUH-10675C9/2021	2021-01-17	United Kingdom	genome	unknown	B.1.1.7	Alpha
2939	hCoV-19/England/ALDP-1090D56/2021	2021-01-17	United Kingdom	genome	unknown	B.1.1.7	Alpha
2940	hCoV-19/England/ALDP-108FAEA/2021	2021-01-17	United Kingdom	genome	unknown	B.1.1.7	Alpha
2941	hCoV-19/Scotland/QEUH-1067CD3/2021	2021-01-17	United Kingdom	genome	unknown	B.1.1.7	Alpha
2942	hCoV-19/England/MILK-10D4BA7/2021	2021-01-17	United Kingdom	genome	unknown	B.1.1.7	Alpha
2943	hCoV-19/England/ALDP-1091906/2021	2021-01-17	United Kingdom	genome	unknown	B.1.1.7	Alpha
2944	hCoV-19/Wales/ALDP-108FF09/2021	2021-01-17	United Kingdom	genome	unknown	B.1.1.7	Alpha
2945	hCoV-19/Scotland/QEUH-1067B12/2021	2021-01-17	United Kingdom	genome	unknown	B.1.1.7	Alpha
2946	hCoV-19/England/ALDP-1091D73/2021	2021-01-17	United Kingdom	genome	unknown	B.1.1.7	Alpha
2947	hCoV-19/England/ALDP-1091C76/2021	2021-01-17	United Kingdom	genome	unknown	B.1.1.7	Alpha
2948	hCoV-19/England/QEUH-10670F5/2021	2021-01-17	United Kingdom	genome	unknown	B.1.1.7	Alpha
2949	hCoV-19/England/ALDP-108FB14/2021	2021-01-17	United Kingdom	genome	unknown	B.1.1.7	Alpha
2950	hCoV-19/England/ALDP-1090B5C/2021	2021-01-17	United Kingdom	genome	unknown	B.1.1.7	Alpha
2951	hCoV-19/England/ALDP-10B6DD2/2021	2021-01-17	United Kingdom	genome	unknown	B.1.1.7	Alpha
2952	hCoV-19/England/ALDP-10B5993/2021	2021-01-17	United Kingdom	genome	unknown	B.1.1.7	Alpha
2953	hCoV-19/England/ALDP-1090AE6/2021	2021-01-17	United Kingdom	genome	unknown	B.1.1.7	Alpha
2954	hCoV-19/England/BIRM-715CF/2021	2021-01-17	United Kingdom	genome	unknown	B.1.1.7	Alpha
2955	hCoV-19/England/ALDP-1090767/2021	2021-01-17	United Kingdom	genome	unknown	B.1.1.7	Alpha
2956	hCoV-19/England/MILK-10AEB1F/2021	2021-01-17	United Kingdom	genome	unknown	B.1.1.7	Alpha
2957	hCoV-19/Wales/PHWC-4BB808/2021	2021-01-17	United Kingdom	genome	unknown	B.1.1.7	Alpha
2958	hCoV-19/England/ALDP-10B6AAE/2021	2021-01-17	United Kingdom	genome	unknown	B.1.1.7	Alpha
2959	hCoV-19/England/QEUH-10BA5C7/2021	2021-01-17	United Kingdom	genome	unknown	B.1.1.7	Alpha
2960	hCoV-19/England/ALDP-1091D46/2021	2021-01-17	United Kingdom	genome	unknown	B.1.1.7	Alpha
2961	hCoV-19/England/ALDP-1091DFB/2021	2021-01-17	United Kingdom	genome	unknown	B.1.1.7	Alpha
2962	hCoV-19/England/ALDP-1091B00/2021	2021-01-17	United Kingdom	genome	unknown	B.1.1.7	Alpha
2963	hCoV-19/England/ALDP-10901F0/2021	2021-01-17	United Kingdom	genome	unknown	B.1.1.7	Alpha
2964	hCoV-19/Wales/ALDP-10B6B7E/2021	2021-01-17	United Kingdom	genome	unknown	B.1.1.7	Alpha
2965	hCoV-19/England/CAMC-10A2EE5/2021	2021-01-17	United Kingdom	genome	unknown	B.1.1.7	Alpha
2966	hCoV-19/England/MILK-10AEAD6/2021	2021-01-17	United Kingdom	genome	unknown	B.1.1.7	Alpha
2967	hCoV-19/England/MILK-10AE2ED/2021	2021-01-17	United Kingdom	genome	unknown	B.1.1.7	Alpha
2968	hCoV-19/England/NORW-2315D8/2021	2021-01-17	United Kingdom	genome	unknown	B.1.1.7	Alpha
2969	hCoV-19/England/ALDP-109E31A/2021	2021-01-17	United Kingdom	genome	unknown	B.1.1.7	Alpha
2970	hCoV-19/England/CAMC-10FEDDE/2021	2021-01-18	United Kingdom	genome	unknown	B.1.1.7	Alpha
2971	hCoV-19/Wales/PHWC-4C7098/2021	2021-01-18	United Kingdom	genome	unknown	B.1.1.7	Alpha
2972	hCoV-19/England/PHEC-2F8B26/2021	2021-01-18	United Kingdom	genome	unknown	B.1.1.7	Alpha
2973	hCoV-19/England/NORW-226934/2021	2021-01-18	United Kingdom	genome	unknown	B.1.1.7	Alpha
2974	hCoV-19/England/ALDP-10B4DC5/2021	2021-01-18	United Kingdom	genome	unknown	B.1.1.7	Alpha
2975	hCoV-19/England/ALDP-10B4C7D/2021	2021-01-18	United Kingdom	genome	unknown	B.1.1.7	Alpha
2976	hCoV-19/England/ALDP-1094772/2021	2021-01-18	United Kingdom	genome	unknown	B.1.1.7	Alpha
2977	hCoV-19/England/ALDP-109E56F/2021	2021-01-18	United Kingdom	genome	unknown	B.1.1.7	Alpha
2978	hCoV-19/England/NORT-1B99CCE/2021	2021-01-18	United Kingdom	genome	unknown	B.1.1.7	Alpha
2979	hCoV-19/England/LOND-1324C2A/2021	2021-01-18	United Kingdom	genome	unknown	B.1.1.7	Alpha
2980	hCoV-19/England/CAMC-10BFDE8/2021	2021-01-18	United Kingdom	genome	unknown	B.1.1.7	Alpha
2981	hCoV-19/England/CAMC-109F7FF/2021	2021-01-18	United Kingdom	genome	unknown	B.1.1.7	Alpha
2982	hCoV-19/England/PHEC-15B2A5/2021	2021-01-18	United Kingdom	genome	unknown	B.1.1.7	Alpha
2983	hCoV-19/England/PHEC-15B23C/2021	2021-01-18	United Kingdom	genome	unknown	B.1.1.7	Alpha
2984	hCoV-19/England/CAMC-10A049A/2021	2021-01-18	United Kingdom	genome	unknown	B.1.1.7	Alpha
2985	hCoV-19/England/PHEC-15A394/2021	2021-01-18	United Kingdom	genome	unknown	B.1.1.7	Alpha
2986	hCoV-19/Wales/PHWC-4BB9BA/2021	2021-01-18	United Kingdom	genome	unknown	B.1.1.7	Alpha
2987	hCoV-19/England/CAMC-10A070A/2021	2021-01-18	United Kingdom	genome	unknown	B.1.1.7	Alpha
2988	hCoV-19/England/MILK-10D6A8A/2021	2021-01-18	United Kingdom	genome	unknown	B.1.1.7	Alpha
2989	hCoV-19/England/ALDP-10B808C/2021	2021-01-18	United Kingdom	genome	unknown	B.1.1.7	Alpha
2990	hCoV-19/England/MILK-10D4B98/2021	2021-01-18	United Kingdom	genome	unknown	B.1.1.7	Alpha
2991	hCoV-19/England/BRIS-2617D9/2021	2021-01-18	United Kingdom	genome	unknown	B.1.1.7	Alpha
2992	hCoV-19/England/PHEC-156D7C/2021	2021-01-18	United Kingdom	genome	unknown	B.1.1.7	Alpha
2993	hCoV-19/England/CAMC-10BFDD9/2021	2021-01-18	United Kingdom	genome	unknown	B.1.1.7	Alpha
2994	hCoV-19/England/QEUH-10BA8FB/2021	2021-01-18	United Kingdom	genome	unknown	B.1.1.7	Alpha
2995	hCoV-19/England/CAMC-10A09C8/2021	2021-01-18	United Kingdom	genome	unknown	B.1.1.7	Alpha
2996	hCoV-19/England/CAMC-10A138D/2021	2021-01-18	United Kingdom	genome	unknown	B.1.1.7	Alpha
2997	hCoV-19/England/PHEC-156019/2021	2021-01-18	United Kingdom	genome	unknown	B.1.1.7	Alpha
2998	hCoV-19/England/CAMC-10A0685/2021	2021-01-18	United Kingdom	genome	unknown	B.1.1.7	Alpha
2999	hCoV-19/England/QEUH-10BAF14/2021	2021-01-18	United Kingdom	genome	unknown	B.1.1.7	Alpha
3000	hCoV-19/England/ALDP-10B5711/2021	2021-01-18	United Kingdom	genome	unknown	B.1.1.7	Alpha
3001	hCoV-19/England/PHEC-155A1C/2021	2021-01-18	United Kingdom	genome	unknown	B.1.1.7	Alpha
3002	hCoV-19/England/QEUH-109B2D4/2021	2021-01-18	United Kingdom	genome	unknown	B.1.1.7	Alpha
3003	hCoV-19/England/ALDP-10E2906/2021	2021-01-18	United Kingdom	genome	unknown	B.1.1.7	Alpha
3004	hCoV-19/England/NORT-1B99BEF/2021	2021-01-18	United Kingdom	genome	unknown	B.1.1.7	Alpha
3005	hCoV-19/England/MILK-110DC74/2021	2021-01-18	United Kingdom	genome	unknown	B.1.1.7	Alpha
3006	hCoV-19/England/ALDP-10B5104/2021	2021-01-18	United Kingdom	genome	unknown	B.1.1.7	Alpha
3007	hCoV-19/England/CAMC-10FEE62/2021	2021-01-18	United Kingdom	genome	unknown	B.1.1.7	Alpha
3008	hCoV-19/England/QEUH-10B9E54/2021	2021-01-18	United Kingdom	genome	unknown	B.1.1.7	Alpha
3009	hCoV-19/England/CAMC-10A0755/2021	2021-01-18	United Kingdom	genome	unknown	B.1.1.7	Alpha
3010	hCoV-19/England/CAMC-10A11DE/2021	2021-01-18	United Kingdom	genome	unknown	B.1.1.7	Alpha
3011	hCoV-19/England/CAMC-10BFF5B/2021	2021-01-18	United Kingdom	genome	unknown	B.1.1.7	Alpha
3012	hCoV-19/Wales/ALDP-10EE0D8/2021	2021-01-18	United Kingdom	genome	unknown	B.1.1.7	Alpha
3013	hCoV-19/England/PORT-2DB8F5/2021	2021-01-18	United Kingdom	genome	unknown	B.1.1.7	Alpha
3014	hCoV-19/England/NORW-226E17/2021	2021-01-19	United Kingdom	genome	unknown	B.1.1.7	Alpha
3015	hCoV-19/England/ALDP-10B7919/2021	2021-01-19	United Kingdom	genome	unknown	B.1.1.7	Alpha
3016	hCoV-19/England/WSFT-25D18E7/2021	2021-01-19	United Kingdom	genome	unknown	B.1.1.7	Alpha
3017	hCoV-19/Wales/PHWC-4BE146/2021	2021-01-19	United Kingdom	genome	unknown	B.1.1.7	Alpha
3018	hCoV-19/England/ALDP-10B7102/2021	2021-01-19	United Kingdom	genome	unknown	B.1.1.7	Alpha
3019	hCoV-19/Wales/PHWC-4BD903/2021	2021-01-19	United Kingdom	genome	unknown	B.1.1.7	Alpha
3020	hCoV-19/England/ALDP-10B7928/2021	2021-01-19	United Kingdom	genome	unknown	B.1.1.7	Alpha
3021	hCoV-19/England/210320812/2021	2021-01-19	United Kingdom	genome	unknown	B.1.1.7	Alpha
3022	hCoV-19/England/LOND-13274D4/2021	2021-01-19	United Kingdom	genome	unknown	B.1.1.7	Alpha
3023	hCoV-19/England/LOND-1329A2B/2021	2021-01-19	United Kingdom	genome	unknown	B.1.1.7	Alpha
3024	hCoV-19/England/LOND-1327085/2021	2021-01-19	United Kingdom	genome	unknown	B.1.1.7	Alpha
3025	hCoV-19/England/CAMB-A9DD25/2021	2021-01-19	United Kingdom	genome	unknown	B.1.1.7	Alpha
3026	hCoV-19/England/LCST-24DCDEE/2021	2021-01-19	United Kingdom	genome	unknown	B.1.1.7	Alpha
3027	hCoV-19/England/LOND-132742F/2021	2021-01-19	United Kingdom	genome	unknown	B.1.1.7	Alpha
3028	hCoV-19/England/QEUH-109CDD2/2021	2021-01-19	United Kingdom	genome	unknown	B.1.1.7	Alpha
3029	hCoV-19/England/QEUH-109C2D3/2021	2021-01-19	United Kingdom	genome	unknown	B.1.1.7	Alpha
3030	hCoV-19/England/QEUH-109D75B/2021	2021-01-19	United Kingdom	genome	unknown	B.1.1.7	Alpha
3031	hCoV-19/England/CAMC-10BF60B/2021	2021-01-19	United Kingdom	genome	unknown	B.1.1.7	Alpha
3032	hCoV-19/England/ALDP-10E3A8A/2021	2021-01-19	United Kingdom	genome	unknown	B.1.1.7	Alpha
3033	hCoV-19/England/CAMC-10BEFF2/2021	2021-01-19	United Kingdom	genome	unknown	B.1.1.7	Alpha
3034	hCoV-19/Scotland/QEUH-109C358/2021	2021-01-19	United Kingdom	genome	unknown	B.1.1.7	Alpha
3035	hCoV-19/Scotland/QEUH-109B91B/2021	2021-01-19	United Kingdom	genome	unknown	B.1.1.7	Alpha
3036	hCoV-19/Scotland/QEUH-109B948/2021	2021-01-19	United Kingdom	genome	unknown	B.1.1.7	Alpha
3037	hCoV-19/Scotland/QEUH-109C956/2021	2021-01-19	United Kingdom	genome	unknown	B.1.1.7	Alpha
3038	hCoV-19/Scotland/QEUH-109B0E9/2021	2021-01-19	United Kingdom	genome	unknown	B.1.1.7	Alpha
3039	hCoV-19/England/QEUH-10BA9BC/2021	2021-01-19	United Kingdom	genome	unknown	B.1.1.7	Alpha
3040	hCoV-19/England/ALDP-10E50E0/2021	2021-01-19	United Kingdom	genome	unknown	B.1.1.7	Alpha
3041	hCoV-19/England/MILK-110CFE5/2021	2021-01-19	United Kingdom	genome	unknown	B.1.1.7	Alpha
3042	hCoV-19/England/CAMC-10BE6A2/2021	2021-01-19	United Kingdom	genome	unknown	B.1.1.7	Alpha
3043	hCoV-19/England/CAMC-10BFEE5/2021	2021-01-19	United Kingdom	genome	unknown	B.1.1.7	Alpha
3044	hCoV-19/England/MILK-114EFD8/2021	2021-01-19	United Kingdom	genome	unknown	B.1.1.7	Alpha
3045	hCoV-19/England/CAMC-10C1536/2021	2021-01-19	United Kingdom	genome	unknown	B.1.1.7	Alpha
3046	hCoV-19/England/CAMC-10FAEC0/2021	2021-01-19	United Kingdom	genome	unknown	B.1.1.7	Alpha
3047	hCoV-19/England/ALDP-10DE624/2021	2021-01-19	United Kingdom	genome	unknown	B.1.1.7	Alpha
3048	hCoV-19/England/QEUH-109C3A3/2021	2021-01-19	United Kingdom	genome	unknown	B.1.1.7	Alpha
3049	hCoV-19/England/QEUH-109CBD8/2021	2021-01-19	United Kingdom	genome	unknown	B.1.1.7	Alpha
3050	hCoV-19/England/ALDP-10E3A20/2021	2021-01-19	United Kingdom	genome	unknown	B.1.1.7	Alpha
3051	hCoV-19/England/CAMC-10FA507/2021	2021-01-19	United Kingdom	genome	unknown	B.1.1.7	Alpha
3052	hCoV-19/England/NORW-227344/2021	2021-01-20	United Kingdom	genome	unknown	B.1.1.7	Alpha
3053	hCoV-19/England/NOTT-249F57/2021	2021-01-20	United Kingdom	genome	unknown	B.1.1.7	Alpha
3054	hCoV-19/England/WSFT-25D2813/2021	2021-01-20	United Kingdom	genome	unknown	B.1.1.7	Alpha
3055	hCoV-19/England/WSFT-25D15A4/2021	2021-01-20	United Kingdom	genome	unknown	B.1.1.7	Alpha
3056	hCoV-19/England/WSFT-25D22F7/2021	2021-01-20	United Kingdom	genome	unknown	B.1.1.7	Alpha
3057	hCoV-19/England/ALDP-10EC3B3/2021	2021-01-20	United Kingdom	genome	unknown	B.1.1.7	Alpha
3058	hCoV-19/England/CAMC-115EF5D/2021	2021-01-20	United Kingdom	genome	unknown	B.1.1.7	Alpha
3059	hCoV-19/England/QEUH-10BACA4/2021	2021-01-20	United Kingdom	genome	unknown	B.1.1.7	Alpha
3060	hCoV-19/England/ALDP-10EC641/2021	2021-01-20	United Kingdom	genome	unknown	B.1.1.7	Alpha
3061	hCoV-19/England/CAMC-10FA965/2021	2021-01-20	United Kingdom	genome	unknown	B.1.1.7	Alpha
3062	hCoV-19/England/ALDP-10EC6AB/2021	2021-01-20	United Kingdom	genome	unknown	B.1.1.7	Alpha
3063	hCoV-19/England/CAMC-10FAA62/2021	2021-01-20	United Kingdom	genome	unknown	B.1.1.7	Alpha
3064	hCoV-19/England/CAMC-1104E95/2021	2021-01-20	United Kingdom	genome	unknown	B.1.1.7	Alpha
3065	hCoV-19/England/CAMC-10FAD1E/2021	2021-01-20	United Kingdom	genome	unknown	B.1.1.7	Alpha
3066	hCoV-19/England/ALDP-10EC483/2021	2021-01-20	United Kingdom	genome	unknown	B.1.1.7	Alpha
3067	hCoV-19/England/CAMC-10FAC20/2021	2021-01-20	United Kingdom	genome	unknown	B.1.1.7	Alpha
3068	hCoV-19/Wales/ALDP-10EE5F7/2021	2021-01-20	United Kingdom	genome	unknown	B.1.1.7	Alpha
3069	hCoV-19/England/MILK-112F614/2021	2021-01-20	United Kingdom	genome	unknown	B.1.1.7	Alpha
3070	hCoV-19/England/MILK-112F553/2021	2021-01-20	United Kingdom	genome	unknown	B.1.1.7	Alpha
3071	hCoV-19/England/MILK-11358CA/2021	2021-01-20	United Kingdom	genome	unknown	B.1.1.7	Alpha
3072	hCoV-19/Wales/PHWC-4BF0FD/2021	2021-01-20	United Kingdom	genome	unknown	B.1.1.7	Alpha
3073	hCoV-19/Wales/ALDP-10ECB9D/2021	2021-01-20	United Kingdom	genome	unknown	B.1.1.7	Alpha
3074	hCoV-19/England/ALDP-10EABCC/2021	2021-01-20	United Kingdom	genome	unknown	B.1.1.7	Alpha
3075	hCoV-19/England/QEUH-10BA4D9/2021	2021-01-20	United Kingdom	genome	unknown	B.1.1.7	Alpha
3076	hCoV-19/England/ALDP-10DE457/2021	2021-01-20	United Kingdom	genome	unknown	B.1.1.7	Alpha
3077	hCoV-19/England/ALDP-10DE554/2021	2021-01-20	United Kingdom	genome	unknown	B.1.1.7	Alpha
3078	hCoV-19/England/ALDP-10DE888/2021	2021-01-20	United Kingdom	genome	unknown	B.1.1.7	Alpha
3079	hCoV-19/England/OXON-F684CF/2021	2021-01-20	United Kingdom	genome	unknown	B.1.1.7	Alpha
3080	hCoV-19/England/CAMB-A9EBEE/2021	2021-01-20	United Kingdom	genome	unknown	B.1.1.7	Alpha
3081	hCoV-19/England/CAMC-1104D01/2021	2021-01-20	United Kingdom	genome	unknown	B.1.1.7	Alpha
3082	hCoV-19/England/ALDP-10E9BCD/2021	2021-01-20	United Kingdom	genome	unknown	B.1.1.7	Alpha
3083	hCoV-19/Wales/ALDP-110B9CA/2021	2021-01-20	United Kingdom	genome	unknown	B.1.1.7	Alpha
3084	hCoV-19/England/LOND-1325CED/2021	2021-01-20	United Kingdom	genome	unknown	B.1.1.7	Alpha
3085	hCoV-19/England/LOND-132596E/2021	2021-01-20	United Kingdom	genome	unknown	B.1.1.7	Alpha
3086	hCoV-19/England/QEUH-10E55C3/2021	2021-01-21	United Kingdom	genome	unknown	B.1.1.7	Alpha
3087	hCoV-19/England/QEUH-10E7725/2021	2021-01-21	United Kingdom	genome	unknown	B.1.1.7	Alpha
3088	hCoV-19/England/QEUH-10E735E/2021	2021-01-21	United Kingdom	genome	unknown	B.1.1.7	Alpha
3089	hCoV-19/England/QEUH-10E7303/2021	2021-01-21	United Kingdom	genome	unknown	B.1.1.7	Alpha
3090	hCoV-19/England/QEUH-10E7057/2021	2021-01-21	United Kingdom	genome	unknown	B.1.1.7	Alpha
3091	hCoV-19/England/ALDP-10EAEC3/2021	2021-01-21	United Kingdom	genome	unknown	B.1.1.7	Alpha
3092	hCoV-19/Scotland/CVR6890/2021	2021-01-21	United Kingdom	genome	unknown	B.1.1.7	Alpha
3093	hCoV-19/England/LOND-1325D17/2021	2021-01-21	United Kingdom	genome	unknown	B.1.1.7	Alpha
3094	hCoV-19/England/LOND-1328CAE/2021	2021-01-21	United Kingdom	genome	unknown	B.1.1.7	Alpha
3095	hCoV-19/England/NORT-1B8CE04/2021	2021-01-21	United Kingdom	genome	unknown	B.1.1.7	Alpha
3096	hCoV-19/England/PHESW-YYBNSPM/2021	2021-01-21	United Kingdom	genome	unknown	B.1.1.7	Alpha
3097	hCoV-19/England/MILK-1151752/2021	2021-01-21	United Kingdom	genome	unknown	B.1.1.7	Alpha
3098	hCoV-19/England/MILK-1151A77/2021	2021-01-21	United Kingdom	genome	unknown	B.1.1.7	Alpha
3099	hCoV-19/England/ALDP-115BB98/2021	2021-01-21	United Kingdom	genome	unknown	B.1.1.7	Alpha
3100	hCoV-19/England/CAMC-1109786/2021	2021-01-21	United Kingdom	genome	unknown	B.1.1.7	Alpha
3101	hCoV-19/England/CAMC-11097D1/2021	2021-01-21	United Kingdom	genome	unknown	B.1.1.7	Alpha
3102	hCoV-19/Wales/PHWC-4C21B8/2021	2021-01-21	United Kingdom	genome	unknown	B.1.1.7	Alpha
3103	hCoV-19/England/ALDP-112894F/2021	2021-01-21	United Kingdom	genome	unknown	B.1.1.7	Alpha
3104	hCoV-19/England/LIVE-DE6D75/2021	2021-01-21	United Kingdom	genome	unknown	B.1.1.7	Alpha
3105	hCoV-19/England/MILK-1150AA5/2021	2021-01-21	United Kingdom	genome	unknown	B.1.1.7	Alpha
3106	hCoV-19/England/CAMC-110A934/2021	2021-01-21	United Kingdom	genome	unknown	B.1.1.7	Alpha
3107	hCoV-19/England/CAMC-115F01D/2021	2021-01-21	United Kingdom	genome	unknown	B.1.1.7	Alpha
3108	hCoV-19/England/ALDP-1121C4D/2021	2021-01-21	United Kingdom	genome	unknown	B.1.1.7	Alpha
3109	hCoV-19/England/ALDP-1121A07/2021	2021-01-21	United Kingdom	genome	unknown	B.1.1.7	Alpha
3110	hCoV-19/Wales/ALDP-10EA5EC/2021	2021-01-21	United Kingdom	genome	unknown	B.1.1.7	Alpha
3111	hCoV-19/England/CAMC-110949E/2021	2021-01-21	United Kingdom	genome	unknown	B.1.1.7	Alpha
3112	hCoV-19/England/CAMC-110A916/2021	2021-01-21	United Kingdom	genome	unknown	B.1.1.7	Alpha
3113	hCoV-19/England/WSFT-25D099A/2021	2021-01-22	United Kingdom	genome	unknown	B.1.1.7	Alpha
3114	hCoV-19/England/MILK-1152B37/2021	2021-01-22	United Kingdom	genome	unknown	B.1.1.7	Alpha
3115	hCoV-19/England/MILK-1152D7D/2021	2021-01-22	United Kingdom	genome	unknown	B.1.1.7	Alpha
3116	hCoV-19/England/MILK-1150CCD/2021	2021-01-22	United Kingdom	genome	unknown	B.1.1.7	Alpha
3117	hCoV-19/England/MILK-1151233/2021	2021-01-22	United Kingdom	genome	unknown	B.1.1.7	Alpha
3118	hCoV-19/England/MILK-115344A/2021	2021-01-22	United Kingdom	genome	unknown	B.1.1.7	Alpha
3119	hCoV-19/England/MILK-1153A0C/2021	2021-01-22	United Kingdom	genome	unknown	B.1.1.7	Alpha
3120	hCoV-19/England/LOND-128E71F/2021	2021-01-22	United Kingdom	genome	unknown	B.1.1.7	Alpha
3121	hCoV-19/England/LOND-E01F4/2021	2021-01-22	United Kingdom	genome	unknown	B.1.1.7	Alpha
3122	hCoV-19/England/MILK-1153583/2021	2021-01-22	United Kingdom	genome	unknown	B.1.1.7	Alpha
3123	hCoV-19/England/ALDP-1145CBC/2021	2021-01-22	United Kingdom	genome	unknown	B.1.1.7	Alpha
3124	hCoV-19/England/ALDP-1145654/2021	2021-01-22	United Kingdom	genome	unknown	B.1.1.7	Alpha
3125	hCoV-19/England/ALDP-11286FD/2021	2021-01-22	United Kingdom	genome	unknown	B.1.1.7	Alpha
3126	hCoV-19/England/MILK-1152DD7/2021	2021-01-22	United Kingdom	genome	unknown	B.1.1.7	Alpha
3127	hCoV-19/England/MILK-1152900/2021	2021-01-22	United Kingdom	genome	unknown	B.1.1.7	Alpha
3128	hCoV-19/England/ALDP-114519F/2021	2021-01-22	United Kingdom	genome	unknown	B.1.1.7	Alpha
3129	hCoV-19/England/CAMC-1105ABE/2021	2021-01-22	United Kingdom	genome	unknown	B.1.1.7	Alpha
3130	hCoV-19/England/ALDP-1145C25/2021	2021-01-22	United Kingdom	genome	unknown	B.1.1.7	Alpha
3131	hCoV-19/England/MILK-1152681/2021	2021-01-22	United Kingdom	genome	unknown	B.1.1.7	Alpha
3132	hCoV-19/England/ALDP-1145DAA/2021	2021-01-22	United Kingdom	genome	unknown	B.1.1.7	Alpha
3133	hCoV-19/England/ALDP-114586D/2021	2021-01-22	United Kingdom	genome	unknown	B.1.1.7	Alpha
3134	hCoV-19/England/ALDP-1144DAB/2021	2021-01-22	United Kingdom	genome	unknown	B.1.1.7	Alpha
3135	hCoV-19/England/ALDP-1145065/2021	2021-01-22	United Kingdom	genome	unknown	B.1.1.7	Alpha
3136	hCoV-19/England/ALDP-114E8DD/2021	2021-01-22	United Kingdom	genome	unknown	B.1.1.7	Alpha
3137	hCoV-19/England/CAMC-110805F/2021	2021-01-22	United Kingdom	genome	unknown	B.1.1.7	Alpha
3138	hCoV-19/England/ALDP-10F6A1B/2021	2021-01-22	United Kingdom	genome	unknown	B.1.1.7	Alpha
3139	hCoV-19/Wales/ALDP-11459A6/2021	2021-01-22	United Kingdom	genome	unknown	B.1.1.7	Alpha
3140	hCoV-19/England/MILK-112ECE6/2021	2021-01-22	United Kingdom	genome	unknown	B.1.1.7	Alpha
3141	hCoV-19/England/ALDP-110B1E0/2021	2021-01-22	United Kingdom	genome	unknown	B.1.1.7	Alpha
3142	hCoV-19/England/ALDP-110BA03/2021	2021-01-22	United Kingdom	genome	unknown	B.1.1.7	Alpha
3143	hCoV-19/England/ALDP-10F909E/2021	2021-01-22	United Kingdom	genome	unknown	B.1.1.7	Alpha
3144	hCoV-19/England/ALDP-1121436/2021	2021-01-22	United Kingdom	genome	unknown	B.1.1.7	Alpha
3145	hCoV-19/England/QEUH-10F8105/2021	2021-01-22	United Kingdom	genome	unknown	B.1.1.7	Alpha
3146	hCoV-19/Wales/ALDP-10F9939/2021	2021-01-22	United Kingdom	genome	unknown	B.1.1.7	Alpha
3147	hCoV-19/England/ALDP-115BBA7/2021	2021-01-22	United Kingdom	genome	unknown	B.1.1.7	Alpha
3148	hCoV-19/England/QEUH-10F1360/2021	2021-01-22	United Kingdom	genome	unknown	B.1.1.7	Alpha
3149	hCoV-19/England/ALDP-10F65FC/2021	2021-01-22	United Kingdom	genome	unknown	B.1.1.7	Alpha
3150	hCoV-19/England/ALDP-118456B/2021	2021-01-22	United Kingdom	genome	unknown	B.1.1.7	Alpha
3151	hCoV-19/England/CAMC-1107FDB/2021	2021-01-22	United Kingdom	genome	unknown	B.1.1.7	Alpha
3152	hCoV-19/England/BRIS-26186D/2021	2021-01-22	United Kingdom	genome	unknown	B.1.1.7	Alpha
3153	hCoV-19/England/ALDP-110B942/2021	2021-01-22	United Kingdom	genome	unknown	B.1.1.7	Alpha
3154	hCoV-19/England/ALDP-110B0B6/2021	2021-01-22	United Kingdom	genome	unknown	B.1.1.7	Alpha
3155	hCoV-19/England/ALDP-10F974E/2021	2021-01-22	United Kingdom	genome	unknown	B.1.1.7	Alpha
3156	hCoV-19/England/ALDP-110AFBA/2021	2021-01-22	United Kingdom	genome	unknown	B.1.1.7	Alpha
3157	hCoV-19/England/NORT-1B8957B/2021	2021-01-22	United Kingdom	genome	unknown	B.1.1.7	Alpha
3158	hCoV-19/England/ALDP-110B8AF/2021	2021-01-22	United Kingdom	genome	unknown	B.1.1.7	Alpha
3159	hCoV-19/England/ALDP-110BDA0/2021	2021-01-22	United Kingdom	genome	unknown	B.1.1.7	Alpha
3160	hCoV-19/England/ALDP-110B890/2021	2021-01-22	United Kingdom	genome	unknown	B.1.1.7	Alpha
3161	hCoV-19/England/ALDP-114FC3A/2021	2021-01-22	United Kingdom	genome	unknown	B.1.1.7	Alpha
3162	hCoV-19/England/ALDP-10F9B06/2021	2021-01-22	United Kingdom	genome	unknown	B.1.1.7	Alpha
3163	hCoV-19/England/ALDP-10F9BBB/2021	2021-01-22	United Kingdom	genome	unknown	B.1.1.7	Alpha
3164	hCoV-19/England/ALDP-112181C/2021	2021-01-22	United Kingdom	genome	unknown	B.1.1.7	Alpha
3165	hCoV-19/England/ALDP-110B7A2/2021	2021-01-22	United Kingdom	genome	unknown	B.1.1.7	Alpha
3166	hCoV-19/England/MILK-112ED01/2021	2021-01-22	United Kingdom	genome	unknown	B.1.1.7	Alpha
3167	hCoV-19/England/ALDP-10F91E6/2021	2021-01-22	United Kingdom	genome	unknown	B.1.1.7	Alpha
3168	hCoV-19/England/ALDP-112167C/2021	2021-01-22	United Kingdom	genome	unknown	B.1.1.7	Alpha
3169	hCoV-19/England/MILK-11421DE/2021	2021-01-22	United Kingdom	genome	unknown	B.1.1.7	Alpha
3170	hCoV-19/England/LOND-12F7580/2021	2021-01-22	United Kingdom	genome	unknown	B.1.1.7	Alpha
3171	hCoV-19/England/CAMC-112447F/2021	2021-01-22	United Kingdom	genome	unknown	B.1.1.7	Alpha
3172	hCoV-19/England/QEUH-11299A8/2021	2021-01-22	United Kingdom	genome	unknown	B.1.1.7	Alpha
3173	hCoV-19/England/LOND-1325E9C/2021	2021-01-22	United Kingdom	genome	unknown	B.1.1.7	Alpha
3174	hCoV-19/England/LOND-1325904/2021	2021-01-22	United Kingdom	genome	unknown	B.1.1.7	Alpha
3175	hCoV-19/England/WSFT-25D06EE/2021	2021-01-23	United Kingdom	genome	unknown	B.1.1.7	Alpha
3176	hCoV-19/England/ALDP-114644A/2021	2021-01-23	United Kingdom	genome	unknown	B.1.1.7	Alpha
3177	hCoV-19/Scotland/EDB14346/2021	2021-01-23	United Kingdom	genome	unknown	B.1.1.7	Alpha
3178	hCoV-19/England/ALDP-115B5C7/2021	2021-01-23	United Kingdom	genome	unknown	B.1.1.7	Alpha
3179	hCoV-19/England/ALDP-115B98F/2021	2021-01-23	United Kingdom	genome	unknown	B.1.1.7	Alpha
3180	hCoV-19/Wales/ALDP-114980F/2021	2021-01-23	United Kingdom	genome	unknown	B.1.1.7	Alpha
3181	hCoV-19/England/CAMB-A9F242/2021	2021-01-23	United Kingdom	genome	unknown	B.1.1.7	Alpha
3182	hCoV-19/England/ALDP-115B9DA/2021	2021-01-23	United Kingdom	genome	unknown	B.1.1.7	Alpha
3183	hCoV-19/England/ALDP-115B72B/2021	2021-01-23	United Kingdom	genome	unknown	B.1.1.7	Alpha
3184	hCoV-19/England/CAMC-1123F33/2021	2021-01-23	United Kingdom	genome	unknown	B.1.1.7	Alpha
3185	hCoV-19/England/ALDP-1149896/2021	2021-01-23	United Kingdom	genome	unknown	B.1.1.7	Alpha
3186	hCoV-19/England/ALDP-1142D16/2021	2021-01-23	United Kingdom	genome	unknown	B.1.1.7	Alpha
3187	hCoV-19/England/CAMC-1125EE9/2021	2021-01-23	United Kingdom	genome	unknown	B.1.1.7	Alpha
3188	hCoV-19/England/QEUH-112A190/2021	2021-01-23	United Kingdom	genome	unknown	B.1.1.7	Alpha
3189	hCoV-19/England/ALDP-11473F1/2021	2021-01-23	United Kingdom	genome	unknown	B.1.1.7	Alpha
3190	hCoV-19/England/ALDP-11497E4/2021	2021-01-23	United Kingdom	genome	unknown	B.1.1.7	Alpha
3191	hCoV-19/England/CAMC-115F1DE/2021	2021-01-23	United Kingdom	genome	unknown	B.1.1.7	Alpha
3192	hCoV-19/England/CAMC-115F3AB/2021	2021-01-23	United Kingdom	genome	unknown	B.1.1.7	Alpha
3193	hCoV-19/Scotland/QEUH-10F8730/2021	2021-01-23	United Kingdom	genome	unknown	B.1.1.7	Alpha
3194	hCoV-19/Scotland/QEUH-10F8493/2021	2021-01-23	United Kingdom	genome	unknown	B.1.1.7	Alpha
3195	hCoV-19/Scotland/QEUH-10F840C/2021	2021-01-23	United Kingdom	genome	unknown	B.1.1.7	Alpha
3196	hCoV-19/Scotland/QEUH-10F833C/2021	2021-01-23	United Kingdom	genome	unknown	B.1.1.7	Alpha
3197	hCoV-19/Scotland/QEUH-10F8299/2021	2021-01-23	United Kingdom	genome	unknown	B.1.1.7	Alpha
3198	hCoV-19/England/MILK-11519E3/2021	2021-01-23	United Kingdom	genome	unknown	B.1.1.7	Alpha
3199	hCoV-19/England/MILK-1151EF3/2021	2021-01-23	United Kingdom	genome	unknown	B.1.1.7	Alpha
3200	hCoV-19/England/ALDP-11504E3/2021	2021-01-23	United Kingdom	genome	unknown	B.1.1.7	Alpha
3201	hCoV-19/England/ALDP-114FB6A/2021	2021-01-23	United Kingdom	genome	unknown	B.1.1.7	Alpha
3202	hCoV-19/England/ALDP-11507BD/2021	2021-01-23	United Kingdom	genome	unknown	B.1.1.7	Alpha
3203	hCoV-19/England/ALDP-114E07B/2021	2021-01-23	United Kingdom	genome	unknown	B.1.1.7	Alpha
3204	hCoV-19/England/ALDP-114F2DE/2021	2021-01-23	United Kingdom	genome	unknown	B.1.1.7	Alpha
3205	hCoV-19/England/ALDP-114E0E4/2021	2021-01-23	United Kingdom	genome	unknown	B.1.1.7	Alpha
3206	hCoV-19/England/ALDP-114FA03/2021	2021-01-23	United Kingdom	genome	unknown	B.1.1.7	Alpha
3207	hCoV-19/England/ALDP-114E22A/2021	2021-01-23	United Kingdom	genome	unknown	B.1.1.7	Alpha
3208	hCoV-19/Wales/PHWC-4C0114/2021	2021-01-23	United Kingdom	genome	unknown	B.1.1.7	Alpha
3209	hCoV-19/England/CAMC-115ED26/2021	2021-01-23	United Kingdom	genome	unknown	B.1.1.7	Alpha
3210	hCoV-19/England/MILK-1151A59/2021	2021-01-23	United Kingdom	genome	unknown	B.1.1.7	Alpha
3211	hCoV-19/England/MILK-11515C1/2021	2021-01-23	United Kingdom	genome	unknown	B.1.1.7	Alpha
3212	hCoV-19/England/MILK-11515EF/2021	2021-01-23	United Kingdom	genome	unknown	B.1.1.7	Alpha
3213	hCoV-19/England/MILK-1152162/2021	2021-01-23	United Kingdom	genome	unknown	B.1.1.7	Alpha
3214	hCoV-19/England/QEUH-10F8B52/2021	2021-01-23	United Kingdom	genome	unknown	B.1.1.7	Alpha
3215	hCoV-19/England/QEUH-10F8800/2021	2021-01-23	United Kingdom	genome	unknown	B.1.1.7	Alpha
3216	hCoV-19/England/QEUH-10F8E0E/2021	2021-01-23	United Kingdom	genome	unknown	B.1.1.7	Alpha
3217	hCoV-19/England/CAMC-115F217/2021	2021-01-23	United Kingdom	genome	unknown	B.1.1.7	Alpha
3218	hCoV-19/England/CAMC-115F9E5/2021	2021-01-23	United Kingdom	genome	unknown	B.1.1.7	Alpha
3219	hCoV-19/England/QEUH-10F83A5/2021	2021-01-23	United Kingdom	genome	unknown	B.1.1.7	Alpha
3220	hCoV-19/England/NOTT-24D8D0/2021	2021-01-23	United Kingdom	genome	unknown	B.1.1.7	Alpha
3221	hCoV-19/England/ALDP-114FD82/2021	2021-01-23	United Kingdom	genome	unknown	B.1.1.7	Alpha
3222	hCoV-19/England/MILK-1152223/2021	2021-01-23	United Kingdom	genome	unknown	B.1.1.7	Alpha
3223	hCoV-19/England/QEUH-10F8DC5/2021	2021-01-23	United Kingdom	genome	unknown	B.1.1.7	Alpha
3224	hCoV-19/England/QEUH-10F8396/2021	2021-01-23	United Kingdom	genome	unknown	B.1.1.7	Alpha
3225	hCoV-19/England/PORT-2E62F9/2021	2021-01-24	United Kingdom	genome	unknown	B.1.1.7	Alpha
3226	hCoV-19/England/MILK-1166FAD/2021	2021-01-24	United Kingdom	genome	unknown	B.1.1.7	Alpha
3227	hCoV-19/England/MILK-116D46B/2021	2021-01-24	United Kingdom	genome	unknown	B.1.1.7	Alpha
3228	hCoV-19/England/MILK-115A5B9/2021	2021-01-24	United Kingdom	genome	unknown	B.1.1.7	Alpha
3229	hCoV-19/England/MILK-115A55F/2021	2021-01-24	United Kingdom	genome	unknown	B.1.1.7	Alpha
3230	hCoV-19/England/CAMC-115E843/2021	2021-01-24	United Kingdom	genome	unknown	B.1.1.7	Alpha
3231	hCoV-19/NorthernIreland/NIRE-23D545/2021	2021-01-24	United Kingdom	genome	unknown	B.1.1.7	Alpha
3232	hCoV-19/England/ALDP-1198A56/2021	2021-01-24	United Kingdom	genome	unknown	B.1.1.7	Alpha
3233	hCoV-19/England/MILK-1159C79/2021	2021-01-24	United Kingdom	genome	unknown	B.1.1.7	Alpha
3234	hCoV-19/England/WSFT-25D17AE/2021	2021-01-24	United Kingdom	genome	unknown	B.1.1.7	Alpha
3235	hCoV-19/England/ALDP-114E6D3/2021	2021-01-24	United Kingdom	genome	unknown	B.1.1.7	Alpha
3236	hCoV-19/England/ALDP-114FBB5/2021	2021-01-24	United Kingdom	genome	unknown	B.1.1.7	Alpha
3237	hCoV-19/England/ALDP-114DD2A/2021	2021-01-24	United Kingdom	genome	unknown	B.1.1.7	Alpha
3238	hCoV-19/England/ALDP-114E6C4/2021	2021-01-24	United Kingdom	genome	unknown	B.1.1.7	Alpha
3239	hCoV-19/England/ALDP-1150683/2021	2021-01-24	United Kingdom	genome	unknown	B.1.1.7	Alpha
3240	hCoV-19/England/ALDP-115B61F/2021	2021-01-24	United Kingdom	genome	unknown	B.1.1.7	Alpha
3241	hCoV-19/England/ALDP-115C4E7/2021	2021-01-24	United Kingdom	genome	unknown	B.1.1.7	Alpha
3242	hCoV-19/England/QEUH-116ED41/2021	2021-01-24	United Kingdom	genome	unknown	B.1.1.7	Alpha
3243	hCoV-19/England/ALDP-115C53F/2021	2021-01-24	United Kingdom	genome	unknown	B.1.1.7	Alpha
3244	hCoV-19/England/ALDP-115C177/2021	2021-01-24	United Kingdom	genome	unknown	B.1.1.7	Alpha
3245	hCoV-19/England/ALDP-115C292/2021	2021-01-24	United Kingdom	genome	unknown	B.1.1.7	Alpha
3246	hCoV-19/England/ALDP-115E39D/2021	2021-01-24	United Kingdom	genome	unknown	B.1.1.7	Alpha
3247	hCoV-19/England/ALDP-115E10C/2021	2021-01-24	United Kingdom	genome	unknown	B.1.1.7	Alpha
3248	hCoV-19/England/CAMC-115EA10/2021	2021-01-24	United Kingdom	genome	unknown	B.1.1.7	Alpha
3249	hCoV-19/Wales/PHWC-4BE5C2/2021	2021-01-24	United Kingdom	genome	unknown	B.1.1.7	Alpha
3250	hCoV-19/England/ALDP-115D9F6/2021	2021-01-24	United Kingdom	genome	unknown	B.1.1.7	Alpha
3251	hCoV-19/England/NOTT-24D973/2021	2021-01-24	United Kingdom	genome	unknown	B.1.1.7	Alpha
3252	hCoV-19/England/ALDP-118264C/2021	2021-01-24	United Kingdom	genome	unknown	B.1.1.7	Alpha
3253	hCoV-19/England/ALDP-117008F/2021	2021-01-24	United Kingdom	genome	unknown	B.1.1.7	Alpha
3254	hCoV-19/England/SHEF-10C5C6A/2021	2021-01-24	United Kingdom	genome	unknown	B.1.1.7	Alpha
3255	hCoV-19/England/CAMC-115E89E/2021	2021-01-24	United Kingdom	genome	unknown	B.1.1.7	Alpha
3256	hCoV-19/England/CAMC-115F50F/2021	2021-01-24	United Kingdom	genome	unknown	B.1.1.7	Alpha
3257	hCoV-19/England/LOND-13268F7/2021	2021-01-24	United Kingdom	genome	unknown	B.1.1.7	Alpha
3258	hCoV-19/England/ALDP-115B776/2021	2021-01-24	United Kingdom	genome	unknown	B.1.1.7	Alpha
3259	hCoV-19/England/NORW-229B77/2021	2021-01-25	United Kingdom	genome	unknown	B.1.1.7	Alpha
3260	hCoV-19/England/MILK-118BFDF/2021	2021-01-25	United Kingdom	genome	unknown	B.1.1.7	Alpha
3261	hCoV-19/Wales/ALDP-11993F0/2021	2021-01-25	United Kingdom	genome	unknown	B.1.1.7	Alpha
3262	hCoV-19/Scotland/QEUH-114C0D7/2021	2021-01-25	United Kingdom	genome	unknown	B.1.1.7	Alpha
3263	hCoV-19/Scotland/QEUH-114BF71/2021	2021-01-25	United Kingdom	genome	unknown	B.1.1.7	Alpha
3264	hCoV-19/England/ALDP-1184FA9/2021	2021-01-25	United Kingdom	genome	unknown	B.1.1.7	Alpha
3265	hCoV-19/England/QEUH-114CB5E/2021	2021-01-25	United Kingdom	genome	unknown	B.1.1.7	Alpha
3266	hCoV-19/England/ALDP-1184C75/2021	2021-01-25	United Kingdom	genome	unknown	B.1.1.7	Alpha
3267	hCoV-19/England/ALDP-11851EE/2021	2021-01-25	United Kingdom	genome	unknown	B.1.1.7	Alpha
3268	hCoV-19/England/ALDP-1183DA0/2021	2021-01-25	United Kingdom	genome	unknown	B.1.1.7	Alpha
3269	hCoV-19/England/ALDP-1187735/2021	2021-01-25	United Kingdom	genome	unknown	B.1.1.7	Alpha
3270	hCoV-19/Scotland/QEUH-114CFBC/2021	2021-01-25	United Kingdom	genome	unknown	B.1.1.7	Alpha
3271	hCoV-19/Scotland/QEUH-114BF17/2021	2021-01-25	United Kingdom	genome	unknown	B.1.1.7	Alpha
3272	hCoV-19/England/ALDP-116F663/2021	2021-01-25	United Kingdom	genome	unknown	B.1.1.7	Alpha
3273	hCoV-19/England/ALDP-1185B0E/2021	2021-01-25	United Kingdom	genome	unknown	B.1.1.7	Alpha
3274	hCoV-19/Scotland/QEUH-114C453/2021	2021-01-25	United Kingdom	genome	unknown	B.1.1.7	Alpha
3275	hCoV-19/England/QEUH-114B81C/2021	2021-01-25	United Kingdom	genome	unknown	B.1.1.7	Alpha
3276	hCoV-19/England/MILK-11753CD/2021	2021-01-25	United Kingdom	genome	unknown	B.1.1.7	Alpha
3277	hCoV-19/England/MILK-117D0BF/2021	2021-01-25	United Kingdom	genome	unknown	B.1.1.7	Alpha
3278	hCoV-19/England/ALDP-11822A2/2021	2021-01-25	United Kingdom	genome	unknown	B.1.1.7	Alpha
3279	hCoV-19/Scotland/QEUH-114B919/2021	2021-01-25	United Kingdom	genome	unknown	B.1.1.7	Alpha
3280	hCoV-19/England/QEUH-114D21C/2021	2021-01-25	United Kingdom	genome	unknown	B.1.1.7	Alpha
3281	hCoV-19/Scotland/QEUH-114B8A3/2021	2021-01-25	United Kingdom	genome	unknown	B.1.1.7	Alpha
3282	hCoV-19/England/CAMC-1164507/2021	2021-01-25	United Kingdom	genome	unknown	B.1.1.7	Alpha
3283	hCoV-19/England/CAMC-11643C1/2021	2021-01-25	United Kingdom	genome	unknown	B.1.1.7	Alpha
3284	hCoV-19/England/CAMC-116465F/2021	2021-01-25	United Kingdom	genome	unknown	B.1.1.7	Alpha
3285	hCoV-19/England/QEUH-116EB92/2021	2021-01-25	United Kingdom	genome	unknown	B.1.1.7	Alpha
3286	hCoV-19/England/CAMC-11649CF/2021	2021-01-25	United Kingdom	genome	unknown	B.1.1.7	Alpha
3287	hCoV-19/England/QEUH-114CCD3/2021	2021-01-25	United Kingdom	genome	unknown	B.1.1.7	Alpha
3288	hCoV-19/England/MILK-116AFA9/2021	2021-01-25	United Kingdom	genome	unknown	B.1.1.7	Alpha
3289	hCoV-19/England/QEUH-114C769/2021	2021-01-25	United Kingdom	genome	unknown	B.1.1.7	Alpha
3290	hCoV-19/Wales/PHWC-4BE61A/2021	2021-01-25	United Kingdom	genome	unknown	B.1.1.7	Alpha
3291	hCoV-19/England/CAMC-116409D/2021	2021-01-25	United Kingdom	genome	unknown	B.1.1.7	Alpha
3292	hCoV-19/England/MILK-116BB86/2021	2021-01-25	United Kingdom	genome	unknown	B.1.1.7	Alpha
3293	hCoV-19/England/PHWC-4BE95D/2021	2021-01-25	United Kingdom	genome	unknown	B.1.1.7	Alpha
3294	hCoV-19/England/ALDP-11856C1/2021	2021-01-25	United Kingdom	genome	unknown	B.1.1.7	Alpha
3295	hCoV-19/England/MILK-11A136E/2021	2021-01-25	United Kingdom	genome	unknown	B.1.1.7	Alpha
3296	hCoV-19/England/MILK-116C29F/2021	2021-01-25	United Kingdom	genome	unknown	B.1.1.7	Alpha
3297	hCoV-19/England/ALDP-1187E03/2021	2021-01-25	United Kingdom	genome	unknown	B.1.1.7	Alpha
3298	hCoV-19/England/ALDP-1185EBA/2021	2021-01-25	United Kingdom	genome	unknown	B.1.1.7	Alpha
3299	hCoV-19/England/ALDP-1182767/2021	2021-01-25	United Kingdom	genome	unknown	B.1.1.7	Alpha
3300	hCoV-19/England/ALDP-1185157/2021	2021-01-25	United Kingdom	genome	unknown	B.1.1.7	Alpha
3301	hCoV-19/England/QEUH-114B357/2021	2021-01-25	United Kingdom	genome	unknown	B.1.1.7	Alpha
3302	hCoV-19/England/LOND-1326F7A/2021	2021-01-25	United Kingdom	genome	unknown	B.1.1.7	Alpha
3303	hCoV-19/Wales/PHWC-4C02C6/2021	2021-01-25	United Kingdom	genome	unknown	B.1.1.7	Alpha
3304	hCoV-19/England/MILK-116BC83/2021	2021-01-25	United Kingdom	genome	unknown	B.1.1.7	Alpha
3305	hCoV-19/England/ALDP-1185FF3/2021	2021-01-25	United Kingdom	genome	unknown	B.1.1.7	Alpha
3306	hCoV-19/England/CAMB-A9FB92/2021	2021-01-25	United Kingdom	genome	unknown	B.1.1.7	Alpha
3307	hCoV-19/England/ALDP-1195E02/2021	2021-01-26	United Kingdom	genome	unknown	B.1.1.7	Alpha
3308	hCoV-19/England/ALDP-118B5EC/2021	2021-01-26	United Kingdom	genome	unknown	B.1.1.7	Alpha
3309	hCoV-19/England/CAMC-11ABB02/2021	2021-01-26	United Kingdom	genome	unknown	B.1.1.7	Alpha
3310	hCoV-19/England/ALDP-1195DD8/2021	2021-01-26	United Kingdom	genome	unknown	B.1.1.7	Alpha
3311	hCoV-19/England/MILK-118D702/2021	2021-01-26	United Kingdom	genome	unknown	B.1.1.7	Alpha
3312	hCoV-19/England/ALDP-119678E/2021	2021-01-26	United Kingdom	genome	unknown	B.1.1.7	Alpha
3313	hCoV-19/England/ALDP-118A8E4/2021	2021-01-26	United Kingdom	genome	unknown	B.1.1.7	Alpha
3314	hCoV-19/England/NORT-1B8EEB7/2021	2021-01-26	United Kingdom	genome	unknown	B.1.1.7	Alpha
3315	hCoV-19/England/MILK-118CDA7/2021	2021-01-26	United Kingdom	genome	unknown	B.1.1.7	Alpha
3316	hCoV-19/England/ALDP-1196C52/2021	2021-01-26	United Kingdom	genome	unknown	B.1.1.7	Alpha
3317	hCoV-19/England/MILK-118D1AA/2021	2021-01-26	United Kingdom	genome	unknown	B.1.1.7	Alpha
3318	hCoV-19/England/MILK-118CBCB/2021	2021-01-26	United Kingdom	genome	unknown	B.1.1.7	Alpha
3319	hCoV-19/England/ALDP-11991C9/2021	2021-01-26	United Kingdom	genome	unknown	B.1.1.7	Alpha
3320	hCoV-19/England/ALDP-118BA65/2021	2021-01-26	United Kingdom	genome	unknown	B.1.1.7	Alpha
3321	hCoV-19/England/MILK-119FDED/2021	2021-01-26	United Kingdom	genome	unknown	B.1.1.7	Alpha
3322	hCoV-19/England/ALDP-1195C17/2021	2021-01-26	United Kingdom	genome	unknown	B.1.1.7	Alpha
3323	hCoV-19/England/ALDP-118B300/2021	2021-01-26	United Kingdom	genome	unknown	B.1.1.7	Alpha
3324	hCoV-19/England/CAMB-A9F89B/2021	2021-01-26	United Kingdom	genome	unknown	B.1.1.7	Alpha
3325	hCoV-19/England/CAMB-A9FC26/2021	2021-01-26	United Kingdom	genome	unknown	B.1.1.7	Alpha
3326	hCoV-19/England/WSFT-25CE15B/2021	2021-01-26	United Kingdom	genome	unknown	B.1.1.7	Alpha
3327	hCoV-19/England/ALDP-118BA38/2021	2021-01-26	United Kingdom	genome	unknown	B.1.1.7	Alpha
3328	hCoV-19/England/CAMC-11ABC78/2021	2021-01-26	United Kingdom	genome	unknown	B.1.1.7	Alpha
3329	hCoV-19/England/WSFT-25CEBD5/2021	2021-01-26	United Kingdom	genome	unknown	B.1.1.7	Alpha
3330	hCoV-19/England/ALDP-1198995/2021	2021-01-26	United Kingdom	genome	unknown	B.1.1.7	Alpha
3331	hCoV-19/England/ALDP-11995DC/2021	2021-01-26	United Kingdom	genome	unknown	B.1.1.7	Alpha
3332	hCoV-19/England/ALDP-1198CC9/2021	2021-01-26	United Kingdom	genome	unknown	B.1.1.7	Alpha
3333	hCoV-19/England/LOND-12E099D/2021	2021-01-26	United Kingdom	genome	unknown	B.1.1.7	Alpha
3334	hCoV-19/England/ALDP-1198528/2021	2021-01-26	United Kingdom	genome	unknown	B.1.1.7	Alpha
3335	hCoV-19/England/MILK-118E798/2021	2021-01-26	United Kingdom	genome	unknown	B.1.1.7	Alpha
3336	hCoV-19/England/MILK-118BB71/2021	2021-01-26	United Kingdom	genome	unknown	B.1.1.7	Alpha
3337	hCoV-19/England/ALDP-118ABBE/2021	2021-01-26	United Kingdom	genome	unknown	B.1.1.7	Alpha
3338	hCoV-19/England/MILK-118BD11/2021	2021-01-26	United Kingdom	genome	unknown	B.1.1.7	Alpha
3339	hCoV-19/England/MILK-118DE94/2021	2021-01-26	United Kingdom	genome	unknown	B.1.1.7	Alpha
3340	hCoV-19/England/GSTT-210129GNBC86/2021	2021-01-26	United Kingdom	genome	unknown	B.1.1.7	Alpha
3341	hCoV-19/Wales/ALDP-1198A29/2021	2021-01-26	United Kingdom	genome	unknown	B.1.1.7	Alpha
3342	hCoV-19/England/ALDP-11973F2/2021	2021-01-26	United Kingdom	genome	unknown	B.1.1.7	Alpha
3343	hCoV-19/England/NORW-228AF3/2021	2021-01-26	United Kingdom	genome	unknown	B.1.1.7	Alpha
3344	hCoV-19/England/MILK-11A0DAD/2021	2021-01-26	United Kingdom	genome	unknown	B.1.1.7	Alpha
3345	hCoV-19/England/ALDP-118A978/2021	2021-01-26	United Kingdom	genome	unknown	B.1.1.7	Alpha
3346	hCoV-19/England/ALDP-118A4B3/2021	2021-01-26	United Kingdom	genome	unknown	B.1.1.7	Alpha
3347	hCoV-19/England/ALDP-1196CAD/2021	2021-01-26	United Kingdom	genome	unknown	B.1.1.7	Alpha
3348	hCoV-19/England/ALDP-11977E7/2021	2021-01-26	United Kingdom	genome	unknown	B.1.1.7	Alpha
3349	hCoV-19/England/ALDP-119776F/2021	2021-01-26	United Kingdom	genome	unknown	B.1.1.7	Alpha
3350	hCoV-19/England/MILK-11807B4/2021	2021-01-26	United Kingdom	genome	unknown	B.1.1.7	Alpha
3351	hCoV-19/Wales/ALDP-119CC10/2021	2021-01-26	United Kingdom	genome	unknown	B.1.1.7	Alpha
3352	hCoV-19/England/QEUH-11717B6/2021	2021-01-26	United Kingdom	genome	unknown	B.1.1.7	Alpha
3353	hCoV-19/England/ALDP-119FBA7/2021	2021-01-27	United Kingdom	genome	unknown	B.1.1.7	Alpha
3354	hCoV-19/England/CAMC-138220A/2021	2021-01-27	United Kingdom	genome	unknown	B.1.1.7	Alpha
3355	hCoV-19/England/RAND-121852F/2021	2021-01-27	United Kingdom	genome	unknown	B.1.1.7	Alpha
3356	hCoV-19/Wales/PHWC-4C7274/2021	2021-01-27	United Kingdom	genome	unknown	B.1.1.7	Alpha
3357	hCoV-19/England/ALDP-119D71E/2021	2021-01-27	United Kingdom	genome	unknown	B.1.1.7	Alpha
3358	hCoV-19/England/ALDP-119D7B4/2021	2021-01-27	United Kingdom	genome	unknown	B.1.1.7	Alpha
3359	hCoV-19/England/OXON-F61DCB/2021	2021-01-27	United Kingdom	genome	unknown	B.1.1.7	Alpha
3360	hCoV-19/England/OXON-F5337F/2021	2021-01-27	United Kingdom	genome	unknown	B.1.1.7	Alpha
3361	hCoV-19/Wales/PHWC-4C1AFA/2021	2021-01-27	United Kingdom	genome	unknown	B.1.1.7	Alpha
3362	hCoV-19/England/ALDP-119D21D/2021	2021-01-27	United Kingdom	genome	unknown	B.1.1.7	Alpha
3363	hCoV-19/England/ALDP-119BB9C/2021	2021-01-27	United Kingdom	genome	unknown	B.1.1.7	Alpha
3364	hCoV-19/England/MILK-11C0D5C/2021	2021-01-27	United Kingdom	genome	unknown	B.1.1.7	Alpha
3365	hCoV-19/England/MILK-11C1FBF/2021	2021-01-27	United Kingdom	genome	unknown	B.1.1.7	Alpha
3366	hCoV-19/England/MILK-11C0E68/2021	2021-01-27	United Kingdom	genome	unknown	B.1.1.7	Alpha
3367	hCoV-19/England/MILK-11C11F5/2021	2021-01-27	United Kingdom	genome	unknown	B.1.1.7	Alpha
3368	hCoV-19/Wales/ALDP-119D70F/2021	2021-01-27	United Kingdom	genome	unknown	B.1.1.7	Alpha
3369	hCoV-19/England/QEUH-117215D/2021	2021-01-27	United Kingdom	genome	unknown	B.1.1.7	Alpha
3370	hCoV-19/Scotland/EDB16619/2021	2021-01-27	United Kingdom	genome	unknown	B.1.1.7	Alpha
3371	hCoV-19/England/RAND-120EF88/2021	2021-01-27	United Kingdom	genome	unknown	B.1.1.7	Alpha
3372	hCoV-19/England/CAMC-11AB9AE/2021	2021-01-27	United Kingdom	genome	unknown	B.1.1.7	Alpha
3373	hCoV-19/England/ALDP-119BF90/2021	2021-01-27	United Kingdom	genome	unknown	B.1.1.7	Alpha
3374	hCoV-19/England/CAMC-11ABB8A/2021	2021-01-27	United Kingdom	genome	unknown	B.1.1.7	Alpha
3375	hCoV-19/England/CAMC-11ABB6C/2021	2021-01-27	United Kingdom	genome	unknown	B.1.1.7	Alpha
3376	hCoV-19/England/RAND-120F5B2/2021	2021-01-27	United Kingdom	genome	unknown	B.1.1.7	Alpha
3377	hCoV-19/Wales/ALDP-119F66A/2021	2021-01-27	United Kingdom	genome	unknown	B.1.1.7	Alpha
3378	hCoV-19/England/CAMC-11AB05E/2021	2021-01-27	United Kingdom	genome	unknown	B.1.1.7	Alpha
3379	hCoV-19/England/ALDP-119787B/2021	2021-01-27	United Kingdom	genome	unknown	B.1.1.7	Alpha
3380	hCoV-19/England/MILK-11A3B73/2021	2021-01-27	United Kingdom	genome	unknown	B.1.1.7	Alpha
3381	hCoV-19/Scotland/QEUH-11720E7/2021	2021-01-27	United Kingdom	genome	unknown	B.1.1.7	Alpha
3382	hCoV-19/England/MILK-11C1B8E/2021	2021-01-27	United Kingdom	genome	unknown	B.1.1.7	Alpha
3383	hCoV-19/Scotland/QEUH-11719CF/2021	2021-01-27	United Kingdom	genome	unknown	B.1.1.7	Alpha
3384	hCoV-19/Wales/PHWC-4C116E/2021	2021-01-27	United Kingdom	genome	unknown	B.1.1.7	Alpha
3385	hCoV-19/England/CAMC-11AB382/2021	2021-01-27	United Kingdom	genome	unknown	B.1.1.7	Alpha
3386	hCoV-19/England/RAND-120F136/2021	2021-01-27	United Kingdom	genome	unknown	B.1.1.7	Alpha
3387	hCoV-19/England/RAND-120E50E/2021	2021-01-27	United Kingdom	genome	unknown	B.1.1.7	Alpha
3388	hCoV-19/England/MILK-11A0BD0/2021	2021-01-28	United Kingdom	genome	unknown	B.1.1.7	Alpha
3389	hCoV-19/England/MILK-11C5249/2021	2021-01-28	United Kingdom	genome	unknown	B.1.1.7	Alpha
3390	hCoV-19/England/MILK-11A1ED6/2021	2021-01-28	United Kingdom	genome	unknown	B.1.1.7	Alpha
3391	hCoV-19/England/MILK-11A0A1F/2021	2021-01-28	United Kingdom	genome	unknown	B.1.1.7	Alpha
3392	hCoV-19/Scotland/QEUH-118A143/2021	2021-01-28	United Kingdom	genome	unknown	B.1.1.7	Alpha
3393	hCoV-19/England/QEUH-118A34D/2021	2021-01-28	United Kingdom	genome	unknown	B.1.1.7	Alpha
3394	hCoV-19/England/RAND-11F99CF/2021	2021-01-28	United Kingdom	genome	unknown	B.1.1.7	Alpha
3395	hCoV-19/England/RAND-11F9A53/2021	2021-01-28	United Kingdom	genome	unknown	B.1.1.7	Alpha
3396	hCoV-19/England/MILK-11A10B2/2021	2021-01-28	United Kingdom	genome	unknown	B.1.1.7	Alpha
3397	hCoV-19/England/OXON-F61B85/2021	2021-01-28	United Kingdom	genome	unknown	B.1.1.7	Alpha
3398	hCoV-19/England/MILK-11A1BEE/2021	2021-01-28	United Kingdom	genome	unknown	B.1.1.7	Alpha
3399	hCoV-19/England/ALDP-11B2713/2021	2021-01-28	United Kingdom	genome	unknown	B.1.1.7	Alpha
3400	hCoV-19/England/MILK-11A0F5C/2021	2021-01-28	United Kingdom	genome	unknown	B.1.1.7	Alpha
3401	hCoV-19/England/MILK-11A047B/2021	2021-01-28	United Kingdom	genome	unknown	B.1.1.7	Alpha
3402	hCoV-19/Scotland/QEUH-118A0DD/2021	2021-01-28	United Kingdom	genome	unknown	B.1.1.7	Alpha
3403	hCoV-19/England/ALDP-119D0AA/2021	2021-01-28	United Kingdom	genome	unknown	B.1.1.7	Alpha
3404	hCoV-19/England/QEUH-1189EC5/2021	2021-01-28	United Kingdom	genome	unknown	B.1.1.7	Alpha
3405	hCoV-19/Scotland/QEUH-1189CF8/2021	2021-01-28	United Kingdom	genome	unknown	B.1.1.7	Alpha
3406	hCoV-19/England/MILK-11C5847/2021	2021-01-28	United Kingdom	genome	unknown	B.1.1.7	Alpha
3407	hCoV-19/England/MILK-11C175D/2021	2021-01-28	United Kingdom	genome	unknown	B.1.1.7	Alpha
3408	hCoV-19/England/MILK-11C50D6/2021	2021-01-28	United Kingdom	genome	unknown	B.1.1.7	Alpha
3409	hCoV-19/England/MILK-11C18C3/2021	2021-01-28	United Kingdom	genome	unknown	B.1.1.7	Alpha
3410	hCoV-19/England/MILK-11C185A/2021	2021-01-28	United Kingdom	genome	unknown	B.1.1.7	Alpha
3411	hCoV-19/England/MILK-11D1295/2021	2021-01-28	United Kingdom	genome	unknown	B.1.1.7	Alpha
3412	hCoV-19/England/ALDP-119D1D4/2021	2021-01-28	United Kingdom	genome	unknown	B.1.1.7	Alpha
3413	hCoV-19/England/QEUH-119A016/2021	2021-01-28	United Kingdom	genome	unknown	B.1.1.7	Alpha
3414	hCoV-19/England/QEUH-119B40A/2021	2021-01-28	United Kingdom	genome	unknown	B.1.1.7	Alpha
3415	hCoV-19/England/ALDP-11A99BF/2021	2021-01-28	United Kingdom	genome	unknown	B.1.1.7	Alpha
3416	hCoV-19/England/ALDP-11A980D/2021	2021-01-28	United Kingdom	genome	unknown	B.1.1.7	Alpha
3417	hCoV-19/England/MILK-11A36FA/2021	2021-01-28	United Kingdom	genome	unknown	B.1.1.7	Alpha
3418	hCoV-19/England/WSFT-25D0323/2021	2021-01-28	United Kingdom	genome	unknown	B.1.1.7	Alpha
3419	hCoV-19/England/MILK-11A3083/2021	2021-01-28	United Kingdom	genome	unknown	B.1.1.7	Alpha
3420	hCoV-19/England/MILK-11C513D/2021	2021-01-28	United Kingdom	genome	unknown	B.1.1.7	Alpha
3421	hCoV-19/England/MILK-119FD65/2021	2021-01-28	United Kingdom	genome	unknown	B.1.1.7	Alpha
3422	hCoV-19/England/WSFT-25D03C9/2021	2021-01-28	United Kingdom	genome	unknown	B.1.1.7	Alpha
3423	hCoV-19/England/MILK-11A0208/2021	2021-01-28	United Kingdom	genome	unknown	B.1.1.7	Alpha
3424	hCoV-19/England/MILK-11C168D/2021	2021-01-28	United Kingdom	genome	unknown	B.1.1.7	Alpha
3425	hCoV-19/England/MILK-11A0C19/2021	2021-01-28	United Kingdom	genome	unknown	B.1.1.7	Alpha
3426	hCoV-19/England/MILK-11A333F/2021	2021-01-28	United Kingdom	genome	unknown	B.1.1.7	Alpha
3427	hCoV-19/England/ALDP-11B1FFE/2021	2021-01-28	United Kingdom	genome	unknown	B.1.1.7	Alpha
3428	hCoV-19/England/ALDP-11B2081/2021	2021-01-28	United Kingdom	genome	unknown	B.1.1.7	Alpha
3429	hCoV-19/England/LOND-1289EF1/2021	2021-01-29	United Kingdom	genome	unknown	B.1.1.7	Alpha
3430	hCoV-19/England/QEUH-119A7E4/2021	2021-01-29	United Kingdom	genome	unknown	B.1.1.7	Alpha
3431	hCoV-19/England/CAMC-11B49DF/2021	2021-01-29	United Kingdom	genome	unknown	B.1.1.7	Alpha
3432	hCoV-19/Wales/ALDP-11B33A5/2021	2021-01-29	United Kingdom	genome	unknown	B.1.1.7	Alpha
3433	hCoV-19/England/QEUH-119A289/2021	2021-01-29	United Kingdom	genome	unknown	B.1.1.7	Alpha
3434	hCoV-19/England/QEUH-119B84A/2021	2021-01-29	United Kingdom	genome	unknown	B.1.1.7	Alpha
3435	hCoV-19/England/CAMB-AA0A46/2021	2021-01-29	United Kingdom	genome	unknown	B.1.1.7	Alpha
3436	hCoV-19/England/LOND-1327BC0/2021	2021-01-29	United Kingdom	genome	unknown	B.1.1.7	Alpha
3437	hCoV-19/England/RAND-11ED69A/2021	2021-01-29	United Kingdom	genome	unknown	B.1.1.7	Alpha
3438	hCoV-19/England/CAMC-11D447E/2021	2021-01-29	United Kingdom	genome	unknown	B.1.1.7	Alpha
3439	hCoV-19/England/RAND-11E2659/2021	2021-01-29	United Kingdom	genome	unknown	B.1.1.7	Alpha
3440	hCoV-19/England/RAND-11ED199/2021	2021-01-29	United Kingdom	genome	unknown	B.1.1.7	Alpha
3441	hCoV-19/England/RAND-11ED551/2021	2021-01-29	United Kingdom	genome	unknown	B.1.1.7	Alpha
3442	hCoV-19/England/RAND-11E2686/2021	2021-01-29	United Kingdom	genome	unknown	B.1.1.7	Alpha
3443	hCoV-19/England/MILK-11D2CF0/2021	2021-01-29	United Kingdom	genome	unknown	B.1.1.7	Alpha
3444	hCoV-19/England/MILK-11D8234/2021	2021-01-29	United Kingdom	genome	unknown	B.1.1.7	Alpha
3445	hCoV-19/England/MILK-11D2513/2021	2021-01-29	United Kingdom	genome	unknown	B.1.1.7	Alpha
3446	hCoV-19/England/MILK-11A4E79/2021	2021-01-29	United Kingdom	genome	unknown	B.1.1.7	Alpha
3447	hCoV-19/England/QEUH-10F8008/2021	2021-01-29	United Kingdom	genome	unknown	B.1.1.7	Alpha
3448	hCoV-19/England/MILK-11D802B/2021	2021-01-29	United Kingdom	genome	unknown	B.1.1.7	Alpha
3449	hCoV-19/England/MILK-11A4F0D/2021	2021-01-29	United Kingdom	genome	unknown	B.1.1.7	Alpha
3450	hCoV-19/England/CAMC-11B3A91/2021	2021-01-29	United Kingdom	genome	unknown	B.1.1.7	Alpha
3451	hCoV-19/England/MILK-11D0278/2021	2021-01-29	United Kingdom	genome	unknown	B.1.1.7	Alpha
3452	hCoV-19/Scotland/QEUH-119B9DE/2021	2021-01-29	United Kingdom	genome	unknown	B.1.1.7	Alpha
3453	hCoV-19/England/MILK-11D215B/2021	2021-01-29	United Kingdom	genome	unknown	B.1.1.7	Alpha
3454	hCoV-19/Scotland/QEUH-119B9B0/2021	2021-01-29	United Kingdom	genome	unknown	B.1.1.7	Alpha
3455	hCoV-19/England/WSFT-25CE1F1/2021	2021-01-29	United Kingdom	genome	unknown	B.1.1.7	Alpha
3456	hCoV-19/England/MILK-11D170F/2021	2021-01-29	United Kingdom	genome	unknown	B.1.1.7	Alpha
3457	hCoV-19/England/CAMC-11B48C3/2021	2021-01-29	United Kingdom	genome	unknown	B.1.1.7	Alpha
3458	hCoV-19/England/CAMC-11B524C/2021	2021-01-29	United Kingdom	genome	unknown	B.1.1.7	Alpha
3459	hCoV-19/England/QEUH-119B8E0/2021	2021-01-29	United Kingdom	genome	unknown	B.1.1.7	Alpha
3460	hCoV-19/England/QEUH-119BAEA/2021	2021-01-29	United Kingdom	genome	unknown	B.1.1.7	Alpha
3461	hCoV-19/England/CAMC-11B5B32/2021	2021-01-29	United Kingdom	genome	unknown	B.1.1.7	Alpha
3462	hCoV-19/England/MILK-11D207C/2021	2021-01-29	United Kingdom	genome	unknown	B.1.1.7	Alpha
3463	hCoV-19/England/CAMC-11B51D6/2021	2021-01-29	United Kingdom	genome	unknown	B.1.1.7	Alpha
3464	hCoV-19/England/MILK-11D2E72/2021	2021-01-29	United Kingdom	genome	unknown	B.1.1.7	Alpha
3465	hCoV-19/Wales/ALDP-11D5B2D/2021	2021-01-29	United Kingdom	genome	unknown	B.1.1.7	Alpha
3466	hCoV-19/Scotland/QEUH-1199F29/2021	2021-01-29	United Kingdom	genome	unknown	B.1.1.7	Alpha
3467	hCoV-19/Wales/ALDP-11BEE12/2021	2021-01-29	United Kingdom	genome	unknown	B.1.1.7	Alpha
3468	hCoV-19/England/MILK-11D1D85/2021	2021-01-29	United Kingdom	genome	unknown	B.1.1.7	Alpha
3469	hCoV-19/England/CAMC-11B59A1/2021	2021-01-29	United Kingdom	genome	unknown	B.1.1.7	Alpha
3470	hCoV-19/England/MILK-11D23BF/2021	2021-01-29	United Kingdom	genome	unknown	B.1.1.7	Alpha
3471	hCoV-19/England/ALDP-11C6309/2021	2021-01-29	United Kingdom	genome	unknown	B.1.1.7	Alpha
3472	hCoV-19/England/ALDP-11BE1CE/2021	2021-01-29	United Kingdom	genome	unknown	B.1.1.7	Alpha
3473	hCoV-19/England/ALDP-11C66E2/2021	2021-01-29	United Kingdom	genome	unknown	B.1.1.7	Alpha
3474	hCoV-19/England/ALDP-11B1F85/2021	2021-01-29	United Kingdom	genome	unknown	B.1.1.7	Alpha
3475	hCoV-19/England/ALDP-11C6776/2021	2021-01-29	United Kingdom	genome	unknown	B.1.1.7	Alpha
3476	hCoV-19/England/ALDP-11C5F51/2021	2021-01-29	United Kingdom	genome	unknown	B.1.1.7	Alpha
3477	hCoV-19/England/ALDP-11C63FA/2021	2021-01-29	United Kingdom	genome	unknown	B.1.1.7	Alpha
3478	hCoV-19/England/MILK-11F1CA0/2021	2021-01-29	United Kingdom	genome	unknown	B.1.1.7	Alpha
3479	hCoV-19/England/ALDP-11C6934/2021	2021-01-29	United Kingdom	genome	unknown	B.1.1.7	Alpha
3480	hCoV-19/England/ALDP-11C604E/2021	2021-01-29	United Kingdom	genome	unknown	B.1.1.7	Alpha
3481	hCoV-19/England/ALDP-11B9EEA/2021	2021-01-29	United Kingdom	genome	unknown	B.1.1.7	Alpha
3482	hCoV-19/England/ALDP-11BF1FA/2021	2021-01-29	United Kingdom	genome	unknown	B.1.1.7	Alpha
3483	hCoV-19/England/ALDP-11C6785/2021	2021-01-29	United Kingdom	genome	unknown	B.1.1.7	Alpha
3484	hCoV-19/England/ALDP-11C5ECD/2021	2021-01-29	United Kingdom	genome	unknown	B.1.1.7	Alpha
3485	hCoV-19/England/SGUH-12108/2021	2021-01-29	United Kingdom	genome	unknown	B.1.1.7	Alpha
3486	hCoV-19/England/MILK-11F1A79/2021	2021-01-29	United Kingdom	genome	unknown	B.1.1.7	Alpha
3487	hCoV-19/England/MILK-11D0C5C/2021	2021-01-29	United Kingdom	genome	unknown	B.1.1.7	Alpha
3488	hCoV-19/England/MILK-11D0D95/2021	2021-01-29	United Kingdom	genome	unknown	B.1.1.7	Alpha
3489	hCoV-19/England/MILK-11D1110/2021	2021-01-29	United Kingdom	genome	unknown	B.1.1.7	Alpha
3490	hCoV-19/England/MILK-11A5F1B/2021	2021-01-29	United Kingdom	genome	unknown	B.1.1.7	Alpha
3491	hCoV-19/England/OXON-F632CA/2021	2021-01-29	United Kingdom	genome	unknown	B.1.1.7	Alpha
3492	hCoV-19/England/RAND-11FA8B2/2021	2021-01-29	United Kingdom	genome	unknown	B.1.1.7	Alpha
3493	hCoV-19/England/MILK-11D021E/2021	2021-01-29	United Kingdom	genome	unknown	B.1.1.7	Alpha
3494	hCoV-19/England/ALDP-11AFD62/2021	2021-01-29	United Kingdom	genome	unknown	B.1.1.7	Alpha
3495	hCoV-19/England/MILK-11EFB20/2021	2021-01-30	United Kingdom	genome	unknown	B.1.1.7	Alpha
3496	hCoV-19/England/MILK-11EF63E/2021	2021-01-30	United Kingdom	genome	unknown	B.1.1.7	Alpha
3497	hCoV-19/England/MILK-11F061C/2021	2021-01-30	United Kingdom	genome	unknown	B.1.1.7	Alpha
3498	hCoV-19/England/MILK-11F2BDF/2021	2021-01-30	United Kingdom	genome	unknown	B.1.1.7	Alpha
3499	hCoV-19/England/MILK-11F051F/2021	2021-01-30	United Kingdom	genome	unknown	B.1.1.7	Alpha
3500	hCoV-19/England/MILK-11F23D7/2021	2021-01-30	United Kingdom	genome	unknown	B.1.1.7	Alpha
3501	hCoV-19/England/GSTT-210203LSABC22/2021	2021-01-30	United Kingdom	genome	unknown	B.1.1.7	Alpha
3502	hCoV-19/England/MILK-11F2322/2021	2021-01-30	United Kingdom	genome	unknown	B.1.1.7	Alpha
3503	hCoV-19/England/MILK-11F1D8F/2021	2021-01-30	United Kingdom	genome	unknown	B.1.1.7	Alpha
3504	hCoV-19/England/MILK-11F297B/2021	2021-01-30	United Kingdom	genome	unknown	B.1.1.7	Alpha
3505	hCoV-19/England/MILK-11F2A87/2021	2021-01-30	United Kingdom	genome	unknown	B.1.1.7	Alpha
3506	hCoV-19/England/MILK-11F29C6/2021	2021-01-30	United Kingdom	genome	unknown	B.1.1.7	Alpha
3507	hCoV-19/England/QEUH-11A8A35/2021	2021-01-30	United Kingdom	genome	unknown	B.1.1.7	Alpha
3508	hCoV-19/England/ALDP-11B30CC/2021	2021-01-30	United Kingdom	genome	unknown	B.1.1.7	Alpha
3509	hCoV-19/England/MILK-11EF874/2021	2021-01-30	United Kingdom	genome	unknown	B.1.1.7	Alpha
3510	hCoV-19/England/QEUH-11A822E/2021	2021-01-30	United Kingdom	genome	unknown	B.1.1.7	Alpha
3511	hCoV-19/Wales/PHWC-4CC4C4/2021	2021-01-30	United Kingdom	genome	unknown	B.1.1.7	Alpha
3512	hCoV-19/England/CAMC-11D45C6/2021	2021-01-30	United Kingdom	genome	unknown	B.1.1.7	Alpha
3513	hCoV-19/England/ALDP-11CE978/2021	2021-01-30	United Kingdom	genome	unknown	B.1.1.7	Alpha
3514	hCoV-19/England/ALDP-11CEFB2/2021	2021-01-30	United Kingdom	genome	unknown	B.1.1.7	Alpha
3515	hCoV-19/Wales/PHWC-4C7308/2021	2021-01-30	United Kingdom	genome	unknown	B.1.1.7	Alpha
3516	hCoV-19/Wales/PHWC-4C72FC/2021	2021-01-30	United Kingdom	genome	unknown	B.1.1.7	Alpha
3517	hCoV-19/England/ALDP-11CDE01/2021	2021-01-30	United Kingdom	genome	unknown	B.1.1.7	Alpha
3518	hCoV-19/England/QEUH-11A8E2A/2021	2021-01-30	United Kingdom	genome	unknown	B.1.1.7	Alpha
3519	hCoV-19/England/CAMC-11D366A/2021	2021-01-30	United Kingdom	genome	unknown	B.1.1.7	Alpha
3520	hCoV-19/England/CAMC-11D35B8/2021	2021-01-30	United Kingdom	genome	unknown	B.1.1.7	Alpha
3521	hCoV-19/England/ALDP-11CDE89/2021	2021-01-30	United Kingdom	genome	unknown	B.1.1.7	Alpha
3522	hCoV-19/England/CAMC-11B5B8D/2021	2021-01-30	United Kingdom	genome	unknown	B.1.1.7	Alpha
3523	hCoV-19/England/LOND-1289F94/2021	2021-01-30	United Kingdom	genome	unknown	B.1.1.7	Alpha
3524	hCoV-19/England/ALDP-11CDC25/2021	2021-01-30	United Kingdom	genome	unknown	B.1.1.7	Alpha
3525	hCoV-19/England/ALDP-11D5079/2021	2021-01-30	United Kingdom	genome	unknown	B.1.1.7	Alpha
3526	hCoV-19/England/ALDP-11CDC52/2021	2021-01-30	United Kingdom	genome	unknown	B.1.1.7	Alpha
3527	hCoV-19/Wales/ALDP-11BA599/2021	2021-01-30	United Kingdom	genome	unknown	B.1.1.7	Alpha
3528	hCoV-19/England/ALDP-11CEE79/2021	2021-01-30	United Kingdom	genome	unknown	B.1.1.7	Alpha
3529	hCoV-19/England/ALDP-11CE9F0/2021	2021-01-30	United Kingdom	genome	unknown	B.1.1.7	Alpha
3530	hCoV-19/England/ALDP-11BA54E/2021	2021-01-30	United Kingdom	genome	unknown	B.1.1.7	Alpha
3531	hCoV-19/England/ALDP-11CD88B/2021	2021-01-30	United Kingdom	genome	unknown	B.1.1.7	Alpha
3532	hCoV-19/England/ALDP-11B2FFD/2021	2021-01-30	United Kingdom	genome	unknown	B.1.1.7	Alpha
3533	hCoV-19/England/ALDP-11BA414/2021	2021-01-30	United Kingdom	genome	unknown	B.1.1.7	Alpha
3534	hCoV-19/England/RAND-11E24D7/2021	2021-01-30	United Kingdom	genome	unknown	B.1.1.7	Alpha
3535	hCoV-19/NorthernIreland/RAND-11E1881/2021	2021-01-30	United Kingdom	genome	unknown	B.1.1.7	Alpha
3536	hCoV-19/England/ALDP-11BDC91/2021	2021-01-30	United Kingdom	genome	unknown	B.1.1.7	Alpha
3537	hCoV-19/England/CAMC-11B50AC/2021	2021-01-30	United Kingdom	genome	unknown	B.1.1.7	Alpha
3538	hCoV-19/England/ALDP-11BDE5F/2021	2021-01-30	United Kingdom	genome	unknown	B.1.1.7	Alpha
3539	hCoV-19/England/ALDP-11BE4F2/2021	2021-01-30	United Kingdom	genome	unknown	B.1.1.7	Alpha
3540	hCoV-19/England/QEUH-11B624B/2021	2021-01-31	United Kingdom	genome	unknown	B.1.1.7	Alpha
3541	hCoV-19/Scotland/QEUH-11CB6A1/2021	2021-01-31	United Kingdom	genome	unknown	B.1.1.7	Alpha
3542	hCoV-19/England/MILK-1204C30/2021	2021-01-31	United Kingdom	genome	unknown	B.1.1.7	Alpha
3543	hCoV-19/England/OXON-F630FD/2021	2021-01-31	United Kingdom	genome	unknown	B.1.1.7	Alpha
3544	hCoV-19/England/NORT-1B89C85/2021	2021-01-31	United Kingdom	genome	unknown	B.1.1.7	Alpha
3545	hCoV-19/England/ALDP-11CCEA8/2021	2021-01-31	United Kingdom	genome	unknown	B.1.1.7	Alpha
3546	hCoV-19/England/CAMC-11D4951/2021	2021-01-31	United Kingdom	genome	unknown	B.1.1.7	Alpha
3547	hCoV-19/England/ALDP-11CCF2D/2021	2021-01-31	United Kingdom	genome	unknown	B.1.1.7	Alpha
3548	hCoV-19/England/QEUH-11B622D/2021	2021-01-31	United Kingdom	genome	unknown	B.1.1.7	Alpha
3549	hCoV-19/England/MILK-11C90B4/2021	2021-01-31	United Kingdom	genome	unknown	B.1.1.7	Alpha
3550	hCoV-19/England/LOND-13286A0/2021	2021-01-31	United Kingdom	genome	unknown	B.1.1.7	Alpha
3551	hCoV-19/Wales/PHWC-4C3014/2021	2021-01-31	United Kingdom	genome	unknown	B.1.1.7	Alpha
3552	hCoV-19/England/MILK-11C8A99/2021	2021-01-31	United Kingdom	genome	unknown	B.1.1.7	Alpha
3553	hCoV-19/England/QEUH-11B6849/2021	2021-01-31	United Kingdom	genome	unknown	B.1.1.7	Alpha
3554	hCoV-19/England/ALDP-11CF221/2021	2021-01-31	United Kingdom	genome	unknown	B.1.1.7	Alpha
3555	hCoV-19/Wales/PHWC-4C3041/2021	2021-01-31	United Kingdom	genome	unknown	B.1.1.7	Alpha
3556	hCoV-19/England/ALDP-11CE125/2021	2021-01-31	United Kingdom	genome	unknown	B.1.1.7	Alpha
3557	hCoV-19/England/PHWC-4C33FD/2021	2021-01-31	United Kingdom	genome	unknown	B.1.1.7	Alpha
3558	hCoV-19/England/ALDP-11CE592/2021	2021-01-31	United Kingdom	genome	unknown	B.1.1.7	Alpha
3559	hCoV-19/England/MILK-11F045E/2021	2021-01-31	United Kingdom	genome	unknown	B.1.1.7	Alpha
3560	hCoV-19/England/MILK-11DEFEC/2021	2021-02-01	United Kingdom	genome	unknown	B.1.1.7	Alpha
3561	hCoV-19/England/MILK-11DF91A/2021	2021-02-01	United Kingdom	genome	unknown	B.1.1.7	Alpha
3562	hCoV-19/England/MILK-11DF956/2021	2021-02-01	United Kingdom	genome	unknown	B.1.1.7	Alpha
3563	hCoV-19/England/MILK-11DF1A9/2021	2021-02-01	United Kingdom	genome	unknown	B.1.1.7	Alpha
3564	hCoV-19/England/MILK-11DF561/2021	2021-02-01	United Kingdom	genome	unknown	B.1.1.7	Alpha
3565	hCoV-19/England/MILK-11DF5F8/2021	2021-02-01	United Kingdom	genome	unknown	B.1.1.7	Alpha
3566	hCoV-19/England/MILK-11DF16D/2021	2021-02-01	United Kingdom	genome	unknown	B.1.1.7	Alpha
3567	hCoV-19/England/MILK-11EBC8B/2021	2021-02-01	United Kingdom	genome	unknown	B.1.1.7	Alpha
3568	hCoV-19/England/MILK-11EB711/2021	2021-02-01	United Kingdom	genome	unknown	B.1.1.7	Alpha
3569	hCoV-19/England/MILK-11EB650/2021	2021-02-01	United Kingdom	genome	unknown	B.1.1.7	Alpha
3570	hCoV-19/England/QEUH-11CC7BC/2021	2021-02-01	United Kingdom	genome	unknown	B.1.1.7	Alpha
3571	hCoV-19/England/QEUH-11CB780/2021	2021-02-01	United Kingdom	genome	unknown	B.1.1.7	Alpha
3572	hCoV-19/England/QEUH-11CC5D0/2021	2021-02-01	United Kingdom	genome	unknown	B.1.1.7	Alpha
3573	hCoV-19/England/QEUH-11CCA59/2021	2021-02-01	United Kingdom	genome	unknown	B.1.1.7	Alpha
3574	hCoV-19/England/QEUH-11CC998/2021	2021-02-01	United Kingdom	genome	unknown	B.1.1.7	Alpha
3575	hCoV-19/England/QEUH-11CC224/2021	2021-02-01	United Kingdom	genome	unknown	B.1.1.7	Alpha
3576	hCoV-19/England/QEUH-11CC673/2021	2021-02-01	United Kingdom	genome	unknown	B.1.1.7	Alpha
3577	hCoV-19/England/QEUH-11CC87D/2021	2021-02-01	United Kingdom	genome	unknown	B.1.1.7	Alpha
3578	hCoV-19/Scotland/QEUH-11CC42E/2021	2021-02-01	United Kingdom	genome	unknown	B.1.1.7	Alpha
3579	hCoV-19/England/RAND-1290932/2021	2021-02-01	United Kingdom	genome	unknown	B.1.1.7	Alpha
3580	hCoV-19/England/NORW-22CBB0/2021	2021-02-01	United Kingdom	genome	unknown	B.1.1.7	Alpha
3581	hCoV-19/England/OXON-F70B65/2021	2021-02-01	United Kingdom	genome	unknown	B.1.1.7	Alpha
3582	hCoV-19/England/PHWC-4C53FB/2021	2021-02-01	United Kingdom	genome	unknown	B.1.1.7	Alpha
3583	hCoV-19/England/PHWC-4C376A/2021	2021-02-01	United Kingdom	genome	unknown	B.1.1.7	Alpha
3584	hCoV-19/England/RAND-12673EB/2021	2021-02-01	United Kingdom	genome	unknown	B.1.1.7	Alpha
3585	hCoV-19/England/PHWC-4C3A16/2021	2021-02-01	United Kingdom	genome	unknown	B.1.1.7	Alpha
3586	hCoV-19/England/MILK-11DEB60/2021	2021-02-01	United Kingdom	genome	unknown	B.1.1.7	Alpha
3587	hCoV-19/England/NOTT-24CFDC/2021	2021-02-01	United Kingdom	genome	unknown	B.1.1.7	Alpha
3588	hCoV-19/England/RAND-128F6C6/2021	2021-02-01	United Kingdom	genome	unknown	B.1.1.7	Alpha
3589	hCoV-19/England/NORT-1B89E07/2021	2021-02-02	United Kingdom	genome	unknown	B.1.1.7	Alpha
3590	hCoV-19/England/RAND-12670A8/2021	2021-02-02	United Kingdom	genome	unknown	B.1.1.7	Alpha
3591	hCoV-19/England/RAND-12671F0/2021	2021-02-02	United Kingdom	genome	unknown	B.1.1.7	Alpha
3592	hCoV-19/England/RAND-1275E52/2021	2021-02-02	United Kingdom	genome	unknown	B.1.1.7	Alpha
3593	hCoV-19/England/RAND-1267372/2021	2021-02-02	United Kingdom	genome	unknown	B.1.1.7	Alpha
3594	hCoV-19/England/RAND-126754F/2021	2021-02-02	United Kingdom	genome	unknown	B.1.1.7	Alpha
3595	hCoV-19/England/RAND-1288B91/2021	2021-02-02	United Kingdom	genome	unknown	B.1.1.7	Alpha
3596	hCoV-19/England/RAND-127604C/2021	2021-02-02	United Kingdom	genome	unknown	B.1.1.7	Alpha
3597	hCoV-19/England/RAND-128FF34/2021	2021-02-02	United Kingdom	genome	unknown	B.1.1.7	Alpha
3598	hCoV-19/England/RAND-128FEA0/2021	2021-02-02	United Kingdom	genome	unknown	B.1.1.7	Alpha
3599	hCoV-19/England/RAND-128FCF1/2021	2021-02-02	United Kingdom	genome	unknown	B.1.1.7	Alpha
3600	hCoV-19/NorthernIreland/RAND-1287822/2021	2021-02-02	United Kingdom	genome	unknown	B.1.1.7	Alpha
3601	hCoV-19/England/RAND-128F9BE/2021	2021-02-02	United Kingdom	genome	unknown	B.1.1.7	Alpha
3602	hCoV-19/England/RAND-129013A/2021	2021-02-02	United Kingdom	genome	unknown	B.1.1.7	Alpha
3603	hCoV-19/England/RAND-1290088/2021	2021-02-02	United Kingdom	genome	unknown	B.1.1.7	Alpha
3604	hCoV-19/England/RAND-128FE73/2021	2021-02-02	United Kingdom	genome	unknown	B.1.1.7	Alpha
3605	hCoV-19/England/RAND-12902DD/2021	2021-02-02	United Kingdom	genome	unknown	B.1.1.7	Alpha
3606	hCoV-19/England/RAND-128F5AB/2021	2021-02-02	United Kingdom	genome	unknown	B.1.1.7	Alpha
3607	hCoV-19/England/PHWC-4C5FE8/2021	2021-02-02	United Kingdom	genome	unknown	B.1.1.7	Alpha
3608	hCoV-19/England/NOTT-24D1A8/2021	2021-02-02	United Kingdom	genome	unknown	B.1.1.7	Alpha
3609	hCoV-19/England/SGUH-1251B/2021	2021-02-02	United Kingdom	genome	unknown	B.1.1.7	Alpha
3610	hCoV-19/England/RAND-12905B6/2021	2021-02-02	United Kingdom	genome	unknown	B.1.1.7	Alpha
3611	hCoV-19/England/NORW-22CCF9/2021	2021-02-02	United Kingdom	genome	unknown	B.1.1.7	Alpha
3612	hCoV-19/England/NORW-22C109/2021	2021-02-02	United Kingdom	genome	unknown	B.1.1.7	Alpha
3613	hCoV-19/England/ALDP-1202B9F/2021	2021-02-02	United Kingdom	genome	unknown	B.1.1.7	Alpha
3614	hCoV-19/England/ALDP-1201EC4/2021	2021-02-02	United Kingdom	genome	unknown	B.1.1.7	Alpha
3615	hCoV-19/England/ALDP-1201A48/2021	2021-02-02	United Kingdom	genome	unknown	B.1.1.7	Alpha
3616	hCoV-19/England/ALDP-12035DC/2021	2021-02-02	United Kingdom	genome	unknown	B.1.1.7	Alpha
3617	hCoV-19/England/ALDP-12031BA/2021	2021-02-02	United Kingdom	genome	unknown	B.1.1.7	Alpha
3618	hCoV-19/England/MILK-1210C31/2021	2021-02-02	United Kingdom	genome	unknown	B.1.1.7	Alpha
3619	hCoV-19/England/LOND-1328AC2/2021	2021-02-02	United Kingdom	genome	unknown	B.1.1.7	Alpha
3620	hCoV-19/England/LOND-1328D50/2021	2021-02-02	United Kingdom	genome	unknown	B.1.1.7	Alpha
3621	hCoV-19/England/MILK-1211896/2021	2021-02-03	United Kingdom	genome	unknown	B.1.1.7	Alpha
3622	hCoV-19/England/MILK-12113C2/2021	2021-02-03	United Kingdom	genome	unknown	B.1.1.7	Alpha
3623	hCoV-19/England/PHWC-4C6A40/2021	2021-02-03	United Kingdom	genome	unknown	B.1.1.7	Alpha
3624	hCoV-19/England/CAMC-11E8AB1/2021	2021-02-03	United Kingdom	genome	unknown	B.1.1.7	Alpha
3625	hCoV-19/England/CAMC-11E7636/2021	2021-02-03	United Kingdom	genome	unknown	B.1.1.7	Alpha
3626	hCoV-19/England/CAMC-11E8732/2021	2021-02-03	United Kingdom	genome	unknown	B.1.1.7	Alpha
3627	hCoV-19/England/PHWC-4C6C3B/2021	2021-02-03	United Kingdom	genome	unknown	B.1.1.7	Alpha
3628	hCoV-19/England/CAMC-11E8626/2021	2021-02-03	United Kingdom	genome	unknown	B.1.1.7	Alpha
3629	hCoV-19/England/CAMC-11E851A/2021	2021-02-03	United Kingdom	genome	unknown	B.1.1.7	Alpha
3630	hCoV-19/England/CAMC-11E8CCA/2021	2021-02-03	United Kingdom	genome	unknown	B.1.1.7	Alpha
3631	hCoV-19/England/CAMC-11E83D4/2021	2021-02-03	United Kingdom	genome	unknown	B.1.1.7	Alpha
3632	hCoV-19/England/CAMC-11E7F0E/2021	2021-02-03	United Kingdom	genome	unknown	B.1.1.7	Alpha
3633	hCoV-19/England/CAMC-11E79B5/2021	2021-02-03	United Kingdom	genome	unknown	B.1.1.7	Alpha
3634	hCoV-19/Scotland/GGC062/2021	2021-02-03	United Kingdom	genome	unknown	B.1.1.7	Alpha
3635	hCoV-19/NorthernIreland/RAND-126764C/2021	2021-02-03	United Kingdom	genome	unknown	B.1.1.7	Alpha
3636	hCoV-19/England/MILK-1210AFB/2021	2021-02-03	United Kingdom	genome	unknown	B.1.1.7	Alpha
3637	hCoV-19/England/MILK-12116BA/2021	2021-02-03	United Kingdom	genome	unknown	B.1.1.7	Alpha
3638	hCoV-19/NorthernIreland/RAND-12677D0/2021	2021-02-03	United Kingdom	genome	unknown	B.1.1.7	Alpha
3639	hCoV-19/NorthernIreland/RAND-1267828/2021	2021-02-03	United Kingdom	genome	unknown	B.1.1.7	Alpha
3640	hCoV-19/England/RAND-126856C/2021	2021-02-03	United Kingdom	genome	unknown	B.1.1.7	Alpha
3641	hCoV-19/England/ALDP-121FBAE/2021	2021-02-03	United Kingdom	genome	unknown	B.1.1.7	Alpha
3642	hCoV-19/England/SHEF-10D4AD7/2021	2021-02-03	United Kingdom	genome	unknown	B.1.1.7	Alpha
3643	hCoV-19/England/RAND-12681A4/2021	2021-02-03	United Kingdom	genome	unknown	B.1.1.7	Alpha
3644	hCoV-19/England/RAND-1290000/2021	2021-02-03	United Kingdom	genome	unknown	B.1.1.7	Alpha
3645	hCoV-19/England/BIRM-BCYUAQ/2021	2021-02-03	United Kingdom	genome	unknown	B.1.1.7	Alpha
3646	hCoV-19/England/MILK-125F814/2021	2021-02-03	United Kingdom	genome	unknown	B.1.1.7	Alpha
3647	hCoV-19/England/RAND-1288C34/2021	2021-02-03	United Kingdom	genome	unknown	B.1.1.7	Alpha
3648	hCoV-19/England/RAND-1288B28/2021	2021-02-03	United Kingdom	genome	unknown	B.1.1.7	Alpha
3649	hCoV-19/England/CAMC-11E7681/2021	2021-02-03	United Kingdom	genome	unknown	B.1.1.7	Alpha
3650	hCoV-19/Wales/PHWC-4C7B5B/2021	2021-02-03	United Kingdom	genome	unknown	B.1.1.7	Alpha
3651	hCoV-19/England/CAMC-11E7DAA/2021	2021-02-03	United Kingdom	genome	unknown	B.1.1.7	Alpha
3652	hCoV-19/England/PHWC-4C69CB/2021	2021-02-03	United Kingdom	genome	unknown	B.1.1.7	Alpha
3653	hCoV-19/Scotland/OXON-F63EC6/2021	2021-02-03	United Kingdom	genome	unknown	B.1.1.7	Alpha
3654	hCoV-19/England/CAMC-13823DA/2021	2021-02-03	United Kingdom	genome	unknown	B.1.1.7	Alpha
3655	hCoV-19/England/ALDP-121F3E2/2021	2021-02-03	United Kingdom	genome	unknown	B.1.1.7	Alpha
3656	hCoV-19/England/RAND-128FFCB/2021	2021-02-03	United Kingdom	genome	unknown	B.1.1.7	Alpha
3657	hCoV-19/England/CAMC-11E925E/2021	2021-02-03	United Kingdom	genome	unknown	B.1.1.7	Alpha
3658	hCoV-19/England/CAMC-11E926D/2021	2021-02-03	United Kingdom	genome	unknown	B.1.1.7	Alpha
3659	hCoV-19/England/CAMC-11E9458/2021	2021-02-03	United Kingdom	genome	unknown	B.1.1.7	Alpha
3660	hCoV-19/England/CAMC-11E932E/2021	2021-02-03	United Kingdom	genome	unknown	B.1.1.7	Alpha
3661	hCoV-19/England/CAMC-11E90AF/2021	2021-02-03	United Kingdom	genome	unknown	B.1.1.7	Alpha
3662	hCoV-19/England/CAMC-11E8F58/2021	2021-02-03	United Kingdom	genome	unknown	B.1.1.7	Alpha
3663	hCoV-19/England/CAMC-11E8EE2/2021	2021-02-03	United Kingdom	genome	unknown	B.1.1.7	Alpha
3664	hCoV-19/England/RAND-1290AD5/2021	2021-02-03	United Kingdom	genome	unknown	B.1.1.7	Alpha
3665	hCoV-19/England/RAND-12900B5/2021	2021-02-03	United Kingdom	genome	unknown	B.1.1.7	Alpha
3666	hCoV-19/England/CAMC-135A8AF/2021	2021-02-03	United Kingdom	genome	unknown	B.1.1.7	Alpha
3667	hCoV-19/England/WSFT-25D29A7/2021	2021-02-03	United Kingdom	genome	unknown	B.1.1.7	Alpha
3668	hCoV-19/England/ALDP-121DA94/2021	2021-02-04	United Kingdom	genome	unknown	B.1.1.7	Alpha
3669	hCoV-19/England/ALDP-121E134/2021	2021-02-04	United Kingdom	genome	unknown	B.1.1.7	Alpha
3670	hCoV-19/England/ALDP-121EA57/2021	2021-02-04	United Kingdom	genome	unknown	B.1.1.7	Alpha
3671	hCoV-19/England/CAMC-120079D/2021	2021-02-04	United Kingdom	genome	unknown	B.1.1.7	Alpha
3672	hCoV-19/England/QEUH-120C4B8/2021	2021-02-04	United Kingdom	genome	unknown	B.1.1.7	Alpha
3673	hCoV-19/England/CAMC-1200AD0/2021	2021-02-04	United Kingdom	genome	unknown	B.1.1.7	Alpha
3674	hCoV-19/England/CAMC-1200232/2021	2021-02-04	United Kingdom	genome	unknown	B.1.1.7	Alpha
3675	hCoV-19/England/QEUH-120C44F/2021	2021-02-04	United Kingdom	genome	unknown	B.1.1.7	Alpha
3676	hCoV-19/England/OXON-F6958F/2021	2021-02-04	United Kingdom	genome	unknown	B.1.1.7	Alpha
3677	hCoV-19/England/CAMC-11FFEF7/2021	2021-02-04	United Kingdom	genome	unknown	B.1.1.7	Alpha
3678	hCoV-19/England/ALDP-121EC06/2021	2021-02-04	United Kingdom	genome	unknown	B.1.1.7	Alpha
3679	hCoV-19/England/ALDP-121E714/2021	2021-02-04	United Kingdom	genome	unknown	B.1.1.7	Alpha
3680	hCoV-19/England/ALDP-121D9C4/2021	2021-02-04	United Kingdom	genome	unknown	B.1.1.7	Alpha
3681	hCoV-19/England/ALDP-121DBEC/2021	2021-02-04	United Kingdom	genome	unknown	B.1.1.7	Alpha
3682	hCoV-19/England/ALDP-121E556/2021	2021-02-04	United Kingdom	genome	unknown	B.1.1.7	Alpha
3683	hCoV-19/England/ALDP-121E064/2021	2021-02-04	United Kingdom	genome	unknown	B.1.1.7	Alpha
3684	hCoV-19/England/ALDP-121DBDD/2021	2021-02-04	United Kingdom	genome	unknown	B.1.1.7	Alpha
3685	hCoV-19/England/BRIS-25FB1E/2021	2021-02-04	United Kingdom	genome	unknown	B.1.1.7	Alpha
3686	hCoV-19/England/ALDP-121E7AB/2021	2021-02-04	United Kingdom	genome	unknown	B.1.1.7	Alpha
3687	hCoV-19/NorthernIreland/RAND-1268B4C/2021	2021-02-04	United Kingdom	genome	unknown	B.1.1.7	Alpha
3688	hCoV-19/England/LOND-1329742/2021	2021-02-04	United Kingdom	genome	unknown	B.1.1.7	Alpha
3689	hCoV-19/England/PHEC-2F76EA/2021	2021-02-04	United Kingdom	genome	unknown	B.1.1.7	Alpha
3690	hCoV-19/England/CAMC-134D99D/2021	2021-02-04	United Kingdom	genome	unknown	B.1.1.7	Alpha
3691	hCoV-19/England/ALDP-1220357/2021	2021-02-04	United Kingdom	genome	unknown	B.1.1.7	Alpha
3692	hCoV-19/England/CAMC-134DDBF/2021	2021-02-04	United Kingdom	genome	unknown	B.1.1.7	Alpha
3693	hCoV-19/England/ALDP-121F0CD/2021	2021-02-04	United Kingdom	genome	unknown	B.1.1.7	Alpha
3694	hCoV-19/England/ALDP-12206B8/2021	2021-02-04	United Kingdom	genome	unknown	B.1.1.7	Alpha
3695	hCoV-19/England/CAMC-135B923/2021	2021-02-04	United Kingdom	genome	unknown	B.1.1.7	Alpha
3696	hCoV-19/England/QEUH-120C825/2021	2021-02-04	United Kingdom	genome	unknown	B.1.1.7	Alpha
3697	hCoV-19/England/CAMC-135A8CD/2021	2021-02-04	United Kingdom	genome	unknown	B.1.1.7	Alpha
3698	hCoV-19/England/SGUH-1291F/2021	2021-02-04	United Kingdom	genome	unknown	B.1.1.7	Alpha
3699	hCoV-19/England/ALDP-121FE1E/2021	2021-02-04	United Kingdom	genome	unknown	B.1.1.7	Alpha
3700	hCoV-19/England/ALDP-122016C/2021	2021-02-04	United Kingdom	genome	unknown	B.1.1.7	Alpha
3701	hCoV-19/England/ALDP-121F29A/2021	2021-02-04	United Kingdom	genome	unknown	B.1.1.7	Alpha
3702	hCoV-19/England/OXON-F6878A/2021	2021-02-04	United Kingdom	genome	unknown	B.1.1.7	Alpha
3703	hCoV-19/England/CAMC-134D9AC/2021	2021-02-04	United Kingdom	genome	unknown	B.1.1.7	Alpha
3704	hCoV-19/England/MILK-125F96C/2021	2021-02-04	United Kingdom	genome	unknown	B.1.1.7	Alpha
3705	hCoV-19/Scotland/EDB16213/2021	2021-02-04	United Kingdom	genome	unknown	B.1.1.7	Alpha
3706	hCoV-19/England/MILK-125FF97/2021	2021-02-04	United Kingdom	genome	unknown	B.1.1.7	Alpha
3707	hCoV-19/England/MILK-1260ACF/2021	2021-02-04	United Kingdom	genome	unknown	B.1.1.7	Alpha
3708	hCoV-19/Wales/ALDP-121F607/2021	2021-02-04	United Kingdom	genome	unknown	B.1.1.7	Alpha
3709	hCoV-19/England/PORT-2EFA8F/2021	2021-02-04	United Kingdom	genome	unknown	B.1.1.7	Alpha
3710	hCoV-19/England/MILK-122EF46/2021	2021-02-04	United Kingdom	genome	unknown	B.1.1.7	Alpha
3711	hCoV-19/Wales/PHWC-4C74BA/2021	2021-02-04	United Kingdom	genome	unknown	B.1.1.7	Alpha
3712	hCoV-19/England/TFCI-2705F89/2021	2021-02-04	United Kingdom	genome	unknown	B.1.1.7	Alpha
3713	hCoV-19/England/MILK-125FFA6/2021	2021-02-04	United Kingdom	genome	unknown	B.1.1.7	Alpha
3714	hCoV-19/England/MILK-125F44D/2021	2021-02-04	United Kingdom	genome	unknown	B.1.1.7	Alpha
3715	hCoV-19/England/RAND-1290A20/2021	2021-02-04	United Kingdom	genome	unknown	B.1.1.7	Alpha
3716	hCoV-19/England/CAMC-12077A5/2021	2021-02-05	United Kingdom	genome	unknown	B.1.1.7	Alpha
3717	hCoV-19/England/CAMC-12087FF/2021	2021-02-05	United Kingdom	genome	unknown	B.1.1.7	Alpha
3718	hCoV-19/England/CAMC-1208285/2021	2021-02-05	United Kingdom	genome	unknown	B.1.1.7	Alpha
3719	hCoV-19/England/CAMC-1380C95/2021	2021-02-05	United Kingdom	genome	unknown	B.1.1.7	Alpha
3720	hCoV-19/England/ALDP-121E046/2021	2021-02-05	United Kingdom	genome	unknown	B.1.1.7	Alpha
3721	hCoV-19/England/QEUH-120BE7F/2021	2021-02-05	United Kingdom	genome	unknown	B.1.1.7	Alpha
3722	hCoV-19/England/MILK-1261202/2021	2021-02-05	United Kingdom	genome	unknown	B.1.1.7	Alpha
3723	hCoV-19/England/MILK-1261080/2021	2021-02-05	United Kingdom	genome	unknown	B.1.1.7	Alpha
3724	hCoV-19/England/MILK-125F322/2021	2021-02-05	United Kingdom	genome	unknown	B.1.1.7	Alpha
3725	hCoV-19/England/MILK-125FB2A/2021	2021-02-05	United Kingdom	genome	unknown	B.1.1.7	Alpha
3726	hCoV-19/England/MILK-1250558/2021	2021-02-05	United Kingdom	genome	unknown	B.1.1.7	Alpha
3727	hCoV-19/England/MILK-1260D7B/2021	2021-02-05	United Kingdom	genome	unknown	B.1.1.7	Alpha
3728	hCoV-19/England/MILK-1260F39/2021	2021-02-05	United Kingdom	genome	unknown	B.1.1.7	Alpha
3729	hCoV-19/England/MILK-1260D8A/2021	2021-02-05	United Kingdom	genome	unknown	B.1.1.7	Alpha
3730	hCoV-19/England/MILK-1260E96/2021	2021-02-05	United Kingdom	genome	unknown	B.1.1.7	Alpha
3731	hCoV-19/England/MILK-1260C6F/2021	2021-02-05	United Kingdom	genome	unknown	B.1.1.7	Alpha
3732	hCoV-19/England/MILK-1260E3C/2021	2021-02-05	United Kingdom	genome	unknown	B.1.1.7	Alpha
3733	hCoV-19/England/WSFT-25D1F97/2021	2021-02-05	United Kingdom	genome	unknown	B.1.1.7	Alpha
3734	hCoV-19/England/CAMC-1209828/2021	2021-02-05	United Kingdom	genome	unknown	B.1.1.7	Alpha
3735	hCoV-19/England/SGUH-12830/2021	2021-02-05	United Kingdom	genome	unknown	B.1.1.7	Alpha
3736	hCoV-19/England/CAMC-1201055/2021	2021-02-05	United Kingdom	genome	unknown	B.1.1.7	Alpha
3737	hCoV-19/Scotland/QEUH-120C9AA/2021	2021-02-05	United Kingdom	genome	unknown	B.1.1.7	Alpha
3738	hCoV-19/England/LOND-1329830/2021	2021-02-05	United Kingdom	genome	unknown	B.1.1.7	Alpha
3739	hCoV-19/England/BIRM-BCYWFW/2021	2021-02-05	United Kingdom	genome	unknown	B.1.1.7	Alpha
3740	hCoV-19/England/LOND-1289FEF/2021	2021-02-05	United Kingdom	genome	unknown	B.1.1.7	Alpha
3741	hCoV-19/England/TFCI-2709082/2021	2021-02-05	United Kingdom	genome	unknown	B.1.1.7	Alpha
3742	hCoV-19/England/EXET-145790/2021	2021-02-05	United Kingdom	genome	unknown	B.1.1.7	Alpha
3743	hCoV-19/Wales/PHWC-4C75D5/2021	2021-02-05	United Kingdom	genome	unknown	B.1.1.7	Alpha
3744	hCoV-19/England/PHWC-4C772A/2021	2021-02-05	United Kingdom	genome	unknown	B.1.1.7	Alpha
3745	hCoV-19/England/PORT-2EFAF8/2021	2021-02-05	United Kingdom	genome	unknown	B.1.1.7	Alpha
3746	hCoV-19/Wales/PHWC-4D5352/2021	2021-02-05	United Kingdom	genome	unknown	B.1.1.7	Alpha
3747	hCoV-19/Wales/PHWC-4C7511/2021	2021-02-05	United Kingdom	genome	unknown	B.1.1.7	Alpha
3748	hCoV-19/England/QEUH-121BCFA/2021	2021-02-05	United Kingdom	genome	unknown	B.1.1.7	Alpha
3749	hCoV-19/England/ALDP-121EE97/2021	2021-02-05	United Kingdom	genome	unknown	B.1.1.7	Alpha
3750	hCoV-19/Scotland/OXON-F673C3/2021	2021-02-06	United Kingdom	genome	unknown	B.1.1.7	Alpha
3751	hCoV-19/England/CAMC-12165A9/2021	2021-02-06	United Kingdom	genome	unknown	B.1.1.7	Alpha
3752	hCoV-19/England/QEUH-121D1DB/2021	2021-02-06	United Kingdom	genome	unknown	B.1.1.7	Alpha
3753	hCoV-19/England/MILK-1290FF4/2021	2021-02-06	United Kingdom	genome	unknown	B.1.1.7	Alpha
3754	hCoV-19/England/QEUH-121C716/2021	2021-02-06	United Kingdom	genome	unknown	B.1.1.7	Alpha
3755	hCoV-19/England/MILK-1291236/2021	2021-02-06	United Kingdom	genome	unknown	B.1.1.7	Alpha
3756	hCoV-19/England/PHWC-4C8291/2021	2021-02-06	United Kingdom	genome	unknown	B.1.1.7	Alpha
3757	hCoV-19/England/PHWC-4C7B88/2021	2021-02-06	United Kingdom	genome	unknown	B.1.1.7	Alpha
3758	hCoV-19/Wales/PHWC-4C8307/2021	2021-02-06	United Kingdom	genome	unknown	B.1.1.7	Alpha
3759	hCoV-19/England/PORT-2EFF26/2021	2021-02-06	United Kingdom	genome	unknown	B.1.1.7	Alpha
3760	hCoV-19/England/PHWC-4C813A/2021	2021-02-06	United Kingdom	genome	unknown	B.1.1.7	Alpha
3761	hCoV-19/England/QEUH-121C646/2021	2021-02-06	United Kingdom	genome	unknown	B.1.1.7	Alpha
3762	hCoV-19/Wales/QEUH-12294C4/2021	2021-02-06	United Kingdom	genome	unknown	B.1.1.7	Alpha
3763	hCoV-19/Wales/PHWC-4C797F/2021	2021-02-06	United Kingdom	genome	unknown	B.1.1.7	Alpha
3764	hCoV-19/England/OXON-F6B392/2021	2021-02-06	United Kingdom	genome	unknown	B.1.1.7	Alpha
3765	hCoV-19/England/OXON-F6A83A/2021	2021-02-06	United Kingdom	genome	unknown	B.1.1.7	Alpha
3766	hCoV-19/England/PHWC-4CCDE7/2021	2021-02-06	United Kingdom	genome	unknown	B.1.1.7	Alpha
3767	hCoV-19/England/MILK-1262034/2021	2021-02-06	United Kingdom	genome	unknown	B.1.1.7	Alpha
3768	hCoV-19/England/QEUH-12291BE/2021	2021-02-06	United Kingdom	genome	unknown	B.1.1.7	Alpha
3769	hCoV-19/England/MILK-1261A73/2021	2021-02-06	United Kingdom	genome	unknown	B.1.1.7	Alpha
3770	hCoV-19/England/MILK-1231FB9/2021	2021-02-06	United Kingdom	genome	unknown	B.1.1.7	Alpha
3771	hCoV-19/England/MILK-1262070/2021	2021-02-06	United Kingdom	genome	unknown	B.1.1.7	Alpha
3772	hCoV-19/England/MILK-1262043/2021	2021-02-06	United Kingdom	genome	unknown	B.1.1.7	Alpha
3773	hCoV-19/England/MILK-12619D0/2021	2021-02-06	United Kingdom	genome	unknown	B.1.1.7	Alpha
3774	hCoV-19/England/MILK-1231DA0/2021	2021-02-06	United Kingdom	genome	unknown	B.1.1.7	Alpha
3775	hCoV-19/England/MILK-1231DBF/2021	2021-02-06	United Kingdom	genome	unknown	B.1.1.7	Alpha
3776	hCoV-19/England/MILK-1261A55/2021	2021-02-06	United Kingdom	genome	unknown	B.1.1.7	Alpha
3777	hCoV-19/England/MILK-12614C0/2021	2021-02-06	United Kingdom	genome	unknown	B.1.1.7	Alpha
3778	hCoV-19/England/MILK-126209E/2021	2021-02-06	United Kingdom	genome	unknown	B.1.1.7	Alpha
3779	hCoV-19/England/RAND-125B3DB/2021	2021-02-06	United Kingdom	genome	unknown	B.1.1.7	Alpha
3780	hCoV-19/England/QEUH-121B762/2021	2021-02-06	United Kingdom	genome	unknown	B.1.1.7	Alpha
3781	hCoV-19/England/RAND-125B5C6/2021	2021-02-06	United Kingdom	genome	unknown	B.1.1.7	Alpha
3782	hCoV-19/England/ALDP-125CBC3/2021	2021-02-06	United Kingdom	genome	unknown	B.1.1.7	Alpha
3783	hCoV-19/England/CAMC-12162EE/2021	2021-02-06	United Kingdom	genome	unknown	B.1.1.7	Alpha
3784	hCoV-19/England/CAMC-1216ECC/2021	2021-02-06	United Kingdom	genome	unknown	B.1.1.7	Alpha
3785	hCoV-19/England/CAMC-12169F8/2021	2021-02-06	United Kingdom	genome	unknown	B.1.1.7	Alpha
3786	hCoV-19/England/CAMC-1216D92/2021	2021-02-06	United Kingdom	genome	unknown	B.1.1.7	Alpha
3787	hCoV-19/England/CAMC-1217362/2021	2021-02-06	United Kingdom	genome	unknown	B.1.1.7	Alpha
3788	hCoV-19/England/CAMC-1216E26/2021	2021-02-06	United Kingdom	genome	unknown	B.1.1.7	Alpha
3789	hCoV-19/England/PHWC-4D598D/2021	2021-02-06	United Kingdom	genome	unknown	B.1.1.7	Alpha
3790	hCoV-19/England/MILK-126F802/2021	2021-02-06	United Kingdom	genome	unknown	B.1.1.7	Alpha
3791	hCoV-19/England/MILK-1261B07/2021	2021-02-06	United Kingdom	genome	unknown	B.1.1.7	Alpha
3792	hCoV-19/England/CAMC-1216837/2021	2021-02-06	United Kingdom	genome	unknown	B.1.1.7	Alpha
3793	hCoV-19/England/PHWC-4D56C2/2021	2021-02-07	United Kingdom	genome	unknown	B.1.1.7	Alpha
3794	hCoV-19/England/QEUH-1229F96/2021	2021-02-07	United Kingdom	genome	unknown	B.1.1.7	Alpha
3795	hCoV-19/England/CAMC-1252E00/2021	2021-02-07	United Kingdom	genome	unknown	B.1.1.7	Alpha
3796	hCoV-19/England/CAMC-1252F2B/2021	2021-02-07	United Kingdom	genome	unknown	B.1.1.7	Alpha
3797	hCoV-19/Scotland/QEUH-122A056/2021	2021-02-07	United Kingdom	genome	unknown	B.1.1.7	Alpha
3798	hCoV-19/England/ALDP-125C598/2021	2021-02-07	United Kingdom	genome	unknown	B.1.1.7	Alpha
3799	hCoV-19/England/QEUH-1229E6C/2021	2021-02-07	United Kingdom	genome	unknown	B.1.1.7	Alpha
3800	hCoV-19/England/ALDP-125D290/2021	2021-02-07	United Kingdom	genome	unknown	B.1.1.7	Alpha
3801	hCoV-19/England/ALDP-125D0C3/2021	2021-02-07	United Kingdom	genome	unknown	B.1.1.7	Alpha
3802	hCoV-19/England/ALDP-125D096/2021	2021-02-07	United Kingdom	genome	unknown	B.1.1.7	Alpha
3803	hCoV-19/England/ALDP-125C1FE/2021	2021-02-07	United Kingdom	genome	unknown	B.1.1.7	Alpha
3804	hCoV-19/England/ALDP-125CD81/2021	2021-02-07	United Kingdom	genome	unknown	B.1.1.7	Alpha
3805	hCoV-19/England/MILK-126F161/2021	2021-02-07	United Kingdom	genome	unknown	B.1.1.7	Alpha
3806	hCoV-19/England/MILK-126EDF5/2021	2021-02-07	United Kingdom	genome	unknown	B.1.1.7	Alpha
3807	hCoV-19/England/PHEC-2F7AC0/2021	2021-02-07	United Kingdom	genome	unknown	B.1.1.7	Alpha
3808	hCoV-19/England/MILK-126EFD1/2021	2021-02-07	United Kingdom	genome	unknown	B.1.1.7	Alpha
3809	hCoV-19/England/LOND-132A161/2021	2021-02-07	United Kingdom	genome	unknown	B.1.1.7	Alpha
3810	hCoV-19/England/MILK-126F301/2021	2021-02-07	United Kingdom	genome	unknown	B.1.1.7	Alpha
3811	hCoV-19/England/ALDP-125D54C/2021	2021-02-07	United Kingdom	genome	unknown	B.1.1.7	Alpha
3812	hCoV-19/England/ALDP-125D5C4/2021	2021-02-07	United Kingdom	genome	unknown	B.1.1.7	Alpha
3813	hCoV-19/England/MILK-1260731/2021	2021-02-07	United Kingdom	genome	unknown	B.1.1.7	Alpha
3814	hCoV-19/England/MILK-1260898/2021	2021-02-07	United Kingdom	genome	unknown	B.1.1.7	Alpha
3815	hCoV-19/England/ALDP-125DAF2/2021	2021-02-07	United Kingdom	genome	unknown	B.1.1.7	Alpha
3816	hCoV-19/England/ALDP-125DED8/2021	2021-02-07	United Kingdom	genome	unknown	B.1.1.7	Alpha
3817	hCoV-19/England/QEUH-1229D9C/2021	2021-02-07	United Kingdom	genome	unknown	B.1.1.7	Alpha
3818	hCoV-19/England/ALDP-125D52E/2021	2021-02-07	United Kingdom	genome	unknown	B.1.1.7	Alpha
3819	hCoV-19/England/QEUH-122A153/2021	2021-02-07	United Kingdom	genome	unknown	B.1.1.7	Alpha
3820	hCoV-19/England/CAMC-1217942/2021	2021-02-07	United Kingdom	genome	unknown	B.1.1.7	Alpha
3821	hCoV-19/England/QEUH-122A126/2021	2021-02-07	United Kingdom	genome	unknown	B.1.1.7	Alpha
3822	hCoV-19/England/CAMC-13402EA/2021	2021-02-07	United Kingdom	genome	unknown	B.1.1.7	Alpha
3823	hCoV-19/England/MILK-1251C8F/2021	2021-02-07	United Kingdom	genome	unknown	B.1.1.7	Alpha
3824	hCoV-19/England/CAMC-12595E6/2021	2021-02-07	United Kingdom	genome	unknown	B.1.1.7	Alpha
3825	hCoV-19/England/CAMC-135C667/2021	2021-02-07	United Kingdom	genome	unknown	B.1.1.7	Alpha
3826	hCoV-19/England/MILK-1251DF5/2021	2021-02-07	United Kingdom	genome	unknown	B.1.1.7	Alpha
3827	hCoV-19/England/MILK-1251CAD/2021	2021-02-07	United Kingdom	genome	unknown	B.1.1.7	Alpha
3828	hCoV-19/Wales/ALDP-125D44F/2021	2021-02-07	United Kingdom	genome	unknown	B.1.1.7	Alpha
3829	hCoV-19/England/QEUH-122A135/2021	2021-02-07	United Kingdom	genome	unknown	B.1.1.7	Alpha
3830	hCoV-19/England/QEUH-122A144/2021	2021-02-07	United Kingdom	genome	unknown	B.1.1.7	Alpha
3831	hCoV-19/England/CAMC-123439C/2021	2021-02-07	United Kingdom	genome	unknown	B.1.1.7	Alpha
3832	hCoV-19/England/MILK-1265444/2021	2021-02-07	United Kingdom	genome	unknown	B.1.1.7	Alpha
3833	hCoV-19/England/MILK-1280F15/2021	2021-02-07	United Kingdom	genome	unknown	B.1.1.7	Alpha
3834	hCoV-19/England/MILK-126F0A0/2021	2021-02-07	United Kingdom	genome	unknown	B.1.1.7	Alpha
3835	hCoV-19/England/MILK-126F1E9/2021	2021-02-07	United Kingdom	genome	unknown	B.1.1.7	Alpha
3836	hCoV-19/England/CAMC-12596A7/2021	2021-02-07	United Kingdom	genome	unknown	B.1.1.7	Alpha
3837	hCoV-19/Wales/PHWC-4C860E/2021	2021-02-07	United Kingdom	genome	unknown	B.1.1.7	Alpha
3838	hCoV-19/Wales/PHWC-4C8B0F/2021	2021-02-07	United Kingdom	genome	unknown	B.1.1.7	Alpha
3839	hCoV-19/England/NORW-22A9E5/2021	2021-02-07	United Kingdom	genome	unknown	B.1.1.7	Alpha
3840	hCoV-19/England/MILK-12517AC/2021	2021-02-07	United Kingdom	genome	unknown	B.1.1.7	Alpha
3841	hCoV-19/England/MILK-1251AFE/2021	2021-02-07	United Kingdom	genome	unknown	B.1.1.7	Alpha
3842	hCoV-19/England/MILK-1251E2F/2021	2021-02-07	United Kingdom	genome	unknown	B.1.1.7	Alpha
3843	hCoV-19/England/MILK-12519F1/2021	2021-02-07	United Kingdom	genome	unknown	B.1.1.7	Alpha
3844	hCoV-19/Wales/PHWC-4C88BD/2021	2021-02-07	United Kingdom	genome	unknown	B.1.1.7	Alpha
3845	hCoV-19/England/MILK-12518C7/2021	2021-02-07	United Kingdom	genome	unknown	B.1.1.7	Alpha
3846	hCoV-19/Wales/PHWC-4D601E/2021	2021-02-07	United Kingdom	genome	unknown	B.1.1.7	Alpha
3847	hCoV-19/England/MILK-1264EED/2021	2021-02-08	United Kingdom	genome	unknown	B.1.1.7	Alpha
3848	hCoV-19/England/CAMC-1233F99/2021	2021-02-08	United Kingdom	genome	unknown	B.1.1.7	Alpha
3849	hCoV-19/England/CAMC-1233FD5/2021	2021-02-08	United Kingdom	genome	unknown	B.1.1.7	Alpha
3850	hCoV-19/England/CAMC-1233FB7/2021	2021-02-08	United Kingdom	genome	unknown	B.1.1.7	Alpha
3851	hCoV-19/England/CAMC-1234569/2021	2021-02-08	United Kingdom	genome	unknown	B.1.1.7	Alpha
3852	hCoV-19/England/CAMC-1234675/2021	2021-02-08	United Kingdom	genome	unknown	B.1.1.7	Alpha
3853	hCoV-19/England/CAMC-12350A3/2021	2021-02-08	United Kingdom	genome	unknown	B.1.1.7	Alpha
3854	hCoV-19/England/CAMC-1233F5D/2021	2021-02-08	United Kingdom	genome	unknown	B.1.1.7	Alpha
3855	hCoV-19/England/CAMC-12350EF/2021	2021-02-08	United Kingdom	genome	unknown	B.1.1.7	Alpha
3856	hCoV-19/England/ALDP-125C56B/2021	2021-02-08	United Kingdom	genome	unknown	B.1.1.7	Alpha
3857	hCoV-19/England/ALDP-125C149/2021	2021-02-08	United Kingdom	genome	unknown	B.1.1.7	Alpha
3858	hCoV-19/England/ALDP-126465E/2021	2021-02-08	United Kingdom	genome	unknown	B.1.1.7	Alpha
3859	hCoV-19/England/ALDP-125C880/2021	2021-02-08	United Kingdom	genome	unknown	B.1.1.7	Alpha
3860	hCoV-19/England/ALDP-125D1A2/2021	2021-02-08	United Kingdom	genome	unknown	B.1.1.7	Alpha
3861	hCoV-19/England/CAMC-1235A3C/2021	2021-02-08	United Kingdom	genome	unknown	B.1.1.7	Alpha
3862	hCoV-19/England/CAMC-1253449/2021	2021-02-08	United Kingdom	genome	unknown	B.1.1.7	Alpha
3863	hCoV-19/England/LOND-1329E01/2021	2021-02-08	United Kingdom	genome	unknown	B.1.1.7	Alpha
3864	hCoV-19/Wales/PHWC-4CD241/2021	2021-02-08	United Kingdom	genome	unknown	B.1.1.7	Alpha
3865	hCoV-19/Wales/PHWC-4CD2AB/2021	2021-02-08	United Kingdom	genome	unknown	B.1.1.7	Alpha
3866	hCoV-19/Wales/PHWC-4CD3D5/2021	2021-02-08	United Kingdom	genome	unknown	B.1.1.7	Alpha
3867	hCoV-19/Wales/PHWC-4CC1FA/2021	2021-02-08	United Kingdom	genome	unknown	B.1.1.7	Alpha
3868	hCoV-19/England/PHWC-4C86C2/2021	2021-02-08	United Kingdom	genome	unknown	B.1.1.7	Alpha
3869	hCoV-19/England/CAMC-12530CD/2021	2021-02-08	United Kingdom	genome	unknown	B.1.1.7	Alpha
3870	hCoV-19/England/CAMC-1254378/2021	2021-02-08	United Kingdom	genome	unknown	B.1.1.7	Alpha
3871	hCoV-19/England/MILK-126622B/2021	2021-02-08	United Kingdom	genome	unknown	B.1.1.7	Alpha
3872	hCoV-19/England/ALDP-12642A5/2021	2021-02-08	United Kingdom	genome	unknown	B.1.1.7	Alpha
3873	hCoV-19/England/ALDP-125E727/2021	2021-02-08	United Kingdom	genome	unknown	B.1.1.7	Alpha
3874	hCoV-19/England/ALDP-12641A8/2021	2021-02-08	United Kingdom	genome	unknown	B.1.1.7	Alpha
3875	hCoV-19/England/MILK-1266285/2021	2021-02-08	United Kingdom	genome	unknown	B.1.1.7	Alpha
3876	hCoV-19/England/QEUH-12368E6/2021	2021-02-08	United Kingdom	genome	unknown	B.1.1.7	Alpha
3877	hCoV-19/England/ARCH-000143D08/2021	2021-02-08	United Kingdom	genome	unknown	B.1.1.7	Alpha
3878	hCoV-19/England/PORT-2E6A5B/2021	2021-02-08	United Kingdom	genome	unknown	B.1.1.7	Alpha
3879	hCoV-19/England/MILK-1265A33/2021	2021-02-08	United Kingdom	genome	unknown	B.1.1.7	Alpha
3880	hCoV-19/Scotland/QEUH-1237108/2021	2021-02-08	United Kingdom	genome	unknown	B.1.1.7	Alpha
3881	hCoV-19/England/CAMC-12593DD/2021	2021-02-08	United Kingdom	genome	unknown	B.1.1.7	Alpha
3882	hCoV-19/Scotland/QEUH-1237B28/2021	2021-02-08	United Kingdom	genome	unknown	B.1.1.7	Alpha
3883	hCoV-19/England/QEUH-1236637/2021	2021-02-08	United Kingdom	genome	unknown	B.1.1.7	Alpha
3884	hCoV-19/England/PHWC-4C8B69/2021	2021-02-08	United Kingdom	genome	unknown	B.1.1.7	Alpha
3885	hCoV-19/Wales/PHWC-4C8905/2021	2021-02-08	United Kingdom	genome	unknown	B.1.1.7	Alpha
3886	hCoV-19/England/LOND-132A0CE/2021	2021-02-08	United Kingdom	genome	unknown	B.1.1.7	Alpha
3887	hCoV-19/England/MILK-127030D/2021	2021-02-08	United Kingdom	genome	unknown	B.1.1.7	Alpha
3888	hCoV-19/England/QEUH-1237302/2021	2021-02-08	United Kingdom	genome	unknown	B.1.1.7	Alpha
3889	hCoV-19/England/NORT-1B8D735/2021	2021-02-08	United Kingdom	genome	unknown	B.1.1.7	Alpha
3890	hCoV-19/England/QEUH-1235E30/2021	2021-02-08	United Kingdom	genome	unknown	B.1.1.7	Alpha
3891	hCoV-19/England/MILK-127023D/2021	2021-02-08	United Kingdom	genome	unknown	B.1.1.7	Alpha
3892	hCoV-19/England/MILK-12817D0/2021	2021-02-08	United Kingdom	genome	unknown	B.1.1.7	Alpha
3893	hCoV-19/England/MILK-1281CFF/2021	2021-02-08	United Kingdom	genome	unknown	B.1.1.7	Alpha
3894	hCoV-19/England/MILK-12824D8/2021	2021-02-08	United Kingdom	genome	unknown	B.1.1.7	Alpha
3895	hCoV-19/England/MILK-128212C/2021	2021-02-08	United Kingdom	genome	unknown	B.1.1.7	Alpha
3896	hCoV-19/England/RAND-12BF7D9/2021	2021-02-08	United Kingdom	genome	unknown	B.1.1.7	Alpha
3897	hCoV-19/England/CAMC-125391D/2021	2021-02-09	United Kingdom	genome	unknown	B.1.1.7	Alpha
3898	hCoV-19/England/CAMC-1253FA2/2021	2021-02-09	United Kingdom	genome	unknown	B.1.1.7	Alpha
3899	hCoV-19/England/CAMC-1253995/2021	2021-02-09	United Kingdom	genome	unknown	B.1.1.7	Alpha
3900	hCoV-19/England/CAMC-1253519/2021	2021-02-09	United Kingdom	genome	unknown	B.1.1.7	Alpha
3901	hCoV-19/England/ALDP-12785E1/2021	2021-02-09	United Kingdom	genome	unknown	B.1.1.7	Alpha
3902	hCoV-19/England/RAND-12B3B42/2021	2021-02-09	United Kingdom	genome	unknown	B.1.1.7	Alpha
3903	hCoV-19/England/CAMC-1263B6F/2021	2021-02-09	United Kingdom	genome	unknown	B.1.1.7	Alpha
3904	hCoV-19/England/ALDP-1277F99/2021	2021-02-09	United Kingdom	genome	unknown	B.1.1.7	Alpha
3905	hCoV-19/England/ALDP-1278A00/2021	2021-02-09	United Kingdom	genome	unknown	B.1.1.7	Alpha
3906	hCoV-19/England/ALDP-1277C0B/2021	2021-02-09	United Kingdom	genome	unknown	B.1.1.7	Alpha
3907	hCoV-19/England/ALDP-1277ED8/2021	2021-02-09	United Kingdom	genome	unknown	B.1.1.7	Alpha
3908	hCoV-19/England/ALDP-1278341/2021	2021-02-09	United Kingdom	genome	unknown	B.1.1.7	Alpha
3909	hCoV-19/England/ALDP-12787EB/2021	2021-02-09	United Kingdom	genome	unknown	B.1.1.7	Alpha
3910	hCoV-19/England/CAMC-1254509/2021	2021-02-09	United Kingdom	genome	unknown	B.1.1.7	Alpha
3911	hCoV-19/England/NORT-1BB046F/2021	2021-02-09	United Kingdom	genome	unknown	B.1.1.7	Alpha
3912	hCoV-19/England/MILK-128C24D/2021	2021-02-09	United Kingdom	genome	unknown	B.1.1.7	Alpha
3913	hCoV-19/England/MILK-128C1B9/2021	2021-02-09	United Kingdom	genome	unknown	B.1.1.7	Alpha
3914	hCoV-19/Wales/PHWC-4CACCE/2021	2021-02-09	United Kingdom	genome	unknown	B.1.1.7	Alpha
3915	hCoV-19/England/MILK-128C40B/2021	2021-02-09	United Kingdom	genome	unknown	B.1.1.7	Alpha
3916	hCoV-19/Scotland/QEUH-1259003/2021	2021-02-09	United Kingdom	genome	unknown	B.1.1.7	Alpha
3917	hCoV-19/England/ALDP-1283B4B/2021	2021-02-09	United Kingdom	genome	unknown	B.1.1.7	Alpha
3918	hCoV-19/England/MILK-128C0BC/2021	2021-02-09	United Kingdom	genome	unknown	B.1.1.7	Alpha
3919	hCoV-19/England/CAMC-135A380/2021	2021-02-09	United Kingdom	genome	unknown	B.1.1.7	Alpha
3920	hCoV-19/England/CAMC-135A362/2021	2021-02-09	United Kingdom	genome	unknown	B.1.1.7	Alpha
3921	hCoV-19/England/OXON-F6D266/2021	2021-02-09	United Kingdom	genome	unknown	B.1.1.7	Alpha
3922	hCoV-19/England/RAND-12DFD59/2021	2021-02-09	United Kingdom	genome	unknown	B.1.1.7	Alpha
3923	hCoV-19/England/CAMC-12626BA/2021	2021-02-09	United Kingdom	genome	unknown	B.1.1.7	Alpha
3924	hCoV-19/England/PHESW-YYBNYQ9/2021	2021-02-09	United Kingdom	genome	unknown	B.1.1.7	Alpha
3925	hCoV-19/England/MILK-1284A3E/2021	2021-02-09	United Kingdom	genome	unknown	B.1.1.7	Alpha
3926	hCoV-19/England/CAMC-1271393/2021	2021-02-09	United Kingdom	genome	unknown	B.1.1.7	Alpha
3927	hCoV-19/England/ALDP-12789C7/2021	2021-02-09	United Kingdom	genome	unknown	B.1.1.7	Alpha
3928	hCoV-19/England/ALDP-12781ED/2021	2021-02-09	United Kingdom	genome	unknown	B.1.1.7	Alpha
3929	hCoV-19/England/CAMC-12626D8/2021	2021-02-09	United Kingdom	genome	unknown	B.1.1.7	Alpha
3930	hCoV-19/England/CAMC-12623D1/2021	2021-02-09	United Kingdom	genome	unknown	B.1.1.7	Alpha
3931	hCoV-19/England/CAMC-126273F/2021	2021-02-09	United Kingdom	genome	unknown	B.1.1.7	Alpha
3932	hCoV-19/England/ALDP-1278B58/2021	2021-02-09	United Kingdom	genome	unknown	B.1.1.7	Alpha
3933	hCoV-19/England/RAND-12DFEB0/2021	2021-02-09	United Kingdom	genome	unknown	B.1.1.7	Alpha
3934	hCoV-19/England/MILK-1284F02/2021	2021-02-10	United Kingdom	genome	unknown	B.1.1.7	Alpha
3935	hCoV-19/England/CAMC-135A56C/2021	2021-02-10	United Kingdom	genome	unknown	B.1.1.7	Alpha
3936	hCoV-19/England/CAMC-1272462/2021	2021-02-10	United Kingdom	genome	unknown	B.1.1.7	Alpha
3937	hCoV-19/England/ALDP-1289161/2021	2021-02-10	United Kingdom	genome	unknown	B.1.1.7	Alpha
3938	hCoV-19/Wales/ALDP-12837DE/2021	2021-02-10	United Kingdom	genome	unknown	B.1.1.7	Alpha
3939	hCoV-19/England/QEUH-126D585/2021	2021-02-10	United Kingdom	genome	unknown	B.1.1.7	Alpha
3940	hCoV-19/England/LOND-132A107/2021	2021-02-10	United Kingdom	genome	unknown	B.1.1.7	Alpha
3941	hCoV-19/England/ALDP-1283B87/2021	2021-02-10	United Kingdom	genome	unknown	B.1.1.7	Alpha
3942	hCoV-19/England/PHWC-4CA1ED/2021	2021-02-10	United Kingdom	genome	unknown	B.1.1.7	Alpha
3943	hCoV-19/England/ALDP-1283316/2021	2021-02-10	United Kingdom	genome	unknown	B.1.1.7	Alpha
3944	hCoV-19/England/ALDP-12899B4/2021	2021-02-10	United Kingdom	genome	unknown	B.1.1.7	Alpha
3945	hCoV-19/England/PHWC-4CA44E/2021	2021-02-10	United Kingdom	genome	unknown	B.1.1.7	Alpha
3946	hCoV-19/England/CAMC-127ED10/2021	2021-02-10	United Kingdom	genome	unknown	B.1.1.7	Alpha
3947	hCoV-19/England/RAND-12E013B/2021	2021-02-10	United Kingdom	genome	unknown	B.1.1.7	Alpha
3948	hCoV-19/England/ALDP-1288FD1/2021	2021-02-10	United Kingdom	genome	unknown	B.1.1.7	Alpha
3949	hCoV-19/England/ALDP-129FC3A/2021	2021-02-10	United Kingdom	genome	unknown	B.1.1.7	Alpha
3950	hCoV-19/England/WSFT-25D1841/2021	2021-02-10	United Kingdom	genome	unknown	B.1.1.7	Alpha
3951	hCoV-19/England/CAMC-127D3B5/2021	2021-02-10	United Kingdom	genome	unknown	B.1.1.7	Alpha
3952	hCoV-19/England/ALDP-128995A/2021	2021-02-10	United Kingdom	genome	unknown	B.1.1.7	Alpha
3953	hCoV-19/England/RAND-12E020B/2021	2021-02-10	United Kingdom	genome	unknown	B.1.1.7	Alpha
3954	hCoV-19/England/ALDP-1283695/2021	2021-02-10	United Kingdom	genome	unknown	B.1.1.7	Alpha
3955	hCoV-19/England/CAMC-1270F36/2021	2021-02-10	United Kingdom	genome	unknown	B.1.1.7	Alpha
3956	hCoV-19/England/RAND-12E0274/2021	2021-02-10	United Kingdom	genome	unknown	B.1.1.7	Alpha
3957	hCoV-19/England/CAMC-1263CC6/2021	2021-02-10	United Kingdom	genome	unknown	B.1.1.7	Alpha
3958	hCoV-19/England/ALDP-1295C9E/2021	2021-02-10	United Kingdom	genome	unknown	B.1.1.7	Alpha
3959	hCoV-19/England/OXON-F6C80B/2021	2021-02-10	United Kingdom	genome	unknown	B.1.1.7	Alpha
3960	hCoV-19/England/OXON-F6DE08/2021	2021-02-10	United Kingdom	genome	unknown	B.1.1.7	Alpha
3961	hCoV-19/England/ALDP-1289231/2021	2021-02-10	United Kingdom	genome	unknown	B.1.1.7	Alpha
3962	hCoV-19/England/CAMC-12629FD/2021	2021-02-10	United Kingdom	genome	unknown	B.1.1.7	Alpha
3963	hCoV-19/England/RAND-12BFFB3/2021	2021-02-10	United Kingdom	genome	unknown	B.1.1.7	Alpha
3964	hCoV-19/England/TFCI-2705FB6/2021	2021-02-10	United Kingdom	genome	unknown	B.1.1.7	Alpha
3965	hCoV-19/England/RAND-12BF51B/2021	2021-02-10	United Kingdom	genome	unknown	B.1.1.7	Alpha
3966	hCoV-19/England/RAND-12BFBFB/2021	2021-02-10	United Kingdom	genome	unknown	B.1.1.7	Alpha
3967	hCoV-19/England/RAND-12BF3C6/2021	2021-02-10	United Kingdom	genome	unknown	B.1.1.7	Alpha
3968	hCoV-19/England/RAND-12CDCBB/2021	2021-02-10	United Kingdom	genome	unknown	B.1.1.7	Alpha
3969	hCoV-19/England/QEUH-1268FF5/2021	2021-02-10	United Kingdom	genome	unknown	B.1.1.7	Alpha
3970	hCoV-19/England/RAND-12D7146/2021	2021-02-10	United Kingdom	genome	unknown	B.1.1.7	Alpha
3971	hCoV-19/England/RAND-12D710A/2021	2021-02-10	United Kingdom	genome	unknown	B.1.1.7	Alpha
3972	hCoV-19/England/PORT-2EFCD4/2021	2021-02-10	United Kingdom	genome	unknown	B.1.1.7	Alpha
3973	hCoV-19/England/RAND-12CDA66/2021	2021-02-10	United Kingdom	genome	unknown	B.1.1.7	Alpha
3974	hCoV-19/England/CAMC-1263965/2021	2021-02-10	United Kingdom	genome	unknown	B.1.1.7	Alpha
3975	hCoV-19/Wales/PHWC-4CA402/2021	2021-02-10	United Kingdom	genome	unknown	B.1.1.7	Alpha
3976	hCoV-19/England/CAMC-1263A26/2021	2021-02-10	United Kingdom	genome	unknown	B.1.1.7	Alpha
3977	hCoV-19/England/MILK-129C17A/2021	2021-02-10	United Kingdom	genome	unknown	B.1.1.7	Alpha
3978	hCoV-19/England/RAND-12B3E2B/2021	2021-02-10	United Kingdom	genome	unknown	B.1.1.7	Alpha
3979	hCoV-19/England/RAND-12B3B33/2021	2021-02-10	United Kingdom	genome	unknown	B.1.1.7	Alpha
3980	hCoV-19/Scotland/QEUH-12699C9/2021	2021-02-10	United Kingdom	genome	unknown	B.1.1.7	Alpha
3981	hCoV-19/NorthernIreland/RAND-12E062D/2021	2021-02-11	United Kingdom	genome	unknown	B.1.1.7	Alpha
3982	hCoV-19/England/MILK-12912AF/2021	2021-02-11	United Kingdom	genome	unknown	B.1.1.7	Alpha
3983	hCoV-19/England/ALDP-1295CE9/2021	2021-02-11	United Kingdom	genome	unknown	B.1.1.7	Alpha
3984	hCoV-19/England/MILK-129138E/2021	2021-02-11	United Kingdom	genome	unknown	B.1.1.7	Alpha
3985	hCoV-19/England/PHWC-4CB39B/2021	2021-02-11	United Kingdom	genome	unknown	B.1.1.7	Alpha
3986	hCoV-19/NorthernIreland/RAND-12BFF4A/2021	2021-02-11	United Kingdom	genome	unknown	B.1.1.7	Alpha
3987	hCoV-19/England/NORT-1B8D98A/2021	2021-02-11	United Kingdom	genome	unknown	B.1.1.7	Alpha
3988	hCoV-19/England/ALDP-128F338/2021	2021-02-11	United Kingdom	genome	unknown	B.1.1.7	Alpha
3989	hCoV-19/England/MILK-1286A69/2021	2021-02-11	United Kingdom	genome	unknown	B.1.1.7	Alpha
3990	hCoV-19/England/MILK-12864B6/2021	2021-02-11	United Kingdom	genome	unknown	B.1.1.7	Alpha
3991	hCoV-19/England/MILK-1286CDC/2021	2021-02-11	United Kingdom	genome	unknown	B.1.1.7	Alpha
3992	hCoV-19/Wales/ALDP-129A859/2021	2021-02-11	United Kingdom	genome	unknown	B.1.1.7	Alpha
3993	hCoV-19/England/OXON-F6724E/2021	2021-02-11	United Kingdom	genome	unknown	B.1.1.7	Alpha
3994	hCoV-19/England/MILK-1286E4F/2021	2021-02-11	United Kingdom	genome	unknown	B.1.1.7	Alpha
3995	hCoV-19/England/MILK-1291500/2021	2021-02-11	United Kingdom	genome	unknown	B.1.1.7	Alpha
3996	hCoV-19/England/ALDP-12AAB20/2021	2021-02-11	United Kingdom	genome	unknown	B.1.1.7	Alpha
3997	hCoV-19/England/MILK-1286401/2021	2021-02-11	United Kingdom	genome	unknown	B.1.1.7	Alpha
3998	hCoV-19/England/CAMC-127267B/2021	2021-02-11	United Kingdom	genome	unknown	B.1.1.7	Alpha
3999	hCoV-19/England/CAMC-127D43A/2021	2021-02-11	United Kingdom	genome	unknown	B.1.1.7	Alpha
4000	hCoV-19/England/MILK-1286BEE/2021	2021-02-11	United Kingdom	genome	unknown	B.1.1.7	Alpha
4001	hCoV-19/England/CAMC-127D494/2021	2021-02-11	United Kingdom	genome	unknown	B.1.1.7	Alpha
4002	hCoV-19/England/CAMC-127D995/2021	2021-02-11	United Kingdom	genome	unknown	B.1.1.7	Alpha
4003	hCoV-19/England/MILK-1286DBB/2021	2021-02-11	United Kingdom	genome	unknown	B.1.1.7	Alpha
4004	hCoV-19/England/CAMC-1272031/2021	2021-02-11	United Kingdom	genome	unknown	B.1.1.7	Alpha
4005	hCoV-19/England/CAMC-127DAA1/2021	2021-02-11	United Kingdom	genome	unknown	B.1.1.7	Alpha
4006	hCoV-19/England/ALDP-12948AA/2021	2021-02-11	United Kingdom	genome	unknown	B.1.1.7	Alpha
4007	hCoV-19/England/ALDP-128EC6B/2021	2021-02-11	United Kingdom	genome	unknown	B.1.1.7	Alpha
4008	hCoV-19/England/ALDP-1289134/2021	2021-02-11	United Kingdom	genome	unknown	B.1.1.7	Alpha
4009	hCoV-19/England/ALDP-1294163/2021	2021-02-11	United Kingdom	genome	unknown	B.1.1.7	Alpha
4010	hCoV-19/England/NOTT-24EC2E/2021	2021-02-11	United Kingdom	genome	unknown	B.1.1.7	Alpha
4011	hCoV-19/England/ALDP-12A1084/2021	2021-02-11	United Kingdom	genome	unknown	B.1.1.7	Alpha
4012	hCoV-19/England/ALDP-12A0814/2021	2021-02-11	United Kingdom	genome	unknown	B.1.1.7	Alpha
4013	hCoV-19/England/ALDP-1294C80/2021	2021-02-11	United Kingdom	genome	unknown	B.1.1.7	Alpha
4014	hCoV-19/England/ALDP-128F329/2021	2021-02-11	United Kingdom	genome	unknown	B.1.1.7	Alpha
4015	hCoV-19/England/RAND-12CE6DA/2021	2021-02-11	United Kingdom	genome	unknown	B.1.1.7	Alpha
4016	hCoV-19/England/QEUH-1279C36/2021	2021-02-11	United Kingdom	genome	unknown	B.1.1.7	Alpha
4017	hCoV-19/England/CAMC-1271DA4/2021	2021-02-11	United Kingdom	genome	unknown	B.1.1.7	Alpha
4018	hCoV-19/England/CAMC-12720F5/2021	2021-02-11	United Kingdom	genome	unknown	B.1.1.7	Alpha
4019	hCoV-19/England/ALDP-128EB7D/2021	2021-02-11	United Kingdom	genome	unknown	B.1.1.7	Alpha
4020	hCoV-19/England/OXON-F6CA9C/2021	2021-02-11	United Kingdom	genome	unknown	B.1.1.7	Alpha
4021	hCoV-19/England/ALDP-128936B/2021	2021-02-11	United Kingdom	genome	unknown	B.1.1.7	Alpha
4022	hCoV-19/England/RAND-12CDFFE/2021	2021-02-12	United Kingdom	genome	unknown	B.1.1.7	Alpha
4023	hCoV-19/England/MILK-129C2FF/2021	2021-02-12	United Kingdom	genome	unknown	B.1.1.7	Alpha
4024	hCoV-19/England/MILK-129BFAE/2021	2021-02-12	United Kingdom	genome	unknown	B.1.1.7	Alpha
4025	hCoV-19/England/MILK-12A64FC/2021	2021-02-12	United Kingdom	genome	unknown	B.1.1.7	Alpha
4026	hCoV-19/England/MILK-129A8FF/2021	2021-02-12	United Kingdom	genome	unknown	B.1.1.7	Alpha
4027	hCoV-19/England/MILK-12A67E4/2021	2021-02-12	United Kingdom	genome	unknown	B.1.1.7	Alpha
4028	hCoV-19/Wales/ALDP-129A67D/2021	2021-02-12	United Kingdom	genome	unknown	B.1.1.7	Alpha
4029	hCoV-19/England/ALDP-12A0595/2021	2021-02-12	United Kingdom	genome	unknown	B.1.1.7	Alpha
4030	hCoV-19/England/ALDP-129A604/2021	2021-02-12	United Kingdom	genome	unknown	B.1.1.7	Alpha
4031	hCoV-19/England/MILK-12919D7/2021	2021-02-12	United Kingdom	genome	unknown	B.1.1.7	Alpha
4032	hCoV-19/England/NORT-1B9AAC3/2021	2021-02-12	United Kingdom	genome	unknown	B.1.1.7	Alpha
4033	hCoV-19/England/CAMC-1293C90/2021	2021-02-12	United Kingdom	genome	unknown	B.1.1.7	Alpha
4034	hCoV-19/England/ALDP-12A0559/2021	2021-02-12	United Kingdom	genome	unknown	B.1.1.7	Alpha
4035	hCoV-19/England/ALDP-129A18B/2021	2021-02-12	United Kingdom	genome	unknown	B.1.1.7	Alpha
4036	hCoV-19/England/ALDP-129A033/2021	2021-02-12	United Kingdom	genome	unknown	B.1.1.7	Alpha
4037	hCoV-19/England/RAND-12CDF3A/2021	2021-02-12	United Kingdom	genome	unknown	B.1.1.7	Alpha
4038	hCoV-19/England/ALDP-12A0225/2021	2021-02-12	United Kingdom	genome	unknown	B.1.1.7	Alpha
4039	hCoV-19/England/MILK-129C198/2021	2021-02-12	United Kingdom	genome	unknown	B.1.1.7	Alpha
4040	hCoV-19/Wales/PHWC-4CCA95/2021	2021-02-12	United Kingdom	genome	unknown	B.1.1.7	Alpha
4041	hCoV-19/Wales/PHWC-4CB6B0/2021	2021-02-12	United Kingdom	genome	unknown	B.1.1.7	Alpha
4042	hCoV-19/England/EKHU-26112BF/2021	2021-02-12	United Kingdom	genome	unknown	B.1.1.7	Alpha
4043	hCoV-19/NorthernIreland/RAND-12D71A0/2021	2021-02-12	United Kingdom	genome	unknown	B.1.1.7	Alpha
4044	hCoV-19/England/CAMC-135B817/2021	2021-02-12	United Kingdom	genome	unknown	B.1.1.7	Alpha
4045	hCoV-19/England/CAMC-127F9C0/2021	2021-02-12	United Kingdom	genome	unknown	B.1.1.7	Alpha
4046	hCoV-19/England/CAMC-127FD3D/2021	2021-02-12	United Kingdom	genome	unknown	B.1.1.7	Alpha
4047	hCoV-19/England/OXON-F6D8A0/2021	2021-02-12	United Kingdom	genome	unknown	B.1.1.7	Alpha
4048	hCoV-19/England/CAMC-127F1C8/2021	2021-02-12	United Kingdom	genome	unknown	B.1.1.7	Alpha
4049	hCoV-19/England/ALDP-12A28A9/2021	2021-02-12	United Kingdom	genome	unknown	B.1.1.7	Alpha
4050	hCoV-19/England/ALDP-12A28C7/2021	2021-02-12	United Kingdom	genome	unknown	B.1.1.7	Alpha
4051	hCoV-19/England/ALDP-12A0ED6/2021	2021-02-12	United Kingdom	genome	unknown	B.1.1.7	Alpha
4052	hCoV-19/England/ALDP-12AAAF6/2021	2021-02-12	United Kingdom	genome	unknown	B.1.1.7	Alpha
4053	hCoV-19/England/ALDP-12ABE17/2021	2021-02-12	United Kingdom	genome	unknown	B.1.1.7	Alpha
4054	hCoV-19/England/CAMC-127F23E/2021	2021-02-12	United Kingdom	genome	unknown	B.1.1.7	Alpha
4055	hCoV-19/England/RAND-12D7CDC/2021	2021-02-12	United Kingdom	genome	unknown	B.1.1.7	Alpha
4056	hCoV-19/England/QEUH-1284087/2021	2021-02-12	United Kingdom	genome	unknown	B.1.1.7	Alpha
4057	hCoV-19/England/CAMC-13810F2/2021	2021-02-12	United Kingdom	genome	unknown	B.1.1.7	Alpha
4058	hCoV-19/England/CAMC-127FF0A/2021	2021-02-12	United Kingdom	genome	unknown	B.1.1.7	Alpha
4059	hCoV-19/England/CAMC-127F456/2021	2021-02-12	United Kingdom	genome	unknown	B.1.1.7	Alpha
4060	hCoV-19/England/CAMC-1280391/2021	2021-02-12	United Kingdom	genome	unknown	B.1.1.7	Alpha
4061	hCoV-19/England/CAMC-127F7F3/2021	2021-02-12	United Kingdom	genome	unknown	B.1.1.7	Alpha
4062	hCoV-19/England/ALDP-12A06FC/2021	2021-02-12	United Kingdom	genome	unknown	B.1.1.7	Alpha
4063	hCoV-19/Scotland/QEUH-1284649/2021	2021-02-12	United Kingdom	genome	unknown	B.1.1.7	Alpha
4064	hCoV-19/Scotland/QEUH-12844F4/2021	2021-02-12	United Kingdom	genome	unknown	B.1.1.7	Alpha
4065	hCoV-19/England/ALDP-12A1215/2021	2021-02-12	United Kingdom	genome	unknown	B.1.1.7	Alpha
4066	hCoV-19/England/ALDP-12A1B38/2021	2021-02-12	United Kingdom	genome	unknown	B.1.1.7	Alpha
4067	hCoV-19/Scotland/QEUH-128444F/2021	2021-02-12	United Kingdom	genome	unknown	B.1.1.7	Alpha
4068	hCoV-19/England/MILK-129AA80/2021	2021-02-12	United Kingdom	genome	unknown	B.1.1.7	Alpha
4069	hCoV-19/England/WSFT-25D06FD/2021	2021-02-12	United Kingdom	genome	unknown	B.1.1.7	Alpha
4070	hCoV-19/England/WSFT-25D0745/2021	2021-02-12	United Kingdom	genome	unknown	B.1.1.7	Alpha
4071	hCoV-19/England/ALDP-12A0A4B/2021	2021-02-12	United Kingdom	genome	unknown	B.1.1.7	Alpha
4072	hCoV-19/England/ALDP-12A1A1D/2021	2021-02-12	United Kingdom	genome	unknown	B.1.1.7	Alpha
4073	hCoV-19/England/ALDP-12A1761/2021	2021-02-12	United Kingdom	genome	unknown	B.1.1.7	Alpha
4074	hCoV-19/England/CAMC-127EB9E/2021	2021-02-12	United Kingdom	genome	unknown	B.1.1.7	Alpha
4075	hCoV-19/England/ALDP-12A15B2/2021	2021-02-12	United Kingdom	genome	unknown	B.1.1.7	Alpha
4076	hCoV-19/England/CAMC-128048F/2021	2021-02-13	United Kingdom	genome	unknown	B.1.1.7	Alpha
4077	hCoV-19/England/MILK-12B48E0/2021	2021-02-13	United Kingdom	genome	unknown	B.1.1.7	Alpha
4078	hCoV-19/Scotland/QEUH-12927DC/2021	2021-02-13	United Kingdom	genome	unknown	B.1.1.7	Alpha
4079	hCoV-19/NorthernIreland/RAND-12CE0EB/2021	2021-02-13	United Kingdom	genome	unknown	B.1.1.7	Alpha
4080	hCoV-19/England/MILK-12B5120/2021	2021-02-13	United Kingdom	genome	unknown	B.1.1.7	Alpha
4081	hCoV-19/England/CAMC-128D8E0/2021	2021-02-13	United Kingdom	genome	unknown	B.1.1.7	Alpha
4082	hCoV-19/NorthernIreland/RAND-12D8048/2021	2021-02-13	United Kingdom	genome	unknown	B.1.1.7	Alpha
4083	hCoV-19/England/RAND-12CE2A9/2021	2021-02-13	United Kingdom	genome	unknown	B.1.1.7	Alpha
4084	hCoV-19/England/CAMC-128D877/2021	2021-02-13	United Kingdom	genome	unknown	B.1.1.7	Alpha
4085	hCoV-19/England/CAMC-129350E/2021	2021-02-13	United Kingdom	genome	unknown	B.1.1.7	Alpha
4086	hCoV-19/England/MILK-1291360/2021	2021-02-13	United Kingdom	genome	unknown	B.1.1.7	Alpha
4087	hCoV-19/England/CAMC-128E199/2021	2021-02-13	United Kingdom	genome	unknown	B.1.1.7	Alpha
4088	hCoV-19/England/MILK-12A6B8E/2021	2021-02-13	United Kingdom	genome	unknown	B.1.1.7	Alpha
4089	hCoV-19/England/QEUH-129239C/2021	2021-02-13	United Kingdom	genome	unknown	B.1.1.7	Alpha
4090	hCoV-19/England/CAMC-12931CE/2021	2021-02-13	United Kingdom	genome	unknown	B.1.1.7	Alpha
4091	hCoV-19/England/MILK-12A6465/2021	2021-02-13	United Kingdom	genome	unknown	B.1.1.7	Alpha
4092	hCoV-19/England/MILK-12A7200/2021	2021-02-13	United Kingdom	genome	unknown	B.1.1.7	Alpha
4093	hCoV-19/NorthernIreland/RAND-12D80FD/2021	2021-02-13	United Kingdom	genome	unknown	B.1.1.7	Alpha
4094	hCoV-19/England/MILK-12A5D4D/2021	2021-02-13	United Kingdom	genome	unknown	B.1.1.7	Alpha
4095	hCoV-19/England/MILK-12A6720/2021	2021-02-13	United Kingdom	genome	unknown	B.1.1.7	Alpha
4096	hCoV-19/England/QEUH-1292AC4/2021	2021-02-13	United Kingdom	genome	unknown	B.1.1.7	Alpha
4097	hCoV-19/England/NOTT-25143F/2021	2021-02-13	United Kingdom	genome	unknown	B.1.1.7	Alpha
4098	hCoV-19/England/ALDP-12BAAD5/2021	2021-02-13	United Kingdom	genome	unknown	B.1.1.7	Alpha
4099	hCoV-19/NorthernIreland/RAND-12D77CC/2021	2021-02-13	United Kingdom	genome	unknown	B.1.1.7	Alpha
4100	hCoV-19/England/MILK-12B6031/2021	2021-02-13	United Kingdom	genome	unknown	B.1.1.7	Alpha
4101	hCoV-19/England/MILK-12B480E/2021	2021-02-13	United Kingdom	genome	unknown	B.1.1.7	Alpha
4102	hCoV-19/England/ALDP-12AB934/2021	2021-02-13	United Kingdom	genome	unknown	B.1.1.7	Alpha
4103	hCoV-19/England/MILK-129D030/2021	2021-02-13	United Kingdom	genome	unknown	B.1.1.7	Alpha
4104	hCoV-19/England/ALDP-12AB925/2021	2021-02-13	United Kingdom	genome	unknown	B.1.1.7	Alpha
4105	hCoV-19/England/CAMC-128D76B/2021	2021-02-13	United Kingdom	genome	unknown	B.1.1.7	Alpha
4106	hCoV-19/England/CAMC-128E2B4/2021	2021-02-13	United Kingdom	genome	unknown	B.1.1.7	Alpha
4107	hCoV-19/England/ALDP-129FF6E/2021	2021-02-13	United Kingdom	genome	unknown	B.1.1.7	Alpha
4108	hCoV-19/Wales/PHWC-4CB0C1/2021	2021-02-13	United Kingdom	genome	unknown	B.1.1.7	Alpha
4109	hCoV-19/Wales/PHWC-4CCB38/2021	2021-02-13	United Kingdom	genome	unknown	B.1.1.7	Alpha
4110	hCoV-19/Wales/PHWC-4CCAFF/2021	2021-02-13	United Kingdom	genome	unknown	B.1.1.7	Alpha
4111	hCoV-19/England/QEUH-129F39F/2021	2021-02-14	United Kingdom	genome	unknown	B.1.1.7	Alpha
4112	hCoV-19/England/QEUH-129F1E0/2021	2021-02-14	United Kingdom	genome	unknown	B.1.1.7	Alpha
4113	hCoV-19/England/ALDP-12BAA11/2021	2021-02-14	United Kingdom	genome	unknown	B.1.1.7	Alpha
4114	hCoV-19/England/MILK-12B46E6/2021	2021-02-14	United Kingdom	genome	unknown	B.1.1.7	Alpha
4115	hCoV-19/England/MILK-12BCD07/2021	2021-02-14	United Kingdom	genome	unknown	B.1.1.7	Alpha
4116	hCoV-19/England/ALDP-12BA8EA/2021	2021-02-14	United Kingdom	genome	unknown	B.1.1.7	Alpha
4117	hCoV-19/England/ALDP-12AAEDC/2021	2021-02-14	United Kingdom	genome	unknown	B.1.1.7	Alpha
4118	hCoV-19/England/ALDP-12BA738/2021	2021-02-14	United Kingdom	genome	unknown	B.1.1.7	Alpha
4119	hCoV-19/England/ALDP-12B3614/2021	2021-02-14	United Kingdom	genome	unknown	B.1.1.7	Alpha
4120	hCoV-19/England/ALDP-12AD404/2021	2021-02-14	United Kingdom	genome	unknown	B.1.1.7	Alpha
4121	hCoV-19/Wales/PHWC-4CAA97/2021	2021-02-14	United Kingdom	genome	unknown	B.1.1.7	Alpha
4122	hCoV-19/England/QEUH-129EBD4/2021	2021-02-14	United Kingdom	genome	unknown	B.1.1.7	Alpha
4123	hCoV-19/England/ALDP-12AB62E/2021	2021-02-14	United Kingdom	genome	unknown	B.1.1.7	Alpha
4124	hCoV-19/England/CAMC-1293DD9/2021	2021-02-14	United Kingdom	genome	unknown	B.1.1.7	Alpha
4125	hCoV-19/England/CAMC-1293FF1/2021	2021-02-14	United Kingdom	genome	unknown	B.1.1.7	Alpha
4126	hCoV-19/England/QEUH-129E6E2/2021	2021-02-14	United Kingdom	genome	unknown	B.1.1.7	Alpha
4127	hCoV-19/England/QEUH-129EE62/2021	2021-02-14	United Kingdom	genome	unknown	B.1.1.7	Alpha
4128	hCoV-19/England/MILK-12BD243/2021	2021-02-14	United Kingdom	genome	unknown	B.1.1.7	Alpha
4129	hCoV-19/England/MILK-12B48A4/2021	2021-02-14	United Kingdom	genome	unknown	B.1.1.7	Alpha
4130	hCoV-19/England/MILK-12B615C/2021	2021-02-14	United Kingdom	genome	unknown	B.1.1.7	Alpha
4131	hCoV-19/England/QEUH-129E530/2021	2021-02-14	United Kingdom	genome	unknown	B.1.1.7	Alpha
4132	hCoV-19/England/CAMC-1293F4C/2021	2021-02-14	United Kingdom	genome	unknown	B.1.1.7	Alpha
4133	hCoV-19/NorthernIreland/RAND-12D86BF/2021	2021-02-14	United Kingdom	genome	unknown	B.1.1.7	Alpha
4134	hCoV-19/Scotland/EDB16138/2021	2021-02-14	United Kingdom	genome	unknown	B.1.1.7	Alpha
4135	hCoV-19/England/ALDP-12AC1E0/2021	2021-02-14	United Kingdom	genome	unknown	B.1.1.7	Alpha
4136	hCoV-19/England/ARCH-000156E2/2021	2021-02-14	United Kingdom	genome	unknown	B.1.1.7	Alpha
4137	hCoV-19/England/ALDP-12BADEB/2021	2021-02-14	United Kingdom	genome	unknown	B.1.1.7	Alpha
4138	hCoV-19/Scotland/QEUH-129EF50/2021	2021-02-14	United Kingdom	genome	unknown	B.1.1.7	Alpha
4139	hCoV-19/Scotland/QEUH-129ECFF/2021	2021-02-14	United Kingdom	genome	unknown	B.1.1.7	Alpha
4140	hCoV-19/NorthernIreland/RAND-12CEAED/2021	2021-02-14	United Kingdom	genome	unknown	B.1.1.7	Alpha
4141	hCoV-19/England/CAMC-135AFB9/2021	2021-02-14	United Kingdom	genome	unknown	B.1.1.7	Alpha
4142	hCoV-19/Wales/PHWC-4CE87B/2021	2021-02-14	United Kingdom	genome	unknown	B.1.1.7	Alpha
4143	hCoV-19/England/QEUH-129E0E4/2021	2021-02-14	United Kingdom	genome	unknown	B.1.1.7	Alpha
4144	hCoV-19/England/ALDP-12ABD1A/2021	2021-02-14	United Kingdom	genome	unknown	B.1.1.7	Alpha
4145	hCoV-19/Wales/PHWC-4CD7AC/2021	2021-02-14	United Kingdom	genome	unknown	B.1.1.7	Alpha
4146	hCoV-19/England/MILK-12A5B34/2021	2021-02-14	United Kingdom	genome	unknown	B.1.1.7	Alpha
4147	hCoV-19/England/CAMC-139B9EB/2021	2021-02-15	United Kingdom	genome	unknown	B.1.1.7	Alpha
4148	hCoV-19/NorthernIreland/RAND-131373C/2021	2021-02-15	United Kingdom	genome	unknown	B.1.1.7	Alpha
4149	hCoV-19/England/MILK-12BCF5C/2021	2021-02-15	United Kingdom	genome	unknown	B.1.1.7	Alpha
4150	hCoV-19/England/MILK-12BCDBC/2021	2021-02-15	United Kingdom	genome	unknown	B.1.1.7	Alpha
4151	hCoV-19/England/MILK-12BCC55/2021	2021-02-15	United Kingdom	genome	unknown	B.1.1.7	Alpha
4152	hCoV-19/England/MILK-12BCEE6/2021	2021-02-15	United Kingdom	genome	unknown	B.1.1.7	Alpha
4153	hCoV-19/England/QEUH-12C0878/2021	2021-02-15	United Kingdom	genome	unknown	B.1.1.7	Alpha
4154	hCoV-19/England/ARCH-000156F4/2021	2021-02-15	United Kingdom	genome	unknown	B.1.1.7	Alpha
4155	hCoV-19/Scotland/QEUH-12AA601/2021	2021-02-15	United Kingdom	genome	unknown	B.1.1.7	Alpha
4156	hCoV-19/England/MILK-12BEA0E/2021	2021-02-15	United Kingdom	genome	unknown	B.1.1.7	Alpha
4157	hCoV-19/England/MILK-12BCF2F/2021	2021-02-15	United Kingdom	genome	unknown	B.1.1.7	Alpha
4158	hCoV-19/England/MILK-12BDE8B/2021	2021-02-15	United Kingdom	genome	unknown	B.1.1.7	Alpha
4159	hCoV-19/Scotland/QEUH-12A8F62/2021	2021-02-15	United Kingdom	genome	unknown	B.1.1.7	Alpha
4160	hCoV-19/Scotland/QEUH-12A9D58/2021	2021-02-15	United Kingdom	genome	unknown	B.1.1.7	Alpha
4161	hCoV-19/England/ALDP-12BA20A/2021	2021-02-15	United Kingdom	genome	unknown	B.1.1.7	Alpha
4162	hCoV-19/England/NORW-22463F/2021	2021-02-15	United Kingdom	genome	unknown	B.1.1.7	Alpha
4163	hCoV-19/England/ALDP-12C2F80/2021	2021-02-15	United Kingdom	genome	unknown	B.1.1.7	Alpha
4164	hCoV-19/England/CAMC-1298F38/2021	2021-02-15	United Kingdom	genome	unknown	B.1.1.7	Alpha
4165	hCoV-19/England/PHWC-4D0278/2021	2021-02-15	United Kingdom	genome	unknown	B.1.1.7	Alpha
4166	hCoV-19/England/ALDP-12B3483/2021	2021-02-15	United Kingdom	genome	unknown	B.1.1.7	Alpha
4167	hCoV-19/England/ALDP-12B34CF/2021	2021-02-15	United Kingdom	genome	unknown	B.1.1.7	Alpha
4168	hCoV-19/England/ALDP-12B98CD/2021	2021-02-15	United Kingdom	genome	unknown	B.1.1.7	Alpha
4169	hCoV-19/England/ALDP-12BA38F/2021	2021-02-15	United Kingdom	genome	unknown	B.1.1.7	Alpha
4170	hCoV-19/England/ALDP-12B9256/2021	2021-02-15	United Kingdom	genome	unknown	B.1.1.7	Alpha
4171	hCoV-19/England/ALDP-12B39A2/2021	2021-02-15	United Kingdom	genome	unknown	B.1.1.7	Alpha
4172	hCoV-19/England/ALDP-12B4419/2021	2021-02-15	United Kingdom	genome	unknown	B.1.1.7	Alpha
4173	hCoV-19/England/ALDP-12B93AE/2021	2021-02-15	United Kingdom	genome	unknown	B.1.1.7	Alpha
4174	hCoV-19/England/MILK-12B4BAB/2021	2021-02-15	United Kingdom	genome	unknown	B.1.1.7	Alpha
4175	hCoV-19/England/ALDP-12DB898/2021	2021-02-15	United Kingdom	genome	unknown	B.1.1.7	Alpha
4176	hCoV-19/England/CAMC-12A7AEA/2021	2021-02-15	United Kingdom	genome	unknown	B.1.1.7	Alpha
4177	hCoV-19/Scotland/QEUH-12A7E57/2021	2021-02-15	United Kingdom	genome	unknown	B.1.1.7	Alpha
4178	hCoV-19/England/WSFT-25D15B3/2021	2021-02-15	United Kingdom	genome	unknown	B.1.1.7	Alpha
4179	hCoV-19/England/QEUH-12A823C/2021	2021-02-15	United Kingdom	genome	unknown	B.1.1.7	Alpha
4180	hCoV-19/England/PHWC-4CD2E7/2021	2021-02-15	United Kingdom	genome	unknown	B.1.1.7	Alpha
4181	hCoV-19/England/QEUH-12A8A9E/2021	2021-02-15	United Kingdom	genome	unknown	B.1.1.7	Alpha
4182	hCoV-19/England/QEUH-12A7E75/2021	2021-02-15	United Kingdom	genome	unknown	B.1.1.7	Alpha
4183	hCoV-19/England/QEUH-12AA364/2021	2021-02-15	United Kingdom	genome	unknown	B.1.1.7	Alpha
4184	hCoV-19/England/ALDP-12C5FBA/2021	2021-02-15	United Kingdom	genome	unknown	B.1.1.7	Alpha
4185	hCoV-19/England/QEUH-12A9963/2021	2021-02-15	United Kingdom	genome	unknown	B.1.1.7	Alpha
4186	hCoV-19/England/PHWC-4CF3A6/2021	2021-02-15	United Kingdom	genome	unknown	B.1.1.7	Alpha
4187	hCoV-19/England/CAMC-12993C2/2021	2021-02-15	United Kingdom	genome	unknown	B.1.1.7	Alpha
4188	hCoV-19/England/CAMC-12994FC/2021	2021-02-15	United Kingdom	genome	unknown	B.1.1.7	Alpha
4189	hCoV-19/Wales/PHWC-4CCE8A/2021	2021-02-15	United Kingdom	genome	unknown	B.1.1.7	Alpha
4190	hCoV-19/Wales/PHWC-4CCE7B/2021	2021-02-15	United Kingdom	genome	unknown	B.1.1.7	Alpha
4191	hCoV-19/Scotland/QEUH-12A8102/2021	2021-02-15	United Kingdom	genome	unknown	B.1.1.7	Alpha
4192	hCoV-19/Wales/PHWC-4CE996/2021	2021-02-15	United Kingdom	genome	unknown	B.1.1.7	Alpha
4193	hCoV-19/England/CAMC-129934A/2021	2021-02-15	United Kingdom	genome	unknown	B.1.1.7	Alpha
4194	hCoV-19/England/MILK-13056C7/2021	2021-02-16	United Kingdom	genome	unknown	B.1.1.7	Alpha
4195	hCoV-19/England/QEUH-12B84E8/2021	2021-02-16	United Kingdom	genome	unknown	B.1.1.7	Alpha
4196	hCoV-19/England/QEUH-12B8415/2021	2021-02-16	United Kingdom	genome	unknown	B.1.1.7	Alpha
4197	hCoV-19/England/MILK-12CA665/2021	2021-02-16	United Kingdom	genome	unknown	B.1.1.7	Alpha
4198	hCoV-19/England/MILK-12CC01A/2021	2021-02-16	United Kingdom	genome	unknown	B.1.1.7	Alpha
4199	hCoV-19/England/NORT-1B8E145/2021	2021-02-16	United Kingdom	genome	unknown	B.1.1.7	Alpha
4200	hCoV-19/England/RAND-1313D58/2021	2021-02-16	United Kingdom	genome	unknown	B.1.1.7	Alpha
4201	hCoV-19/England/RAND-1314319/2021	2021-02-16	United Kingdom	genome	unknown	B.1.1.7	Alpha
4202	hCoV-19/England/MILK-12D5E14/2021	2021-02-16	United Kingdom	genome	unknown	B.1.1.7	Alpha
4203	hCoV-19/England/PORT-1E78DA1/2021	2021-02-16	United Kingdom	genome	unknown	B.1.1.7	Alpha
4204	hCoV-19/England/ALDP-12C53BE/2021	2021-02-16	United Kingdom	genome	unknown	B.1.1.7	Alpha
4205	hCoV-19/England/MILK-1349858/2021	2021-02-16	United Kingdom	genome	unknown	B.1.1.7	Alpha
4206	hCoV-19/England/CAMB-AA4F25/2021	2021-02-16	United Kingdom	genome	unknown	B.1.1.7	Alpha
4207	hCoV-19/England/ALDP-12C3295/2021	2021-02-16	United Kingdom	genome	unknown	B.1.1.7	Alpha
4208	hCoV-19/England/MILK-12C4D48/2021	2021-02-16	United Kingdom	genome	unknown	B.1.1.7	Alpha
4209	hCoV-19/England/QEUH-12B757D/2021	2021-02-16	United Kingdom	genome	unknown	B.1.1.7	Alpha
4210	hCoV-19/England/QEUH-12B704F/2021	2021-02-16	United Kingdom	genome	unknown	B.1.1.7	Alpha
4211	hCoV-19/England/QEUH-12B6514/2021	2021-02-16	United Kingdom	genome	unknown	B.1.1.7	Alpha
4212	hCoV-19/England/MILK-12C4FD9/2021	2021-02-16	United Kingdom	genome	unknown	B.1.1.7	Alpha
4213	hCoV-19/Wales/PHWC-4D0964/2021	2021-02-16	United Kingdom	genome	unknown	B.1.1.7	Alpha
4214	hCoV-19/England/CAMC-12A586A/2021	2021-02-16	United Kingdom	genome	unknown	B.1.1.7	Alpha
4215	hCoV-19/England/QEUH-12C0F19/2021	2021-02-16	United Kingdom	genome	unknown	B.1.1.7	Alpha
4216	hCoV-19/England/PHWC-4D0524/2021	2021-02-16	United Kingdom	genome	unknown	B.1.1.7	Alpha
4217	hCoV-19/Wales/PHWC-4D0339/2021	2021-02-16	United Kingdom	genome	unknown	B.1.1.7	Alpha
4218	hCoV-19/England/QEUH-12B8433/2021	2021-02-16	United Kingdom	genome	unknown	B.1.1.7	Alpha
4219	hCoV-19/England/QEUH-12C158F/2021	2021-02-16	United Kingdom	genome	unknown	B.1.1.7	Alpha
4220	hCoV-19/England/QEUH-12B7829/2021	2021-02-16	United Kingdom	genome	unknown	B.1.1.7	Alpha
4221	hCoV-19/England/MILK-12BECDB/2021	2021-02-16	United Kingdom	genome	unknown	B.1.1.7	Alpha
4222	hCoV-19/England/MILK-12BDB2A/2021	2021-02-16	United Kingdom	genome	unknown	B.1.1.7	Alpha
4223	hCoV-19/England/MILK-12BE50D/2021	2021-02-16	United Kingdom	genome	unknown	B.1.1.7	Alpha
4224	hCoV-19/Scotland/QEUH-12B72B2/2021	2021-02-16	United Kingdom	genome	unknown	B.1.1.7	Alpha
4225	hCoV-19/England/QEUH-12C0B9D/2021	2021-02-16	United Kingdom	genome	unknown	B.1.1.7	Alpha
4226	hCoV-19/England/ALDP-12D91AE/2021	2021-02-17	United Kingdom	genome	unknown	B.1.1.7	Alpha
4227	hCoV-19/England/ALDP-12D9E89/2021	2021-02-17	United Kingdom	genome	unknown	B.1.1.7	Alpha
4228	hCoV-19/England/ALDP-12D9C16/2021	2021-02-17	United Kingdom	genome	unknown	B.1.1.7	Alpha
4229	hCoV-19/England/ALDP-12D9D8C/2021	2021-02-17	United Kingdom	genome	unknown	B.1.1.7	Alpha
4230	hCoV-19/England/ALDP-12D886E/2021	2021-02-17	United Kingdom	genome	unknown	B.1.1.7	Alpha
4231	hCoV-19/England/ALDP-12D9108/2021	2021-02-17	United Kingdom	genome	unknown	B.1.1.7	Alpha
4232	hCoV-19/England/ALDP-12D9F77/2021	2021-02-17	United Kingdom	genome	unknown	B.1.1.7	Alpha
4233	hCoV-19/England/ALDP-12D9B19/2021	2021-02-17	United Kingdom	genome	unknown	B.1.1.7	Alpha
4234	hCoV-19/England/ALDP-12DAA0C/2021	2021-02-17	United Kingdom	genome	unknown	B.1.1.7	Alpha
4235	hCoV-19/NorthernIreland/RAND-1313EEC/2021	2021-02-17	United Kingdom	genome	unknown	B.1.1.7	Alpha
4236	hCoV-19/England/PORT-2F0098/2021	2021-02-17	United Kingdom	genome	unknown	B.1.1.7	Alpha
4237	hCoV-19/England/MILK-12D5AB6/2021	2021-02-17	United Kingdom	genome	unknown	B.1.1.7	Alpha
4238	hCoV-19/England/ALDP-12DB221/2021	2021-02-17	United Kingdom	genome	unknown	B.1.1.7	Alpha
4239	hCoV-19/England/ALDP-12DA1E9/2021	2021-02-17	United Kingdom	genome	unknown	B.1.1.7	Alpha
4240	hCoV-19/England/ALDP-12DA152/2021	2021-02-17	United Kingdom	genome	unknown	B.1.1.7	Alpha
4241	hCoV-19/Wales/PHWC-4D209A/2021	2021-02-17	United Kingdom	genome	unknown	B.1.1.7	Alpha
4242	hCoV-19/Wales/PHWC-4D1857/2021	2021-02-17	United Kingdom	genome	unknown	B.1.1.7	Alpha
4243	hCoV-19/Wales/PHWC-4D116B/2021	2021-02-17	United Kingdom	genome	unknown	B.1.1.7	Alpha
4244	hCoV-19/Wales/PHWC-4D1DA3/2021	2021-02-17	United Kingdom	genome	unknown	B.1.1.7	Alpha
4245	hCoV-19/England/QEUH-12C4470/2021	2021-02-17	United Kingdom	genome	unknown	B.1.1.7	Alpha
4246	hCoV-19/England/QEUH-12C45C8/2021	2021-02-17	United Kingdom	genome	unknown	B.1.1.7	Alpha
4247	hCoV-19/England/QEUH-12C448F/2021	2021-02-17	United Kingdom	genome	unknown	B.1.1.7	Alpha
4248	hCoV-19/NorthernIreland/RAND-1314391/2021	2021-02-17	United Kingdom	genome	unknown	B.1.1.7	Alpha
4249	hCoV-19/Scotland/QEUH-12C041A/2021	2021-02-17	United Kingdom	genome	unknown	B.1.1.7	Alpha
4250	hCoV-19/Scotland/QEUH-12C02D4/2021	2021-02-17	United Kingdom	genome	unknown	B.1.1.7	Alpha
4251	hCoV-19/Wales/ALDP-12D9DC8/2021	2021-02-17	United Kingdom	genome	unknown	B.1.1.7	Alpha
4252	hCoV-19/England/QEUH-12C13EF/2021	2021-02-17	United Kingdom	genome	unknown	B.1.1.7	Alpha
4253	hCoV-19/England/MILK-12D69E5/2021	2021-02-17	United Kingdom	genome	unknown	B.1.1.7	Alpha
4254	hCoV-19/England/CAMC-12C1C8A/2021	2021-02-17	United Kingdom	genome	unknown	B.1.1.7	Alpha
4255	hCoV-19/England/CAMC-12C19B0/2021	2021-02-17	United Kingdom	genome	unknown	B.1.1.7	Alpha
4256	hCoV-19/England/MILK-12CCAB2/2021	2021-02-17	United Kingdom	genome	unknown	B.1.1.7	Alpha
4257	hCoV-19/England/MILK-12CC41E/2021	2021-02-17	United Kingdom	genome	unknown	B.1.1.7	Alpha
4258	hCoV-19/England/QEUH-12C43DD/2021	2021-02-17	United Kingdom	genome	unknown	B.1.1.7	Alpha
4259	hCoV-19/England/MILK-12D5218/2021	2021-02-17	United Kingdom	genome	unknown	B.1.1.7	Alpha
4260	hCoV-19/England/MILK-12D50C3/2021	2021-02-17	United Kingdom	genome	unknown	B.1.1.7	Alpha
4261	hCoV-19/England/OXON-F6EE70/2021	2021-02-17	United Kingdom	genome	unknown	B.1.1.7	Alpha
4262	hCoV-19/Wales/ALDP-12D92E7/2021	2021-02-17	United Kingdom	genome	unknown	B.1.1.7	Alpha
4263	hCoV-19/England/CAMC-12C222D/2021	2021-02-17	United Kingdom	genome	unknown	B.1.1.7	Alpha
4264	hCoV-19/England/MILK-12CCB28/2021	2021-02-17	United Kingdom	genome	unknown	B.1.1.7	Alpha
4265	hCoV-19/England/MILK-12CC7BB/2021	2021-02-17	United Kingdom	genome	unknown	B.1.1.7	Alpha
4266	hCoV-19/England/MILK-12CC8A9/2021	2021-02-17	United Kingdom	genome	unknown	B.1.1.7	Alpha
4267	hCoV-19/England/MILK-12CC9F1/2021	2021-02-17	United Kingdom	genome	unknown	B.1.1.7	Alpha
4268	hCoV-19/England/QEUH-12C953C/2021	2021-02-18	United Kingdom	genome	unknown	B.1.1.7	Alpha
4269	hCoV-19/England/CAMB-AA4FE9/2021	2021-02-18	United Kingdom	genome	unknown	B.1.1.7	Alpha
4270	hCoV-19/England/ALDP-12DA143/2021	2021-02-18	United Kingdom	genome	unknown	B.1.1.7	Alpha
4271	hCoV-19/England/ALDP-12DA19E/2021	2021-02-18	United Kingdom	genome	unknown	B.1.1.7	Alpha
4272	hCoV-19/England/CAMC-12CA067/2021	2021-02-18	United Kingdom	genome	unknown	B.1.1.7	Alpha
4273	hCoV-19/England/ALDP-12EBDE1/2021	2021-02-18	United Kingdom	genome	unknown	B.1.1.7	Alpha
4274	hCoV-19/England/ALDP-12EBF72/2021	2021-02-18	United Kingdom	genome	unknown	B.1.1.7	Alpha
4275	hCoV-19/England/MILK-12ED7C3/2021	2021-02-18	United Kingdom	genome	unknown	B.1.1.7	Alpha
4276	hCoV-19/England/ALDP-13088A0/2021	2021-02-18	United Kingdom	genome	unknown	B.1.1.7	Alpha
4277	hCoV-19/England/QEUH-12D3D46/2021	2021-02-18	United Kingdom	genome	unknown	B.1.1.7	Alpha
4278	hCoV-19/Wales/ALDP-12EB015/2021	2021-02-18	United Kingdom	genome	unknown	B.1.1.7	Alpha
4279	hCoV-19/England/ALDP-130898F/2021	2021-02-18	United Kingdom	genome	unknown	B.1.1.7	Alpha
4280	hCoV-19/England/ALDP-12DA811/2021	2021-02-18	United Kingdom	genome	unknown	B.1.1.7	Alpha
4281	hCoV-19/England/ALDP-12D986D/2021	2021-02-18	United Kingdom	genome	unknown	B.1.1.7	Alpha
4282	hCoV-19/England/ALDP-12D9821/2021	2021-02-18	United Kingdom	genome	unknown	B.1.1.7	Alpha
4283	hCoV-19/England/CAMC-12C9E04/2021	2021-02-18	United Kingdom	genome	unknown	B.1.1.7	Alpha
4284	hCoV-19/England/CAMC-12C79E7/2021	2021-02-18	United Kingdom	genome	unknown	B.1.1.7	Alpha
4285	hCoV-19/Wales/PHWC-4D3011/2021	2021-02-18	United Kingdom	genome	unknown	B.1.1.7	Alpha
4286	hCoV-19/England/RAND-144FF3E/2021	2021-02-18	United Kingdom	genome	unknown	B.1.1.7	Alpha
4287	hCoV-19/England/ALDP-1308CD1/2021	2021-02-18	United Kingdom	genome	unknown	B.1.1.7	Alpha
4288	hCoV-19/England/ALDP-12EAFEC/2021	2021-02-18	United Kingdom	genome	unknown	B.1.1.7	Alpha
4289	hCoV-19/England/MILK-12ECF62/2021	2021-02-18	United Kingdom	genome	unknown	B.1.1.7	Alpha
4290	hCoV-19/England/CAMC-12D4AA8/2021	2021-02-18	United Kingdom	genome	unknown	B.1.1.7	Alpha
4291	hCoV-19/England/CAMC-12D413A/2021	2021-02-18	United Kingdom	genome	unknown	B.1.1.7	Alpha
4292	hCoV-19/England/ALDP-12EB07F/2021	2021-02-18	United Kingdom	genome	unknown	B.1.1.7	Alpha
4293	hCoV-19/England/QEUH-12C997C/2021	2021-02-18	United Kingdom	genome	unknown	B.1.1.7	Alpha
4294	hCoV-19/England/ALDP-12DB82F/2021	2021-02-18	United Kingdom	genome	unknown	B.1.1.7	Alpha
4295	hCoV-19/Scotland/EDB16258/2021	2021-02-18	United Kingdom	genome	unknown	B.1.1.7	Alpha
4296	hCoV-19/England/PORT-2F011D/2021	2021-02-18	United Kingdom	genome	unknown	B.1.1.7	Alpha
4297	hCoV-19/England/QEUH-12D07A5/2021	2021-02-18	United Kingdom	genome	unknown	B.1.1.7	Alpha
4298	hCoV-19/England/QEUH-12C8EE7/2021	2021-02-18	United Kingdom	genome	unknown	B.1.1.7	Alpha
4299	hCoV-19/Scotland/QEUH-12C8E23/2021	2021-02-18	United Kingdom	genome	unknown	B.1.1.7	Alpha
4300	hCoV-19/England/CAMB-AA3269/2021	2021-02-18	United Kingdom	genome	unknown	B.1.1.7	Alpha
4301	hCoV-19/Scotland/QEUH-12C8816/2021	2021-02-18	United Kingdom	genome	unknown	B.1.1.7	Alpha
4302	hCoV-19/Scotland/QEUH-12C8A98/2021	2021-02-18	United Kingdom	genome	unknown	B.1.1.7	Alpha
4303	hCoV-19/Wales/PHWC-4D1013/2021	2021-02-18	United Kingdom	genome	unknown	B.1.1.7	Alpha
4304	hCoV-19/Scotland/QEUH-12C7E8E/2021	2021-02-18	United Kingdom	genome	unknown	B.1.1.7	Alpha
4305	hCoV-19/England/ALDP-12EBD3C/2021	2021-02-19	United Kingdom	genome	unknown	B.1.1.7	Alpha
4306	hCoV-19/England/MILK-12ECA52/2021	2021-02-19	United Kingdom	genome	unknown	B.1.1.7	Alpha
4307	hCoV-19/England/ALDP-1308D29/2021	2021-02-19	United Kingdom	genome	unknown	B.1.1.7	Alpha
4308	hCoV-19/England/MILK-12EC7E2/2021	2021-02-19	United Kingdom	genome	unknown	B.1.1.7	Alpha
4309	hCoV-19/England/CAMC-12D4E8E/2021	2021-02-19	United Kingdom	genome	unknown	B.1.1.7	Alpha
4310	hCoV-19/England/CAMC-134DD19/2021	2021-02-19	United Kingdom	genome	unknown	B.1.1.7	Alpha
4311	hCoV-19/England/SHEF-10CCF5B/2021	2021-02-19	United Kingdom	genome	unknown	B.1.1.7	Alpha
4312	hCoV-19/England/CAMC-12D4343/2021	2021-02-19	United Kingdom	genome	unknown	B.1.1.7	Alpha
4313	hCoV-19/England/CAMB-AA36E5/2021	2021-02-19	United Kingdom	genome	unknown	B.1.1.7	Alpha
4314	hCoV-19/England/QEUH-12DDFEC/2021	2021-02-19	United Kingdom	genome	unknown	B.1.1.7	Alpha
4315	hCoV-19/England/QEUH-12E544C/2021	2021-02-19	United Kingdom	genome	unknown	B.1.1.7	Alpha
4316	hCoV-19/NorthernIreland/RAND-1450125/2021	2021-02-19	United Kingdom	genome	unknown	B.1.1.7	Alpha
4317	hCoV-19/England/MILK-12F6FCF/2021	2021-02-19	United Kingdom	genome	unknown	B.1.1.7	Alpha
4318	hCoV-19/England/RAND-145CF01/2021	2021-02-19	United Kingdom	genome	unknown	B.1.1.7	Alpha
4319	hCoV-19/England/MILK-12F6ED1/2021	2021-02-19	United Kingdom	genome	unknown	B.1.1.7	Alpha
4320	hCoV-19/England/MILK-12F6B61/2021	2021-02-19	United Kingdom	genome	unknown	B.1.1.7	Alpha
4321	hCoV-19/England/MILK-12F6EFF/2021	2021-02-19	United Kingdom	genome	unknown	B.1.1.7	Alpha
4322	hCoV-19/England/QEUH-12E537C/2021	2021-02-19	United Kingdom	genome	unknown	B.1.1.7	Alpha
4323	hCoV-19/England/QEUH-12D3951/2021	2021-02-19	United Kingdom	genome	unknown	B.1.1.7	Alpha
4324	hCoV-19/England/QEUH-12D3E34/2021	2021-02-19	United Kingdom	genome	unknown	B.1.1.7	Alpha
4325	hCoV-19/NorthernIreland/RAND-145CC19/2021	2021-02-19	United Kingdom	genome	unknown	B.1.1.7	Alpha
4326	hCoV-19/England/QEUH-12D3DCE/2021	2021-02-19	United Kingdom	genome	unknown	B.1.1.7	Alpha
4327	hCoV-19/England/ALDP-12EC69A/2021	2021-02-19	United Kingdom	genome	unknown	B.1.1.7	Alpha
4328	hCoV-19/England/ALDP-12EC445/2021	2021-02-19	United Kingdom	genome	unknown	B.1.1.7	Alpha
4329	hCoV-19/England/ALDP-130C01D/2021	2021-02-19	United Kingdom	genome	unknown	B.1.1.7	Alpha
4330	hCoV-19/England/ALDP-1306909/2021	2021-02-19	United Kingdom	genome	unknown	B.1.1.7	Alpha
4331	hCoV-19/England/ALDP-1305005/2021	2021-02-19	United Kingdom	genome	unknown	B.1.1.7	Alpha
4332	hCoV-19/England/ALDP-1304F18/2021	2021-02-19	United Kingdom	genome	unknown	B.1.1.7	Alpha
4333	hCoV-19/Scotland/QEUH-12D3414/2021	2021-02-19	United Kingdom	genome	unknown	B.1.1.7	Alpha
4334	hCoV-19/Scotland/QEUH-12D398E/2021	2021-02-19	United Kingdom	genome	unknown	B.1.1.7	Alpha
4335	hCoV-19/Scotland/QEUH-12D3AE5/2021	2021-02-19	United Kingdom	genome	unknown	B.1.1.7	Alpha
4336	hCoV-19/England/MILK-12ED550/2021	2021-02-20	United Kingdom	genome	unknown	B.1.1.7	Alpha
4337	hCoV-19/England/MILK-1304631/2021	2021-02-20	United Kingdom	genome	unknown	B.1.1.7	Alpha
4338	hCoV-19/England/CAMC-12D4DFA/2021	2021-02-20	United Kingdom	genome	unknown	B.1.1.7	Alpha
4339	hCoV-19/England/MILK-13494EB/2021	2021-02-20	United Kingdom	genome	unknown	B.1.1.7	Alpha
4340	hCoV-19/England/CAMC-12D4817/2021	2021-02-20	United Kingdom	genome	unknown	B.1.1.7	Alpha
4341	hCoV-19/England/PORT-2F060F/2021	2021-02-20	United Kingdom	genome	unknown	B.1.1.7	Alpha
4342	hCoV-19/England/CAMC-12D4158/2021	2021-02-20	United Kingdom	genome	unknown	B.1.1.7	Alpha
4343	hCoV-19/England/MILK-12ED6B7/2021	2021-02-20	United Kingdom	genome	unknown	B.1.1.7	Alpha
4344	hCoV-19/Scotland/QEUH-12FBCE1/2021	2021-02-20	United Kingdom	genome	unknown	B.1.1.7	Alpha
4345	hCoV-19/Wales/PHWC-4D2A23/2021	2021-02-20	United Kingdom	genome	unknown	B.1.1.7	Alpha
4346	hCoV-19/England/BIRM-BCBUCF/2021	2021-02-20	United Kingdom	genome	unknown	B.1.1.7	Alpha
4347	hCoV-19/England/ALDP-1315F05/2021	2021-02-20	United Kingdom	genome	unknown	B.1.1.7	Alpha
4348	hCoV-19/England/ALDP-131A03A/2021	2021-02-20	United Kingdom	genome	unknown	B.1.1.7	Alpha
4349	hCoV-19/England/QEUH-12E6CE9/2021	2021-02-20	United Kingdom	genome	unknown	B.1.1.7	Alpha
4350	hCoV-19/England/CAMC-139B3DE/2021	2021-02-20	United Kingdom	genome	unknown	B.1.1.7	Alpha
4351	hCoV-19/Scotland/QEUH-12DE6F5/2021	2021-02-20	United Kingdom	genome	unknown	B.1.1.7	Alpha
4352	hCoV-19/England/ALDP-1309317/2021	2021-02-20	United Kingdom	genome	unknown	B.1.1.7	Alpha
4353	hCoV-19/England/QEUH-12E56FB/2021	2021-02-20	United Kingdom	genome	unknown	B.1.1.7	Alpha
4354	hCoV-19/England/ALDP-130C772/2021	2021-02-20	United Kingdom	genome	unknown	B.1.1.7	Alpha
4355	hCoV-19/England/ALDP-130C763/2021	2021-02-20	United Kingdom	genome	unknown	B.1.1.7	Alpha
4356	hCoV-19/Scotland/QEUH-12E7BBE/2021	2021-02-20	United Kingdom	genome	unknown	B.1.1.7	Alpha
4357	hCoV-19/England/CAMC-12DFB5F/2021	2021-02-20	United Kingdom	genome	unknown	B.1.1.7	Alpha
4358	hCoV-19/Scotland/QEUH-12FBB6C/2021	2021-02-20	United Kingdom	genome	unknown	B.1.1.7	Alpha
4359	hCoV-19/Scotland/QEUH-12E7BFA/2021	2021-02-20	United Kingdom	genome	unknown	B.1.1.7	Alpha
4360	hCoV-19/England/MILK-130D0D0/2021	2021-02-20	United Kingdom	genome	unknown	B.1.1.7	Alpha
4361	hCoV-19/England/ALDP-13051E4/2021	2021-02-20	United Kingdom	genome	unknown	B.1.1.7	Alpha
4362	hCoV-19/Scotland/QEUH-12FBA05/2021	2021-02-20	United Kingdom	genome	unknown	B.1.1.7	Alpha
4363	hCoV-19/England/QEUH-12E7DE5/2021	2021-02-20	United Kingdom	genome	unknown	B.1.1.7	Alpha
4364	hCoV-19/England/ALDP-13063A1/2021	2021-02-20	United Kingdom	genome	unknown	B.1.1.7	Alpha
4365	hCoV-19/Scotland/QEUH-12E7BCD/2021	2021-02-20	United Kingdom	genome	unknown	B.1.1.7	Alpha
4366	hCoV-19/Wales/ALDP-13069DC/2021	2021-02-20	United Kingdom	genome	unknown	B.1.1.7	Alpha
4367	hCoV-19/England/QEUH-12EE70E/2021	2021-02-20	United Kingdom	genome	unknown	B.1.1.7	Alpha
4368	hCoV-19/England/QEUH-12E6CAD/2021	2021-02-20	United Kingdom	genome	unknown	B.1.1.7	Alpha
4369	hCoV-19/England/QEUH-12EE5E6/2021	2021-02-20	United Kingdom	genome	unknown	B.1.1.7	Alpha
4370	hCoV-19/England/ALDP-130B45E/2021	2021-02-20	United Kingdom	genome	unknown	B.1.1.7	Alpha
4371	hCoV-19/England/QEUH-12E7EC4/2021	2021-02-20	United Kingdom	genome	unknown	B.1.1.7	Alpha
4372	hCoV-19/England/ALDP-1306198/2021	2021-02-20	United Kingdom	genome	unknown	B.1.1.7	Alpha
4373	hCoV-19/England/CAMC-130EA68/2021	2021-02-20	United Kingdom	genome	unknown	B.1.1.7	Alpha
4374	hCoV-19/England/QEUH-1310AFA/2021	2021-02-21	United Kingdom	genome	unknown	B.1.1.7	Alpha
4375	hCoV-19/Wales/PHWC-4D2BE4/2021	2021-02-21	United Kingdom	genome	unknown	B.1.1.7	Alpha
4376	hCoV-19/England/QEUH-1310CF4/2021	2021-02-21	United Kingdom	genome	unknown	B.1.1.7	Alpha
4377	hCoV-19/England/QEUH-12FC64C/2021	2021-02-21	United Kingdom	genome	unknown	B.1.1.7	Alpha
4378	hCoV-19/England/CAMC-13950FB/2021	2021-02-21	United Kingdom	genome	unknown	B.1.1.7	Alpha
4379	hCoV-19/England/LOND-132BA83/2021	2021-02-21	United Kingdom	genome	unknown	B.1.1.7	Alpha
4380	hCoV-19/England/CAMC-139C8ED/2021	2021-02-21	United Kingdom	genome	unknown	B.1.1.7	Alpha
4381	hCoV-19/England/MILK-1304507/2021	2021-02-21	United Kingdom	genome	unknown	B.1.1.7	Alpha
4382	hCoV-19/England/PHEC-2FCB7D/2021	2021-02-21	United Kingdom	genome	unknown	B.1.1.7	Alpha
4383	hCoV-19/England/MILK-1308309/2021	2021-02-21	United Kingdom	genome	unknown	B.1.1.7	Alpha
4384	hCoV-19/England/CAMC-130EF96/2021	2021-02-21	United Kingdom	genome	unknown	B.1.1.7	Alpha
4385	hCoV-19/England/QEUH-12E90F9/2021	2021-02-21	United Kingdom	genome	unknown	B.1.1.7	Alpha
4386	hCoV-19/England/QEUH-12FD12C/2021	2021-02-21	United Kingdom	genome	unknown	B.1.1.7	Alpha
4387	hCoV-19/England/ALDP-13053FD/2021	2021-02-21	United Kingdom	genome	unknown	B.1.1.7	Alpha
4388	hCoV-19/England/ALDP-1301E2D/2021	2021-02-21	United Kingdom	genome	unknown	B.1.1.7	Alpha
4389	hCoV-19/England/ALDP-1302B8F/2021	2021-02-21	United Kingdom	genome	unknown	B.1.1.7	Alpha
4390	hCoV-19/England/MILK-13082B1/2021	2021-02-21	United Kingdom	genome	unknown	B.1.1.7	Alpha
4391	hCoV-19/England/ALDP-13090C5/2021	2021-02-21	United Kingdom	genome	unknown	B.1.1.7	Alpha
4392	hCoV-19/England/ALDP-1309010/2021	2021-02-21	United Kingdom	genome	unknown	B.1.1.7	Alpha
4393	hCoV-19/England/ALDP-131A2CB/2021	2021-02-21	United Kingdom	genome	unknown	B.1.1.7	Alpha
4394	hCoV-19/England/MILK-13150F3/2021	2021-02-21	United Kingdom	genome	unknown	B.1.1.7	Alpha
4395	hCoV-19/England/ALDP-1315C3B/2021	2021-02-21	United Kingdom	genome	unknown	B.1.1.7	Alpha
4396	hCoV-19/England/QEUH-12FDDFB/2021	2021-02-21	United Kingdom	genome	unknown	B.1.1.7	Alpha
4397	hCoV-19/England/QEUH-12FC794/2021	2021-02-21	United Kingdom	genome	unknown	B.1.1.7	Alpha
4398	hCoV-19/England/QEUH-12E9150/2021	2021-02-21	United Kingdom	genome	unknown	B.1.1.7	Alpha
4399	hCoV-19/England/PHWC-4D4B1F/2021	2021-02-21	United Kingdom	genome	unknown	B.1.1.7	Alpha
4400	hCoV-19/England/PHWC-4D2A9C/2021	2021-02-21	United Kingdom	genome	unknown	B.1.1.7	Alpha
4401	hCoV-19/England/CAMC-13950DD/2021	2021-02-21	United Kingdom	genome	unknown	B.1.1.7	Alpha
4402	hCoV-19/England/CAMC-135AD64/2021	2021-02-21	United Kingdom	genome	unknown	B.1.1.7	Alpha
4403	hCoV-19/Scotland/EDB16092/2021	2021-02-21	United Kingdom	genome	unknown	B.1.1.7	Alpha
4404	hCoV-19/England/PHWC-4D362E/2021	2021-02-21	United Kingdom	genome	unknown	B.1.1.7	Alpha
4405	hCoV-19/England/QEUH-12E8661/2021	2021-02-21	United Kingdom	genome	unknown	B.1.1.7	Alpha
4406	hCoV-19/England/ALDP-131A8F6/2021	2021-02-21	United Kingdom	genome	unknown	B.1.1.7	Alpha
4407	hCoV-19/England/QEUH-12FD3F9/2021	2021-02-21	United Kingdom	genome	unknown	B.1.1.7	Alpha
4408	hCoV-19/England/ALDP-1315B10/2021	2021-02-21	United Kingdom	genome	unknown	B.1.1.7	Alpha
4409	hCoV-19/Wales/PHWC-4D4BC4/2021	2021-02-21	United Kingdom	genome	unknown	B.1.1.7	Alpha
4410	hCoV-19/England/BIRM-BCYAJE/2021	2021-02-21	United Kingdom	genome	unknown	B.1.1.7	Alpha
4411	hCoV-19/England/QEUH-12FC5F4/2021	2021-02-21	United Kingdom	genome	unknown	B.1.1.7	Alpha
4412	hCoV-19/England/CAMC-12DF66D/2021	2021-02-21	United Kingdom	genome	unknown	B.1.1.7	Alpha
4413	hCoV-19/England/QEUH-12E9AEC/2021	2021-02-21	United Kingdom	genome	unknown	B.1.1.7	Alpha
4414	hCoV-19/England/MILK-1305515/2021	2021-02-21	United Kingdom	genome	unknown	B.1.1.7	Alpha
4415	hCoV-19/England/CAMC-12DF375/2021	2021-02-21	United Kingdom	genome	unknown	B.1.1.7	Alpha
4416	hCoV-19/England/CAMC-1347580/2021	2021-02-21	United Kingdom	genome	unknown	B.1.1.7	Alpha
4417	hCoV-19/Scotland/QEUH-12E89A4/2021	2021-02-21	United Kingdom	genome	unknown	B.1.1.7	Alpha
4418	hCoV-19/Scotland/QEUH-12E70EC/2021	2021-02-21	United Kingdom	genome	unknown	B.1.1.7	Alpha
4419	hCoV-19/Scotland/QEUH-12E70FB/2021	2021-02-21	United Kingdom	genome	unknown	B.1.1.7	Alpha
4420	hCoV-19/England/QEUH-12E7FA3/2021	2021-02-21	United Kingdom	genome	unknown	B.1.1.7	Alpha
4421	hCoV-19/England/MILK-1308336/2021	2021-02-21	United Kingdom	genome	unknown	B.1.1.7	Alpha
4422	hCoV-19/England/CAMC-130EE4E/2021	2021-02-21	United Kingdom	genome	unknown	B.1.1.7	Alpha
4423	hCoV-19/Wales/PHWC-4D4168/2021	2021-02-21	United Kingdom	genome	unknown	B.1.1.7	Alpha
4424	hCoV-19/Scotland/QEUH-12FD748/2021	2021-02-21	United Kingdom	genome	unknown	B.1.1.7	Alpha
4425	hCoV-19/Scotland/QEUH-12E80BE/2021	2021-02-21	United Kingdom	genome	unknown	B.1.1.7	Alpha
4426	hCoV-19/England/QEUH-12FB6E3/2021	2021-02-21	United Kingdom	genome	unknown	B.1.1.7	Alpha
4427	hCoV-19/Wales/PHWC-4D47A2/2021	2021-02-22	United Kingdom	genome	unknown	B.1.1.7	Alpha
4428	hCoV-19/Wales/PHWC-4D447E/2021	2021-02-22	United Kingdom	genome	unknown	B.1.1.7	Alpha
4429	hCoV-19/Wales/PHWC-4D41B3/2021	2021-02-22	United Kingdom	genome	unknown	B.1.1.7	Alpha
4430	hCoV-19/England/QEUH-1300F67/2021	2021-02-22	United Kingdom	genome	unknown	B.1.1.7	Alpha
4431	hCoV-19/England/CAMC-12EA429/2021	2021-02-22	United Kingdom	genome	unknown	B.1.1.7	Alpha
4432	hCoV-19/England/CAMC-12EA438/2021	2021-02-22	United Kingdom	genome	unknown	B.1.1.7	Alpha
4433	hCoV-19/England/CAMC-12EA122/2021	2021-02-22	United Kingdom	genome	unknown	B.1.1.7	Alpha
4434	hCoV-19/England/MILK-1322B6B/2021	2021-02-22	United Kingdom	genome	unknown	B.1.1.7	Alpha
4435	hCoV-19/England/MILK-1322A31/2021	2021-02-22	United Kingdom	genome	unknown	B.1.1.7	Alpha
4436	hCoV-19/England/QEUH-1300750/2021	2021-02-22	United Kingdom	genome	unknown	B.1.1.7	Alpha
4437	hCoV-19/England/BIRM-BCYRA7/2021	2021-02-22	United Kingdom	genome	unknown	B.1.1.7	Alpha
4438	hCoV-19/England/CAMC-13818EB/2021	2021-02-22	United Kingdom	genome	unknown	B.1.1.7	Alpha
4439	hCoV-19/Scotland/QEUH-1312991/2021	2021-02-22	United Kingdom	genome	unknown	B.1.1.7	Alpha
4440	hCoV-19/Scotland/QEUH-130F86D/2021	2021-02-22	United Kingdom	genome	unknown	B.1.1.7	Alpha
4441	hCoV-19/England/BRIS-26327C/2021	2021-02-22	United Kingdom	genome	unknown	B.1.1.7	Alpha
4442	hCoV-19/England/QEUH-13001BC/2021	2021-02-22	United Kingdom	genome	unknown	B.1.1.7	Alpha
4443	hCoV-19/England/ALDP-131563D/2021	2021-02-22	United Kingdom	genome	unknown	B.1.1.7	Alpha
4444	hCoV-19/England/ALDP-131945D/2021	2021-02-22	United Kingdom	genome	unknown	B.1.1.7	Alpha
4445	hCoV-19/England/ALDP-1315FAB/2021	2021-02-22	United Kingdom	genome	unknown	B.1.1.7	Alpha
4446	hCoV-19/Wales/ALDP-1319736/2021	2021-02-22	United Kingdom	genome	unknown	B.1.1.7	Alpha
4447	hCoV-19/England/ALDP-1319763/2021	2021-02-22	United Kingdom	genome	unknown	B.1.1.7	Alpha
4448	hCoV-19/Scotland/QEUH-130F830/2021	2021-02-22	United Kingdom	genome	unknown	B.1.1.7	Alpha
4449	hCoV-19/Scotland/QEUH-1301AA1/2021	2021-02-22	United Kingdom	genome	unknown	B.1.1.7	Alpha
4450	hCoV-19/England/QEUH-130117F/2021	2021-02-22	United Kingdom	genome	unknown	B.1.1.7	Alpha
4451	hCoV-19/England/ALDP-1325CDE/2021	2021-02-22	United Kingdom	genome	unknown	B.1.1.7	Alpha
4452	hCoV-19/Scotland/QEUH-130F3E4/2021	2021-02-22	United Kingdom	genome	unknown	B.1.1.7	Alpha
4453	hCoV-19/England/MILK-13151F0/2021	2021-02-22	United Kingdom	genome	unknown	B.1.1.7	Alpha
4454	hCoV-19/England/CAMC-12E9F74/2021	2021-02-22	United Kingdom	genome	unknown	B.1.1.7	Alpha
4455	hCoV-19/England/MILK-13215B9/2021	2021-02-22	United Kingdom	genome	unknown	B.1.1.7	Alpha
4456	hCoV-19/England/MILK-1315002/2021	2021-02-22	United Kingdom	genome	unknown	B.1.1.7	Alpha
4457	hCoV-19/England/MILK-1317DAF/2021	2021-02-22	United Kingdom	genome	unknown	B.1.1.7	Alpha
4458	hCoV-19/England/CAMC-13035CC/2021	2021-02-22	United Kingdom	genome	unknown	B.1.1.7	Alpha
4459	hCoV-19/England/CAMC-1359FD8/2021	2021-02-22	United Kingdom	genome	unknown	B.1.1.7	Alpha
4460	hCoV-19/England/ALDP-132447D/2021	2021-02-22	United Kingdom	genome	unknown	B.1.1.7	Alpha
4461	hCoV-19/England/LOND-12F8419/2021	2021-02-22	United Kingdom	genome	unknown	B.1.1.7	Alpha
4462	hCoV-19/England/MILK-131B4C4/2021	2021-02-22	United Kingdom	genome	unknown	B.1.1.7	Alpha
4463	hCoV-19/England/QEUH-131080F/2021	2021-02-22	United Kingdom	genome	unknown	B.1.1.7	Alpha
4464	hCoV-19/England/ALDP-131706A/2021	2021-02-22	United Kingdom	genome	unknown	B.1.1.7	Alpha
4465	hCoV-19/England/QEUH-1310F64/2021	2021-02-22	United Kingdom	genome	unknown	B.1.1.7	Alpha
4466	hCoV-19/England/QEUH-130F3A8/2021	2021-02-22	United Kingdom	genome	unknown	B.1.1.7	Alpha
4467	hCoV-19/England/QEUH-12FE167/2021	2021-02-22	United Kingdom	genome	unknown	B.1.1.7	Alpha
4468	hCoV-19/England/QEUH-12FEE60/2021	2021-02-22	United Kingdom	genome	unknown	B.1.1.7	Alpha
4469	hCoV-19/England/PORT-1E78A04/2021	2021-02-22	United Kingdom	genome	unknown	B.1.1.7	Alpha
4470	hCoV-19/England/CAMC-13957F6/2021	2021-02-23	United Kingdom	genome	unknown	B.1.1.7	Alpha
4471	hCoV-19/England/QEUH-138F847/2021	2021-02-23	United Kingdom	genome	unknown	B.1.1.7	Alpha
4472	hCoV-19/England/CAMC-133FB4D/2021	2021-02-23	United Kingdom	genome	unknown	B.1.1.7	Alpha
4473	hCoV-19/England/QEUH-1327A96/2021	2021-02-23	United Kingdom	genome	unknown	B.1.1.7	Alpha
4474	hCoV-19/England/QEUH-1310C7C/2021	2021-02-23	United Kingdom	genome	unknown	B.1.1.7	Alpha
4475	hCoV-19/England/QEUH-13115CB/2021	2021-02-23	United Kingdom	genome	unknown	B.1.1.7	Alpha
4476	hCoV-19/England/QEUH-131BF1E/2021	2021-02-23	United Kingdom	genome	unknown	B.1.1.7	Alpha
4477	hCoV-19/England/QEUH-131C4D2/2021	2021-02-23	United Kingdom	genome	unknown	B.1.1.7	Alpha
4478	hCoV-19/England/QEUH-131CE5C/2021	2021-02-23	United Kingdom	genome	unknown	B.1.1.7	Alpha
4479	hCoV-19/England/QEUH-131D398/2021	2021-02-23	United Kingdom	genome	unknown	B.1.1.7	Alpha
4480	hCoV-19/England/QEUH-131C40F/2021	2021-02-23	United Kingdom	genome	unknown	B.1.1.7	Alpha
4481	hCoV-19/Wales/PHWC-4D5F5E/2021	2021-02-23	United Kingdom	genome	unknown	B.1.1.7	Alpha
4482	hCoV-19/Scotland/QEUH-13118C2/2021	2021-02-23	United Kingdom	genome	unknown	B.1.1.7	Alpha
4483	hCoV-19/England/ALDP-1320B4F/2021	2021-02-23	United Kingdom	genome	unknown	B.1.1.7	Alpha
4484	hCoV-19/England/ALDP-1320DD0/2021	2021-02-23	United Kingdom	genome	unknown	B.1.1.7	Alpha
4485	hCoV-19/England/ALDP-132F463/2021	2021-02-23	United Kingdom	genome	unknown	B.1.1.7	Alpha
4486	hCoV-19/England/QEUH-1312F35/2021	2021-02-23	United Kingdom	genome	unknown	B.1.1.7	Alpha
4487	hCoV-19/England/QEUH-1311EB1/2021	2021-02-23	United Kingdom	genome	unknown	B.1.1.7	Alpha
4488	hCoV-19/England/QEUH-1312E65/2021	2021-02-23	United Kingdom	genome	unknown	B.1.1.7	Alpha
4489	hCoV-19/England/QEUH-13121C6/2021	2021-02-23	United Kingdom	genome	unknown	B.1.1.7	Alpha
4490	hCoV-19/England/QEUH-131159E/2021	2021-02-23	United Kingdom	genome	unknown	B.1.1.7	Alpha
4491	hCoV-19/England/QEUH-1312393/2021	2021-02-23	United Kingdom	genome	unknown	B.1.1.7	Alpha
4492	hCoV-19/England/QEUH-131BB56/2021	2021-02-23	United Kingdom	genome	unknown	B.1.1.7	Alpha
4493	hCoV-19/England/QEUH-131B707/2021	2021-02-23	United Kingdom	genome	unknown	B.1.1.7	Alpha
4494	hCoV-19/England/CAMC-132348D/2021	2021-02-23	United Kingdom	genome	unknown	B.1.1.7	Alpha
4495	hCoV-19/England/QEUH-131209C/2021	2021-02-23	United Kingdom	genome	unknown	B.1.1.7	Alpha
4496	hCoV-19/England/ALDP-13246FF/2021	2021-02-23	United Kingdom	genome	unknown	B.1.1.7	Alpha
4497	hCoV-19/Scotland/QEUH-13299B5/2021	2021-02-23	United Kingdom	genome	unknown	B.1.1.7	Alpha
4498	hCoV-19/Scotland/QEUH-1312621/2021	2021-02-23	United Kingdom	genome	unknown	B.1.1.7	Alpha
4499	hCoV-19/England/QEUH-13119ED/2021	2021-02-23	United Kingdom	genome	unknown	B.1.1.7	Alpha
4500	hCoV-19/England/QEUH-1311A44/2021	2021-02-23	United Kingdom	genome	unknown	B.1.1.7	Alpha
4501	hCoV-19/England/LOND-132B7C8/2021	2021-02-23	United Kingdom	genome	unknown	B.1.1.7	Alpha
4502	hCoV-19/England/QEUH-131C4A5/2021	2021-02-23	United Kingdom	genome	unknown	B.1.1.7	Alpha
4503	hCoV-19/England/NOTT-251C46/2021	2021-02-23	United Kingdom	genome	unknown	B.1.1.7	Alpha
4504	hCoV-19/England/QEUH-131BF3C/2021	2021-02-23	United Kingdom	genome	unknown	B.1.1.7	Alpha
4505	hCoV-19/Wales/PHWC-4D6649/2021	2021-02-23	United Kingdom	genome	unknown	B.1.1.7	Alpha
4506	hCoV-19/England/QEUH-131C5B1/2021	2021-02-23	United Kingdom	genome	unknown	B.1.1.7	Alpha
4507	hCoV-19/England/MILK-13302CF/2021	2021-02-23	United Kingdom	genome	unknown	B.1.1.7	Alpha
4508	hCoV-19/England/MILK-132547C/2021	2021-02-23	United Kingdom	genome	unknown	B.1.1.7	Alpha
4509	hCoV-19/England/MILK-132552E/2021	2021-02-23	United Kingdom	genome	unknown	B.1.1.7	Alpha
4510	hCoV-19/England/BRIS-262B63/2021	2021-02-23	United Kingdom	genome	unknown	B.1.1.7	Alpha
4511	hCoV-19/England/NOTT-2500F0/2021	2021-02-24	United Kingdom	genome	unknown	B.1.1.7	Alpha
4512	hCoV-19/England/PHEC-2FD2D1/2021	2021-02-24	United Kingdom	genome	unknown	B.1.1.7	Alpha
4513	hCoV-19/Wales/PHWC-4D656A/2021	2021-02-24	United Kingdom	genome	unknown	B.1.1.7	Alpha
4514	hCoV-19/Wales/PHWC-4D66B2/2021	2021-02-24	United Kingdom	genome	unknown	B.1.1.7	Alpha
4515	hCoV-19/England/PHEC-2FCE47/2021	2021-02-24	United Kingdom	genome	unknown	B.1.1.7	Alpha
4516	hCoV-19/England/PHWC-4D5D63/2021	2021-02-24	United Kingdom	genome	unknown	B.1.1.7	Alpha
4517	hCoV-19/England/NORT-1B828B5/2021	2021-02-24	United Kingdom	genome	unknown	B.1.1.7	Alpha
4518	hCoV-19/England/CAMC-133C2D2/2021	2021-02-24	United Kingdom	genome	unknown	B.1.1.7	Alpha
4519	hCoV-19/England/CAMC-135B05B/2021	2021-02-24	United Kingdom	genome	unknown	B.1.1.7	Alpha
4520	hCoV-19/Wales/PHWC-4D5B1E/2021	2021-02-24	United Kingdom	genome	unknown	B.1.1.7	Alpha
4521	hCoV-19/England/CAMC-13291DB/2021	2021-02-24	United Kingdom	genome	unknown	B.1.1.7	Alpha
4522	hCoV-19/England/CAMC-1329320/2021	2021-02-24	United Kingdom	genome	unknown	B.1.1.7	Alpha
4523	hCoV-19/England/QEUH-132952A/2021	2021-02-24	United Kingdom	genome	unknown	B.1.1.7	Alpha
4524	hCoV-19/England/QEUH-1329663/2021	2021-02-24	United Kingdom	genome	unknown	B.1.1.7	Alpha
4525	hCoV-19/England/NORT-1BACBAD/2021	2021-02-24	United Kingdom	genome	unknown	B.1.1.7	Alpha
4526	hCoV-19/England/QEUH-1505A6F/2021	2021-02-24	United Kingdom	genome	unknown	B.1.1.7	Alpha
4527	hCoV-19/England/MILK-133021A/2021	2021-02-24	United Kingdom	genome	unknown	B.1.1.7	Alpha
4528	hCoV-19/England/QEUH-131FAFB/2021	2021-02-24	United Kingdom	genome	unknown	B.1.1.7	Alpha
4529	hCoV-19/England/MILK-132EDE1/2021	2021-02-24	United Kingdom	genome	unknown	B.1.1.7	Alpha
4530	hCoV-19/England/RAND-14334D4/2021	2021-02-24	United Kingdom	genome	unknown	B.1.1.7	Alpha
4531	hCoV-19/Scotland/QEUH-1329D13/2021	2021-02-24	United Kingdom	genome	unknown	B.1.1.7	Alpha
4532	hCoV-19/Scotland/QEUH-132A0EC/2021	2021-02-24	United Kingdom	genome	unknown	B.1.1.7	Alpha
4533	hCoV-19/Scotland/QEUH-131F1E7/2021	2021-02-24	United Kingdom	genome	unknown	B.1.1.7	Alpha
4534	hCoV-19/England/QEUH-131FF38/2021	2021-02-24	United Kingdom	genome	unknown	B.1.1.7	Alpha
4535	hCoV-19/Scotland/QEUH-131F4DF/2021	2021-02-24	United Kingdom	genome	unknown	B.1.1.7	Alpha
4536	hCoV-19/Scotland/QEUH-131F34B/2021	2021-02-24	United Kingdom	genome	unknown	B.1.1.7	Alpha
4537	hCoV-19/England/MILK-132F0D8/2021	2021-02-24	United Kingdom	genome	unknown	B.1.1.7	Alpha
4538	hCoV-19/England/MILK-132EC20/2021	2021-02-24	United Kingdom	genome	unknown	B.1.1.7	Alpha
4539	hCoV-19/England/MILK-132FDD1/2021	2021-02-24	United Kingdom	genome	unknown	B.1.1.7	Alpha
4540	hCoV-19/England/QEUH-131FBAD/2021	2021-02-24	United Kingdom	genome	unknown	B.1.1.7	Alpha
4541	hCoV-19/England/CAMC-133FF9C/2021	2021-02-24	United Kingdom	genome	unknown	B.1.1.7	Alpha
4542	hCoV-19/England/CAMC-133F794/2021	2021-02-24	United Kingdom	genome	unknown	B.1.1.7	Alpha
4543	hCoV-19/England/SHEF-10CDF2D/2021	2021-02-24	United Kingdom	genome	unknown	B.1.1.7	Alpha
4544	hCoV-19/England/MILK-1343DC8/2021	2021-02-24	United Kingdom	genome	unknown	B.1.1.7	Alpha
4545	hCoV-19/England/QEUH-131F1AB/2021	2021-02-24	United Kingdom	genome	unknown	B.1.1.7	Alpha
4546	hCoV-19/England/CAMC-133FE80/2021	2021-02-24	United Kingdom	genome	unknown	B.1.1.7	Alpha
4547	hCoV-19/England/BRIS-26328B/2021	2021-02-24	United Kingdom	genome	unknown	B.1.1.7	Alpha
4548	hCoV-19/Scotland/EDB16070/2021	2021-02-24	United Kingdom	genome	unknown	B.1.1.7	Alpha
4549	hCoV-19/England/QEUH-131ECBA/2021	2021-02-24	United Kingdom	genome	unknown	B.1.1.7	Alpha
4550	hCoV-19/England/QEUH-131E93B/2021	2021-02-24	United Kingdom	genome	unknown	B.1.1.7	Alpha
4551	hCoV-19/England/CAMC-13592B1/2021	2021-02-25	United Kingdom	genome	unknown	B.1.1.7	Alpha
4552	hCoV-19/England/ALDP-1344161/2021	2021-02-25	United Kingdom	genome	unknown	B.1.1.7	Alpha
4553	hCoV-19/England/ALDP-133F0B7/2021	2021-02-25	United Kingdom	genome	unknown	B.1.1.7	Alpha
4554	hCoV-19/Scotland/QEUH-132AA84/2021	2021-02-25	United Kingdom	genome	unknown	B.1.1.7	Alpha
4555	hCoV-19/England/ALDP-1343FE0/2021	2021-02-25	United Kingdom	genome	unknown	B.1.1.7	Alpha
4556	hCoV-19/England/ALDP-1344028/2021	2021-02-25	United Kingdom	genome	unknown	B.1.1.7	Alpha
4557	hCoV-19/England/MILK-134CAE6/2021	2021-02-25	United Kingdom	genome	unknown	B.1.1.7	Alpha
4558	hCoV-19/NorthernIreland/RAND-1432CA0/2021	2021-02-25	United Kingdom	genome	unknown	B.1.1.7	Alpha
4559	hCoV-19/NorthernIreland/RAND-1432E8C/2021	2021-02-25	United Kingdom	genome	unknown	B.1.1.7	Alpha
4560	hCoV-19/England/QEUH-1333DF8/2021	2021-02-25	United Kingdom	genome	unknown	B.1.1.7	Alpha
4561	hCoV-19/England/QEUH-13349F3/2021	2021-02-25	United Kingdom	genome	unknown	B.1.1.7	Alpha
4562	hCoV-19/England/RAND-1432FF2/2021	2021-02-25	United Kingdom	genome	unknown	B.1.1.7	Alpha
4563	hCoV-19/England/QEUH-1360879/2021	2021-02-25	United Kingdom	genome	unknown	B.1.1.7	Alpha
4564	hCoV-19/England/CAMC-1348561/2021	2021-02-25	United Kingdom	genome	unknown	B.1.1.7	Alpha
4565	hCoV-19/England/ALDP-133DD0D/2021	2021-02-25	United Kingdom	genome	unknown	B.1.1.7	Alpha
4566	hCoV-19/England/MILK-134AAAC/2021	2021-02-25	United Kingdom	genome	unknown	B.1.1.7	Alpha
4567	hCoV-19/England/ALDP-133EF51/2021	2021-02-25	United Kingdom	genome	unknown	B.1.1.7	Alpha
4568	hCoV-19/England/ALDP-133EDA2/2021	2021-02-25	United Kingdom	genome	unknown	B.1.1.7	Alpha
4569	hCoV-19/England/MILK-134CE71/2021	2021-02-25	United Kingdom	genome	unknown	B.1.1.7	Alpha
4570	hCoV-19/England/ALDP-133F55E/2021	2021-02-25	United Kingdom	genome	unknown	B.1.1.7	Alpha
4571	hCoV-19/England/ALDP-1340B3A/2021	2021-02-25	United Kingdom	genome	unknown	B.1.1.7	Alpha
4572	hCoV-19/Wales/PHWC-4D6791/2021	2021-02-25	United Kingdom	genome	unknown	B.1.1.7	Alpha
4573	hCoV-19/England/210901112/2021	2021-02-25	United Kingdom	genome	Male	B.1.1.7	Alpha
4574	hCoV-19/England/QEUH-132B41C/2021	2021-02-25	United Kingdom	genome	unknown	B.1.1.7	Alpha
4575	hCoV-19/England/QEUH-132BB53/2021	2021-02-25	United Kingdom	genome	unknown	B.1.1.7	Alpha
4576	hCoV-19/England/QEUH-132BF48/2021	2021-02-25	United Kingdom	genome	unknown	B.1.1.7	Alpha
4577	hCoV-19/England/BRIS-263D5D/2021	2021-02-25	United Kingdom	genome	unknown	B.1.1.7	Alpha
4578	hCoV-19/NorthernIreland/NIRE-0002bd/2021	2021-02-25	United Kingdom	genome	unknown	B.1.1.7	Alpha
4579	hCoV-19/England/CAMC-133C0AB/2021	2021-02-25	United Kingdom	genome	unknown	B.1.1.7	Alpha
4580	hCoV-19/Wales/PHWC-4D6DCC/2021	2021-02-25	United Kingdom	genome	unknown	B.1.1.7	Alpha
4581	hCoV-19/Wales/PHWC-4D72DB/2021	2021-02-25	United Kingdom	genome	unknown	B.1.1.7	Alpha
4582	hCoV-19/Wales/PHWC-4D72EA/2021	2021-02-25	United Kingdom	genome	unknown	B.1.1.7	Alpha
4583	hCoV-19/NorthernIreland/NIRE-0002c2/2021	2021-02-25	United Kingdom	genome	unknown	B.1.1.7	Alpha
4584	hCoV-19/England/OXON-F78CA6/2021	2021-02-25	United Kingdom	genome	unknown	B.1.1.7	Alpha
4585	hCoV-19/England/CAMC-133C22D/2021	2021-02-25	United Kingdom	genome	unknown	B.1.1.7	Alpha
4586	hCoV-19/NorthernIreland/NIRE-000438/2021	2021-02-25	United Kingdom	genome	unknown	B.1.1.7	Alpha
4587	hCoV-19/NorthernIreland/NIRE-00034e/2021	2021-02-25	United Kingdom	genome	unknown	B.1.1.7	Alpha
4588	hCoV-19/NorthernIreland/NIRE-00046c/2021	2021-02-25	United Kingdom	genome	unknown	B.1.1.7	Alpha
4589	hCoV-19/NorthernIreland/NIRE-0004f5/2021	2021-02-25	United Kingdom	genome	unknown	B.1.1.7	Alpha
4590	hCoV-19/England/QEUH-132BA47/2021	2021-02-25	United Kingdom	genome	unknown	B.1.1.7	Alpha
4591	hCoV-19/England/QEUH-1334E30/2021	2021-02-25	United Kingdom	genome	unknown	B.1.1.7	Alpha
4592	hCoV-19/England/QEUH-132BB44/2021	2021-02-25	United Kingdom	genome	unknown	B.1.1.7	Alpha
4593	hCoV-19/England/PHEC-YYDYK1Q/2021	2021-02-25	United Kingdom	genome	unknown	B.1.1.7	Alpha
4594	hCoV-19/England/CAMC-1348279/2021	2021-02-25	United Kingdom	genome	unknown	B.1.1.7	Alpha
4595	hCoV-19/England/CAMC-133D2A4/2021	2021-02-26	United Kingdom	genome	unknown	B.1.1.7	Alpha
4596	hCoV-19/England/QEUH-1371523/2021	2021-02-26	United Kingdom	genome	unknown	B.1.1.7	Alpha
4597	hCoV-19/England/CAMC-133CB22/2021	2021-02-26	United Kingdom	genome	unknown	B.1.1.7	Alpha
4598	hCoV-19/England/CAMC-133CF35/2021	2021-02-26	United Kingdom	genome	unknown	B.1.1.7	Alpha
4599	hCoV-19/England/CAMC-133C6A9/2021	2021-02-26	United Kingdom	genome	unknown	B.1.1.7	Alpha
4600	hCoV-19/England/OXON-F790D6/2021	2021-02-26	United Kingdom	genome	unknown	B.1.1.7	Alpha
4601	hCoV-19/England/ALDP-133F6A6/2021	2021-02-26	United Kingdom	genome	unknown	B.1.1.7	Alpha
4602	hCoV-19/Scotland/QEUH-1353ABF/2021	2021-02-26	United Kingdom	genome	unknown	B.1.1.7	Alpha
4603	hCoV-19/England/PHEC-2FDF16/2021	2021-02-26	United Kingdom	genome	unknown	B.1.1.7	Alpha
4604	hCoV-19/Scotland/QEUH-1354AEB/2021	2021-02-26	United Kingdom	genome	unknown	B.1.1.7	Alpha
4605	hCoV-19/England/RAND-1433920/2021	2021-02-26	United Kingdom	genome	unknown	B.1.1.7	Alpha
4606	hCoV-19/England/RAND-1433DE8/2021	2021-02-26	United Kingdom	genome	unknown	B.1.1.7	Alpha
4607	hCoV-19/England/CAMC-139C9F9/2021	2021-02-26	United Kingdom	genome	unknown	B.1.1.7	Alpha
4608	hCoV-19/England/MILK-1340DAD/2021	2021-02-26	United Kingdom	genome	unknown	B.1.1.7	Alpha
4609	hCoV-19/England/MILK-13497B5/2021	2021-02-26	United Kingdom	genome	unknown	B.1.1.7	Alpha
4610	hCoV-19/England/CAMC-139CE09/2021	2021-02-26	United Kingdom	genome	unknown	B.1.1.7	Alpha
4611	hCoV-19/England/RAND-1433E30/2021	2021-02-26	United Kingdom	genome	unknown	B.1.1.7	Alpha
4612	hCoV-19/England/MILK-134C7A3/2021	2021-02-26	United Kingdom	genome	unknown	B.1.1.7	Alpha
4613	hCoV-19/England/ALDP-136CB0B/2021	2021-02-26	United Kingdom	genome	unknown	B.1.1.7	Alpha
4614	hCoV-19/England/RAND-14338C9/2021	2021-02-26	United Kingdom	genome	unknown	B.1.1.7	Alpha
4615	hCoV-19/England/RAND-1433D33/2021	2021-02-26	United Kingdom	genome	unknown	B.1.1.7	Alpha
4616	hCoV-19/England/RAND-1433DF7/2021	2021-02-26	United Kingdom	genome	unknown	B.1.1.7	Alpha
4617	hCoV-19/England/ALDP-133E21C/2021	2021-02-26	United Kingdom	genome	unknown	B.1.1.7	Alpha
4618	hCoV-19/England/MILK-13493C0/2021	2021-02-26	United Kingdom	genome	unknown	B.1.1.7	Alpha
4619	hCoV-19/England/ALDP-1340AE2/2021	2021-02-26	United Kingdom	genome	unknown	B.1.1.7	Alpha
4620	hCoV-19/England/ALDP-133F275/2021	2021-02-26	United Kingdom	genome	unknown	B.1.1.7	Alpha
4621	hCoV-19/England/ALDP-1340C55/2021	2021-02-26	United Kingdom	genome	unknown	B.1.1.7	Alpha
4622	hCoV-19/England/QEUH-13607B8/2021	2021-02-26	United Kingdom	genome	unknown	B.1.1.7	Alpha
4623	hCoV-19/England/CAMC-135B5C5/2021	2021-02-26	United Kingdom	genome	unknown	B.1.1.7	Alpha
4624	hCoV-19/England/ALDP-133DBD6/2021	2021-02-26	United Kingdom	genome	unknown	B.1.1.7	Alpha
4625	hCoV-19/England/PHWC-4D743F/2021	2021-02-26	United Kingdom	genome	unknown	B.1.1.7	Alpha
4626	hCoV-19/England/PHWC-4D70D1/2021	2021-02-26	United Kingdom	genome	unknown	B.1.1.7	Alpha
4627	hCoV-19/Wales/PHWC-4D6FA8/2021	2021-02-26	United Kingdom	genome	unknown	B.1.1.7	Alpha
4628	hCoV-19/England/CAMC-1380907/2021	2021-02-26	United Kingdom	genome	unknown	B.1.1.7	Alpha
4629	hCoV-19/England/QEUH-13547E4/2021	2021-02-26	United Kingdom	genome	unknown	B.1.1.7	Alpha
4630	hCoV-19/England/QEUH-1353AFB/2021	2021-02-26	United Kingdom	genome	unknown	B.1.1.7	Alpha
4631	hCoV-19/England/QEUH-1353B07/2021	2021-02-26	United Kingdom	genome	unknown	B.1.1.7	Alpha
4632	hCoV-19/England/QEUH-134ACF1/2021	2021-02-26	United Kingdom	genome	unknown	B.1.1.7	Alpha
4633	hCoV-19/England/QEUH-13545CC/2021	2021-02-26	United Kingdom	genome	unknown	B.1.1.7	Alpha
4634	hCoV-19/England/QEUH-1354A90/2021	2021-02-26	United Kingdom	genome	unknown	B.1.1.7	Alpha
4635	hCoV-19/England/QEUH-134ADB2/2021	2021-02-26	United Kingdom	genome	unknown	B.1.1.7	Alpha
4636	hCoV-19/England/QEUH-1357277/2021	2021-02-26	United Kingdom	genome	unknown	B.1.1.7	Alpha
4637	hCoV-19/England/NOTT-251F10/2021	2021-02-26	United Kingdom	genome	unknown	B.1.1.7	Alpha
4638	hCoV-19/Wales/PHWC-4D7F7A/2021	2021-02-26	United Kingdom	genome	unknown	B.1.1.7	Alpha
4639	hCoV-19/England/QEUH-1354A72/2021	2021-02-26	United Kingdom	genome	unknown	B.1.1.7	Alpha
4640	hCoV-19/Wales/PHWC-4D7F5C/2021	2021-02-26	United Kingdom	genome	unknown	B.1.1.7	Alpha
4641	hCoV-19/Scotland/QEUH-135F752/2021	2021-02-26	United Kingdom	genome	unknown	B.1.1.7	Alpha
4642	hCoV-19/Scotland/QEUH-134693A/2021	2021-02-26	United Kingdom	genome	unknown	B.1.1.7	Alpha
4643	hCoV-19/Scotland/QEUH-1360730/2021	2021-02-27	United Kingdom	genome	unknown	B.1.1.7	Alpha
4644	hCoV-19/England/QEUH-134B795/2021	2021-02-27	United Kingdom	genome	unknown	B.1.1.7	Alpha
4645	hCoV-19/England/ALDP-136BB84/2021	2021-02-27	United Kingdom	genome	unknown	B.1.1.7	Alpha
4646	hCoV-19/Wales/PHWC-4D6852/2021	2021-02-27	United Kingdom	genome	unknown	B.1.1.7	Alpha
4647	hCoV-19/Scotland/QEUH-136182D/2021	2021-02-27	United Kingdom	genome	unknown	B.1.1.7	Alpha
4648	hCoV-19/England/NOTT-250D17/2021	2021-02-27	United Kingdom	genome	unknown	B.1.1.7	Alpha
4649	hCoV-19/England/QEUH-13525BF/2021	2021-02-27	United Kingdom	genome	unknown	B.1.1.7	Alpha
4650	hCoV-19/England/CAMC-133339C/2021	2021-02-27	United Kingdom	genome	unknown	B.1.1.7	Alpha
4651	hCoV-19/England/MILK-136F133/2021	2021-02-27	United Kingdom	genome	unknown	B.1.1.7	Alpha
4652	hCoV-19/England/MILK-136C093/2021	2021-02-27	United Kingdom	genome	unknown	B.1.1.7	Alpha
4653	hCoV-19/England/ALDP-136CF5A/2021	2021-02-27	United Kingdom	genome	unknown	B.1.1.7	Alpha
4654	hCoV-19/England/QEUH-1354EFE/2021	2021-02-27	United Kingdom	genome	unknown	B.1.1.7	Alpha
4655	hCoV-19/England/CAMC-133D426/2021	2021-02-27	United Kingdom	genome	unknown	B.1.1.7	Alpha
4656	hCoV-19/England/CAMC-133D5E7/2021	2021-02-27	United Kingdom	genome	unknown	B.1.1.7	Alpha
4657	hCoV-19/England/QEUH-1354EC1/2021	2021-02-27	United Kingdom	genome	unknown	B.1.1.7	Alpha
4658	hCoV-19/England/CAMC-1332E9C/2021	2021-02-27	United Kingdom	genome	unknown	B.1.1.7	Alpha
4659	hCoV-19/England/ALDP-136CD14/2021	2021-02-27	United Kingdom	genome	unknown	B.1.1.7	Alpha
4660	hCoV-19/England/PHWC-4D70FF/2021	2021-02-27	United Kingdom	genome	unknown	B.1.1.7	Alpha
4661	hCoV-19/Scotland/EDB16411/2021	2021-02-27	United Kingdom	genome	unknown	B.1.1.7	Alpha
4662	hCoV-19/England/PHWC-4D7138/2021	2021-02-27	United Kingdom	genome	unknown	B.1.1.7	Alpha
4663	hCoV-19/Wales/PHWC-4D7208/2021	2021-02-27	United Kingdom	genome	unknown	B.1.1.7	Alpha
4664	hCoV-19/England/ALDP-1377B85/2021	2021-02-27	United Kingdom	genome	unknown	B.1.1.7	Alpha
4665	hCoV-19/Scotland/QEUH-1352009/2021	2021-02-27	United Kingdom	genome	unknown	B.1.1.7	Alpha
4666	hCoV-19/Scotland/QEUH-135269E/2021	2021-02-27	United Kingdom	genome	unknown	B.1.1.7	Alpha
4667	hCoV-19/Scotland/QEUH-1351B18/2021	2021-02-27	United Kingdom	genome	unknown	B.1.1.7	Alpha
4668	hCoV-19/Scotland/QEUH-135178D/2021	2021-02-27	United Kingdom	genome	unknown	B.1.1.7	Alpha
4669	hCoV-19/Scotland/QEUH-13521BB/2021	2021-02-27	United Kingdom	genome	unknown	B.1.1.7	Alpha
4670	hCoV-19/England/QEUH-1352C23/2021	2021-02-27	United Kingdom	genome	unknown	B.1.1.7	Alpha
4671	hCoV-19/England/CAMC-134DE25/2021	2021-02-27	United Kingdom	genome	unknown	B.1.1.7	Alpha
4672	hCoV-19/England/QEUH-1352591/2021	2021-02-27	United Kingdom	genome	unknown	B.1.1.7	Alpha
4673	hCoV-19/Scotland/QEUH-13520AF/2021	2021-02-27	United Kingdom	genome	unknown	B.1.1.7	Alpha
4674	hCoV-19/England/QEUH-1368422/2021	2021-02-27	United Kingdom	genome	unknown	B.1.1.7	Alpha
4675	hCoV-19/England/CAMC-134DA6D/2021	2021-02-27	United Kingdom	genome	unknown	B.1.1.7	Alpha
4676	hCoV-19/Scotland/QEUH-1351EA6/2021	2021-02-27	United Kingdom	genome	unknown	B.1.1.7	Alpha
4677	hCoV-19/England/RAND-14337CC/2021	2021-02-27	United Kingdom	genome	unknown	B.1.1.7	Alpha
4678	hCoV-19/England/ALDP-1377FE3/2021	2021-02-27	United Kingdom	genome	unknown	B.1.1.7	Alpha
4679	hCoV-19/England/ALDP-136CDD8/2021	2021-02-28	United Kingdom	genome	unknown	B.1.1.7	Alpha
4680	hCoV-19/England/PHWC-4D748A/2021	2021-02-28	United Kingdom	genome	unknown	B.1.1.7	Alpha
4681	hCoV-19/England/ALDP-136DAA3/2021	2021-02-28	United Kingdom	genome	unknown	B.1.1.7	Alpha
4682	hCoV-19/England/PHWC-4D7499/2021	2021-02-28	United Kingdom	genome	unknown	B.1.1.7	Alpha
4683	hCoV-19/England/QEUH-135E46B/2021	2021-02-28	United Kingdom	genome	unknown	B.1.1.7	Alpha
4684	hCoV-19/NorthernIreland/NIRE-00014d/2021	2021-02-28	United Kingdom	genome	unknown	B.1.1.7	Alpha
4685	hCoV-19/NorthernIreland/NIRE-000153/2021	2021-02-28	United Kingdom	genome	unknown	B.1.1.7	Alpha
4686	hCoV-19/England/CAMB-AA3A9E/2021	2021-02-28	United Kingdom	genome	unknown	B.1.1.7	Alpha
4687	hCoV-19/Scotland/QEUH-135EE21/2021	2021-02-28	United Kingdom	genome	unknown	B.1.1.7	Alpha
4688	hCoV-19/Scotland/QEUH-135FBB0/2021	2021-02-28	United Kingdom	genome	unknown	B.1.1.7	Alpha
4689	hCoV-19/Scotland/QEUH-135DDBC/2021	2021-02-28	United Kingdom	genome	unknown	B.1.1.7	Alpha
4690	hCoV-19/England/QEUH-1354C6D/2021	2021-02-28	United Kingdom	genome	unknown	B.1.1.7	Alpha
4691	hCoV-19/England/QEUH-135E559/2021	2021-02-28	United Kingdom	genome	unknown	B.1.1.7	Alpha
4692	hCoV-19/England/MILK-13626D7/2021	2021-02-28	United Kingdom	genome	unknown	B.1.1.7	Alpha
4693	hCoV-19/England/QEUH-135E4E3/2021	2021-02-28	United Kingdom	genome	unknown	B.1.1.7	Alpha
4694	hCoV-19/England/MILK-13626F5/2021	2021-02-28	United Kingdom	genome	unknown	B.1.1.7	Alpha
4695	hCoV-19/England/BIRM-BCY69I/2021	2021-02-28	United Kingdom	genome	unknown	B.1.1.7	Alpha
4696	hCoV-19/England/QEUH-135DA79/2021	2021-02-28	United Kingdom	genome	unknown	B.1.1.7	Alpha
4697	hCoV-19/England/QEUH-135E03A/2021	2021-02-28	United Kingdom	genome	unknown	B.1.1.7	Alpha
4698	hCoV-19/England/QEUH-138FCA5/2021	2021-02-28	United Kingdom	genome	unknown	B.1.1.7	Alpha
4699	hCoV-19/England/QEUH-1354DB5/2021	2021-02-28	United Kingdom	genome	unknown	B.1.1.7	Alpha
4700	hCoV-19/England/QEUH-135E00D/2021	2021-02-28	United Kingdom	genome	unknown	B.1.1.7	Alpha
4701	hCoV-19/England/QEUH-135E577/2021	2021-02-28	United Kingdom	genome	unknown	B.1.1.7	Alpha
4702	hCoV-19/England/QEUH-135F50D/2021	2021-02-28	United Kingdom	genome	unknown	B.1.1.7	Alpha
4703	hCoV-19/Scotland/QEUH-136159F/2021	2021-02-28	United Kingdom	genome	unknown	B.1.1.7	Alpha
4704	hCoV-19/England/MILK-13705F7/2021	2021-02-28	United Kingdom	genome	unknown	B.1.1.7	Alpha
4705	hCoV-19/Scotland/QEUH-1365B7B/2021	2021-02-28	United Kingdom	genome	unknown	B.1.1.7	Alpha
4706	hCoV-19/England/CAMC-139C795/2021	2021-02-28	United Kingdom	genome	unknown	B.1.1.7	Alpha
4707	hCoV-19/Scotland/QEUH-135CE8D/2021	2021-02-28	United Kingdom	genome	unknown	B.1.1.7	Alpha
4708	hCoV-19/Scotland/QEUH-135DC37/2021	2021-02-28	United Kingdom	genome	unknown	B.1.1.7	Alpha
4709	hCoV-19/Scotland/QEUH-135DC46/2021	2021-02-28	United Kingdom	genome	unknown	B.1.1.7	Alpha
4710	hCoV-19/England/ALDP-1378155/2021	2021-02-28	United Kingdom	genome	unknown	B.1.1.7	Alpha
4711	hCoV-19/Scotland/QEUH-135D10B/2021	2021-02-28	United Kingdom	genome	unknown	B.1.1.7	Alpha
4712	hCoV-19/England/QEUH-135ED8E/2021	2021-02-28	United Kingdom	genome	unknown	B.1.1.7	Alpha
4713	hCoV-19/England/QEUH-13606E8/2021	2021-02-28	United Kingdom	genome	unknown	B.1.1.7	Alpha
4714	hCoV-19/Scotland/QEUH-136AFF2/2021	2021-02-28	United Kingdom	genome	unknown	B.1.1.7	Alpha
4715	hCoV-19/England/BIRM-BCY3GP/2021	2021-02-28	United Kingdom	genome	unknown	B.1.1.7	Alpha
4716	hCoV-19/England/MILK-136F18E/2021	2021-02-28	United Kingdom	genome	unknown	B.1.1.7	Alpha
4717	hCoV-19/England/QEUH-136847D/2021	2021-02-28	United Kingdom	genome	unknown	B.1.1.7	Alpha
4718	hCoV-19/England/QEUH-135EB57/2021	2021-02-28	United Kingdom	genome	unknown	B.1.1.7	Alpha
4719	hCoV-19/England/CAMC-133D6C6/2021	2021-02-28	United Kingdom	genome	unknown	B.1.1.7	Alpha
4720	hCoV-19/England/ALDP-136BAC3/2021	2021-02-28	United Kingdom	genome	unknown	B.1.1.7	Alpha
4721	hCoV-19/England/MILK-136B665/2021	2021-02-28	United Kingdom	genome	unknown	B.1.1.7	Alpha
4722	hCoV-19/England/QEUH-13683CB/2021	2021-02-28	United Kingdom	genome	unknown	B.1.1.7	Alpha
4723	hCoV-19/England/MILK-1378692/2021	2021-02-28	United Kingdom	genome	unknown	B.1.1.7	Alpha
4724	hCoV-19/Scotland/QEUH-1362D4B/2021	2021-02-28	United Kingdom	genome	unknown	B.1.1.7	Alpha
4725	hCoV-19/England/ALDP-13878F4/2021	2021-02-28	United Kingdom	genome	unknown	B.1.1.7	Alpha
4726	hCoV-19/England/CAMC-139B0F5/2021	2021-02-28	United Kingdom	genome	unknown	B.1.1.7	Alpha
4727	hCoV-19/England/PORT-1E79863/2021	2021-02-28	United Kingdom	genome	unknown	B.1.1.7	Alpha
4728	hCoV-19/England/OXON-F79892/2021	2021-03-01	United Kingdom	genome	unknown	B.1.1.7	Alpha
4729	hCoV-19/England/ALDP-136EDD6/2021	2021-03-01	United Kingdom	genome	unknown	B.1.1.7	Alpha
4730	hCoV-19/England/QEUH-1375404/2021	2021-03-01	United Kingdom	genome	unknown	B.1.1.7	Alpha
4731	hCoV-19/England/CAMC-144FC73/2021	2021-03-01	United Kingdom	genome	unknown	B.1.1.7	Alpha
4732	hCoV-19/England/MILK-1379B56/2021	2021-03-01	United Kingdom	genome	unknown	B.1.1.7	Alpha
4733	hCoV-19/England/QEUH-1371013/2021	2021-03-01	United Kingdom	genome	unknown	B.1.1.7	Alpha
4734	hCoV-19/England/MILK-1377086/2021	2021-03-01	United Kingdom	genome	unknown	B.1.1.7	Alpha
4735	hCoV-19/England/ALDP-136EDB8/2021	2021-03-01	United Kingdom	genome	unknown	B.1.1.7	Alpha
4736	hCoV-19/England/QEUH-137123B/2021	2021-03-01	United Kingdom	genome	unknown	B.1.1.7	Alpha
4737	hCoV-19/England/ALDP-1385A2D/2021	2021-03-01	United Kingdom	genome	unknown	B.1.1.7	Alpha
4738	hCoV-19/England/ALDP-1385780/2021	2021-03-01	United Kingdom	genome	unknown	B.1.1.7	Alpha
4739	hCoV-19/England/PHEC-2FF248/2021	2021-03-01	United Kingdom	genome	unknown	B.1.1.7	Alpha
4740	hCoV-19/England/MILK-136DD9B/2021	2021-03-01	United Kingdom	genome	unknown	B.1.1.7	Alpha
4741	hCoV-19/England/MILK-136D2E7/2021	2021-03-01	United Kingdom	genome	unknown	B.1.1.7	Alpha
4742	hCoV-19/Wales/ALDP-137952B/2021	2021-03-01	United Kingdom	genome	unknown	B.1.1.7	Alpha
4743	hCoV-19/Scotland/QEUH-13555CB/2021	2021-03-01	United Kingdom	genome	unknown	B.1.1.7	Alpha
4744	hCoV-19/England/MILK-136D496/2021	2021-03-01	United Kingdom	genome	unknown	B.1.1.7	Alpha
4745	hCoV-19/England/MILK-136DFA4/2021	2021-03-01	United Kingdom	genome	unknown	B.1.1.7	Alpha
4746	hCoV-19/England/ALDP-136E1F8/2021	2021-03-01	United Kingdom	genome	unknown	B.1.1.7	Alpha
4747	hCoV-19/England/MILK-136D2AB/2021	2021-03-01	United Kingdom	genome	unknown	B.1.1.7	Alpha
4748	hCoV-19/England/ALDP-136D7D9/2021	2021-03-01	United Kingdom	genome	unknown	B.1.1.7	Alpha
4749	hCoV-19/England/CAMC-1395644/2021	2021-03-01	United Kingdom	genome	unknown	B.1.1.7	Alpha
4750	hCoV-19/Scotland/QEUH-13683F8/2021	2021-03-01	United Kingdom	genome	unknown	B.1.1.7	Alpha
4751	hCoV-19/Scotland/QEUH-13678FA/2021	2021-03-01	United Kingdom	genome	unknown	B.1.1.7	Alpha
4752	hCoV-19/England/MILK-13777BE/2021	2021-03-01	United Kingdom	genome	unknown	B.1.1.7	Alpha
4753	hCoV-19/England/MILK-137748A/2021	2021-03-01	United Kingdom	genome	unknown	B.1.1.7	Alpha
4754	hCoV-19/England/MILK-137795E/2021	2021-03-01	United Kingdom	genome	unknown	B.1.1.7	Alpha
4755	hCoV-19/England/MILK-1378A5A/2021	2021-03-01	United Kingdom	genome	unknown	B.1.1.7	Alpha
4756	hCoV-19/Scotland/QEUH-13677DF/2021	2021-03-01	United Kingdom	genome	unknown	B.1.1.7	Alpha
4757	hCoV-19/Scotland/MILK-1377727/2021	2021-03-01	United Kingdom	genome	unknown	B.1.1.7	Alpha
4758	hCoV-19/Scotland/QEUH-136AFD4/2021	2021-03-01	United Kingdom	genome	unknown	B.1.1.7	Alpha
4759	hCoV-19/England/QEUH-138F21C/2021	2021-03-01	United Kingdom	genome	unknown	B.1.1.7	Alpha
4760	hCoV-19/England/ALDP-136F75F/2021	2021-03-01	United Kingdom	genome	unknown	B.1.1.7	Alpha
4761	hCoV-19/England/QEUH-138F294/2021	2021-03-01	United Kingdom	genome	unknown	B.1.1.7	Alpha
4762	hCoV-19/England/MILK-136B832/2021	2021-03-01	United Kingdom	genome	unknown	B.1.1.7	Alpha
4763	hCoV-19/England/MILK-13789F3/2021	2021-03-01	United Kingdom	genome	unknown	B.1.1.7	Alpha
4764	hCoV-19/England/ALDP-1386F0F/2021	2021-03-01	United Kingdom	genome	unknown	B.1.1.7	Alpha
4765	hCoV-19/England/MILK-1377156/2021	2021-03-01	United Kingdom	genome	unknown	B.1.1.7	Alpha
4766	hCoV-19/Scotland/QEUH-136B01C/2021	2021-03-01	United Kingdom	genome	unknown	B.1.1.7	Alpha
4767	hCoV-19/England/QEUH-138F355/2021	2021-03-01	United Kingdom	genome	unknown	B.1.1.7	Alpha
4768	hCoV-19/England/MILK-136B3E6/2021	2021-03-01	United Kingdom	genome	unknown	B.1.1.7	Alpha
4769	hCoV-19/England/ALDP-136C86E/2021	2021-03-01	United Kingdom	genome	unknown	B.1.1.7	Alpha
4770	hCoV-19/England/QEUH-138F179/2021	2021-03-01	United Kingdom	genome	unknown	B.1.1.7	Alpha
4771	hCoV-19/England/ALDP-13794A6/2021	2021-03-01	United Kingdom	genome	unknown	B.1.1.7	Alpha
4772	hCoV-19/Scotland/QEUH-1365F06/2021	2021-03-01	United Kingdom	genome	unknown	B.1.1.7	Alpha
4773	hCoV-19/England/QEUH-138ED94/2021	2021-03-01	United Kingdom	genome	unknown	B.1.1.7	Alpha
4774	hCoV-19/England/QEUH-138F1A6/2021	2021-03-01	United Kingdom	genome	unknown	B.1.1.7	Alpha
4775	hCoV-19/England/QEUH-1391E7D/2021	2021-03-01	United Kingdom	genome	unknown	B.1.1.7	Alpha
4776	hCoV-19/England/MILK-1378C27/2021	2021-03-01	United Kingdom	genome	unknown	B.1.1.7	Alpha
4777	hCoV-19/England/QEUH-136962B/2021	2021-03-01	United Kingdom	genome	unknown	B.1.1.7	Alpha
4778	hCoV-19/England/QEUH-1368D90/2021	2021-03-01	United Kingdom	genome	unknown	B.1.1.7	Alpha
4779	hCoV-19/England/QEUH-136A48A/2021	2021-03-01	United Kingdom	genome	unknown	B.1.1.7	Alpha
4780	hCoV-19/England/QEUH-1367BD3/2021	2021-03-01	United Kingdom	genome	unknown	B.1.1.7	Alpha
4781	hCoV-19/England/QEUH-1367793/2021	2021-03-01	United Kingdom	genome	unknown	B.1.1.7	Alpha
4782	hCoV-19/England/QEUH-13660C6/2021	2021-03-01	United Kingdom	genome	unknown	B.1.1.7	Alpha
4783	hCoV-19/England/QEUH-1365EEB/2021	2021-03-01	United Kingdom	genome	unknown	B.1.1.7	Alpha
4784	hCoV-19/England/SHEF-10D4E9F/2021	2021-03-01	United Kingdom	genome	unknown	B.1.1.7	Alpha
4785	hCoV-19/NorthernIreland/NIRE-0003ed/2021	2021-03-01	United Kingdom	genome	unknown	B.1.1.7	Alpha
4786	hCoV-19/NorthernIreland/NIRE-0001cd/2021	2021-03-01	United Kingdom	genome	unknown	B.1.1.7	Alpha
4787	hCoV-19/England/BHRT-24BB046/2021	2021-03-01	United Kingdom	genome	unknown	B.1.1.7	Alpha
4788	hCoV-19/England/CAMC-1383096/2021	2021-03-01	United Kingdom	genome	unknown	B.1.1.7	Alpha
4789	hCoV-19/England/QEUH-1369746/2021	2021-03-01	United Kingdom	genome	unknown	B.1.1.7	Alpha
4790	hCoV-19/England/CAMC-1379D9C/2021	2021-03-01	United Kingdom	genome	unknown	B.1.1.7	Alpha
4791	hCoV-19/England/TFCI-2706EE5/2021	2021-03-01	United Kingdom	genome	unknown	B.1.1.7	Alpha
4792	hCoV-19/England/QEUH-1368CC0/2021	2021-03-01	United Kingdom	genome	unknown	B.1.1.7	Alpha
4793	hCoV-19/England/QEUH-136B0EF/2021	2021-03-01	United Kingdom	genome	unknown	B.1.1.7	Alpha
4794	hCoV-19/England/QEUH-1366257/2021	2021-03-01	United Kingdom	genome	unknown	B.1.1.7	Alpha
4795	hCoV-19/England/QEUH-1367BC4/2021	2021-03-01	United Kingdom	genome	unknown	B.1.1.7	Alpha
4796	hCoV-19/England/PHWC-4D8577/2021	2021-03-01	United Kingdom	genome	unknown	B.1.1.7	Alpha
4797	hCoV-19/Wales/PHWC-4D8C72/2021	2021-03-02	United Kingdom	genome	unknown	B.1.1.7	Alpha
4798	hCoV-19/Wales/PHWC-4D896C/2021	2021-03-02	United Kingdom	genome	unknown	B.1.1.7	Alpha
4799	hCoV-19/NorthernIreland/NIRE-0001de/2021	2021-03-02	United Kingdom	genome	unknown	B.1.1.7	Alpha
4800	hCoV-19/England/ALDP-138E1E3/2021	2021-03-02	United Kingdom	genome	unknown	B.1.1.7	Alpha
4801	hCoV-19/Scotland/QEUH-13726A7/2021	2021-03-02	United Kingdom	genome	unknown	B.1.1.7	Alpha
4802	hCoV-19/Scotland/QEUH-136B2BC/2021	2021-03-02	United Kingdom	genome	unknown	B.1.1.7	Alpha
4803	hCoV-19/England/CAMC-13D3E60/2021	2021-03-02	United Kingdom	genome	unknown	B.1.1.7	Alpha
4804	hCoV-19/Scotland/QEUH-136B225/2021	2021-03-02	United Kingdom	genome	unknown	B.1.1.7	Alpha
4805	hCoV-19/England/CAMC-1382BC3/2021	2021-03-02	United Kingdom	genome	unknown	B.1.1.7	Alpha
4806	hCoV-19/Scotland/QEUH-136E3A7/2021	2021-03-02	United Kingdom	genome	unknown	B.1.1.7	Alpha
4807	hCoV-19/England/MILK-138500D/2021	2021-03-02	United Kingdom	genome	unknown	B.1.1.7	Alpha
4808	hCoV-19/England/MILK-1386303/2021	2021-03-02	United Kingdom	genome	unknown	B.1.1.7	Alpha
4809	hCoV-19/England/MILK-1384D9E/2021	2021-03-02	United Kingdom	genome	unknown	B.1.1.7	Alpha
4810	hCoV-19/England/MILK-1384A3D/2021	2021-03-02	United Kingdom	genome	unknown	B.1.1.7	Alpha
4811	hCoV-19/England/MILK-1384C46/2021	2021-03-02	United Kingdom	genome	unknown	B.1.1.7	Alpha
4812	hCoV-19/England/MILK-1384F4D/2021	2021-03-02	United Kingdom	genome	unknown	B.1.1.7	Alpha
4813	hCoV-19/England/MILK-13845D2/2021	2021-03-02	United Kingdom	genome	unknown	B.1.1.7	Alpha
4814	hCoV-19/England/MILK-1376ED8/2021	2021-03-02	United Kingdom	genome	unknown	B.1.1.7	Alpha
4815	hCoV-19/England/CAMC-137A36C/2021	2021-03-02	United Kingdom	genome	unknown	B.1.1.7	Alpha
4816	hCoV-19/England/MILK-1385D8E/2021	2021-03-02	United Kingdom	genome	unknown	B.1.1.7	Alpha
4817	hCoV-19/England/QEUH-13710F5/2021	2021-03-02	United Kingdom	genome	unknown	B.1.1.7	Alpha
4818	hCoV-19/England/QEUH-13710E6/2021	2021-03-02	United Kingdom	genome	unknown	B.1.1.7	Alpha
4819	hCoV-19/England/ALDP-138338E/2021	2021-03-02	United Kingdom	genome	unknown	B.1.1.7	Alpha
4820	hCoV-19/England/CAMC-1381A03/2021	2021-03-02	United Kingdom	genome	unknown	B.1.1.7	Alpha
4821	hCoV-19/England/CAMC-13832AF/2021	2021-03-02	United Kingdom	genome	unknown	B.1.1.7	Alpha
4822	hCoV-19/England/QEUH-13710AA/2021	2021-03-02	United Kingdom	genome	unknown	B.1.1.7	Alpha
4823	hCoV-19/Scotland/QEUH-1372F06/2021	2021-03-02	United Kingdom	genome	unknown	B.1.1.7	Alpha
4824	hCoV-19/England/RAND-137AC34/2021	2021-03-02	United Kingdom	genome	unknown	B.1.1.7	Alpha
4825	hCoV-19/England/CAMC-144FE13/2021	2021-03-02	United Kingdom	genome	unknown	B.1.1.7	Alpha
4826	hCoV-19/England/CAMC-144FBB2/2021	2021-03-02	United Kingdom	genome	unknown	B.1.1.7	Alpha
4827	hCoV-19/England/QEUH-1371338/2021	2021-03-02	United Kingdom	genome	unknown	B.1.1.7	Alpha
4828	hCoV-19/England/QEUH-13714AE/2021	2021-03-02	United Kingdom	genome	unknown	B.1.1.7	Alpha
4829	hCoV-19/England/CAMC-1379F1E/2021	2021-03-02	United Kingdom	genome	unknown	B.1.1.7	Alpha
4830	hCoV-19/NorthernIreland/NIRE-000256/2021	2021-03-02	United Kingdom	genome	unknown	B.1.1.7	Alpha
4831	hCoV-19/Wales/PHWC-PYNKIP/2021	2021-03-02	United Kingdom	genome	unknown	B.1.1.7	Alpha
4832	hCoV-19/England/QEUH-1370EB0/2021	2021-03-02	United Kingdom	genome	unknown	B.1.1.7	Alpha
4833	hCoV-19/NorthernIreland/NIRE-00024f/2021	2021-03-02	United Kingdom	genome	unknown	B.1.1.7	Alpha
4834	hCoV-19/NorthernIreland/NIRE-000246/2021	2021-03-02	United Kingdom	genome	unknown	B.1.1.7	Alpha
4835	hCoV-19/England/CAMC-13952AA/2021	2021-03-02	United Kingdom	genome	unknown	B.1.1.7	Alpha
4836	hCoV-19/England/ALDP-1387180/2021	2021-03-02	United Kingdom	genome	unknown	B.1.1.7	Alpha
4837	hCoV-19/England/RAND-13FDEE8/2021	2021-03-02	United Kingdom	genome	unknown	B.1.1.7	Alpha
4838	hCoV-19/England/MILK-13881BC/2021	2021-03-02	United Kingdom	genome	unknown	B.1.1.7	Alpha
4839	hCoV-19/England/RAND-13FDECA/2021	2021-03-02	United Kingdom	genome	unknown	B.1.1.7	Alpha
4840	hCoV-19/England/ALDP-1378119/2021	2021-03-02	United Kingdom	genome	unknown	B.1.1.7	Alpha
4841	hCoV-19/England/ALDP-1377FB6/2021	2021-03-02	United Kingdom	genome	unknown	B.1.1.7	Alpha
4842	hCoV-19/England/ALDP-1379761/2021	2021-03-02	United Kingdom	genome	unknown	B.1.1.7	Alpha
4843	hCoV-19/England/MILK-1376EAB/2021	2021-03-02	United Kingdom	genome	unknown	B.1.1.7	Alpha
4844	hCoV-19/England/QEUH-137117A/2021	2021-03-02	United Kingdom	genome	unknown	B.1.1.7	Alpha
4845	hCoV-19/England/MILK-1377912/2021	2021-03-02	United Kingdom	genome	unknown	B.1.1.7	Alpha
4846	hCoV-19/NorthernIreland/NIRE-00021d/2021	2021-03-02	United Kingdom	genome	unknown	B.1.1.7	Alpha
4847	hCoV-19/England/QEUH-1372847/2021	2021-03-02	United Kingdom	genome	unknown	B.1.1.7	Alpha
4848	hCoV-19/England/ALDP-137803A/2021	2021-03-02	United Kingdom	genome	unknown	B.1.1.7	Alpha
4849	hCoV-19/England/ALDP-138678F/2021	2021-03-02	United Kingdom	genome	unknown	B.1.1.7	Alpha
4850	hCoV-19/Scotland/QEUH-137570B/2021	2021-03-03	United Kingdom	genome	unknown	B.1.1.7	Alpha
4851	hCoV-19/Scotland/QEUH-1373679/2021	2021-03-03	United Kingdom	genome	unknown	B.1.1.7	Alpha
4852	hCoV-19/Scotland/QEUH-137F65F/2021	2021-03-03	United Kingdom	genome	unknown	B.1.1.7	Alpha
4853	hCoV-19/England/QEUH-1375598/2021	2021-03-03	United Kingdom	genome	unknown	B.1.1.7	Alpha
4854	hCoV-19/England/ALDP-138BA09/2021	2021-03-03	United Kingdom	genome	unknown	B.1.1.7	Alpha
4855	hCoV-19/England/MILK-1386C17/2021	2021-03-03	United Kingdom	genome	unknown	B.1.1.7	Alpha
4856	hCoV-19/England/ALDP-1385A5A/2021	2021-03-03	United Kingdom	genome	unknown	B.1.1.7	Alpha
4857	hCoV-19/England/ALDP-1389027/2021	2021-03-03	United Kingdom	genome	unknown	B.1.1.7	Alpha
4858	hCoV-19/England/QEUH-1374E61/2021	2021-03-03	United Kingdom	genome	unknown	B.1.1.7	Alpha
4859	hCoV-19/Scotland/QEUH-137504C/2021	2021-03-03	United Kingdom	genome	unknown	B.1.1.7	Alpha
4860	hCoV-19/England/QEUH-137D518/2021	2021-03-03	United Kingdom	genome	unknown	B.1.1.7	Alpha
4861	hCoV-19/England/QEUH-138FC2D/2021	2021-03-03	United Kingdom	genome	unknown	B.1.1.7	Alpha
4862	hCoV-19/Scotland/QEUH-1374EDA/2021	2021-03-03	United Kingdom	genome	unknown	B.1.1.7	Alpha
4863	hCoV-19/Scotland/QEUH-1374F6E/2021	2021-03-03	United Kingdom	genome	unknown	B.1.1.7	Alpha
4864	hCoV-19/England/QEUH-137C9D1/2021	2021-03-03	United Kingdom	genome	unknown	B.1.1.7	Alpha
4865	hCoV-19/England/CAMC-1379F4B/2021	2021-03-03	United Kingdom	genome	unknown	B.1.1.7	Alpha
4866	hCoV-19/England/ALDP-1389670/2021	2021-03-03	United Kingdom	genome	unknown	B.1.1.7	Alpha
4867	hCoV-19/England/CAMC-144F763/2021	2021-03-03	United Kingdom	genome	unknown	B.1.1.7	Alpha
4868	hCoV-19/England/CAMC-144F8D9/2021	2021-03-03	United Kingdom	genome	unknown	B.1.1.7	Alpha
4869	hCoV-19/England/QEUH-137E517/2021	2021-03-03	United Kingdom	genome	unknown	B.1.1.7	Alpha
4870	hCoV-19/England/MILK-1386D50/2021	2021-03-03	United Kingdom	genome	unknown	B.1.1.7	Alpha
4871	hCoV-19/England/QEUH-137CBF9/2021	2021-03-03	United Kingdom	genome	unknown	B.1.1.7	Alpha
4872	hCoV-19/England/ALDP-1392DF7/2021	2021-03-03	United Kingdom	genome	unknown	B.1.1.7	Alpha
4873	hCoV-19/England/QEUH-137C86B/2021	2021-03-03	United Kingdom	genome	unknown	B.1.1.7	Alpha
4874	hCoV-19/England/ALDP-13B9EAC/2021	2021-03-03	United Kingdom	genome	unknown	B.1.1.7	Alpha
4875	hCoV-19/England/MILK-1383852/2021	2021-03-03	United Kingdom	genome	unknown	B.1.1.7	Alpha
4876	hCoV-19/Scotland/QEUH-1374C85/2021	2021-03-03	United Kingdom	genome	unknown	B.1.1.7	Alpha
4877	hCoV-19/England/MILK-1387593/2021	2021-03-03	United Kingdom	genome	unknown	B.1.1.7	Alpha
4878	hCoV-19/England/CAMC-1395565/2021	2021-03-03	United Kingdom	genome	unknown	B.1.1.7	Alpha
4879	hCoV-19/England/ALDP-1388A84/2021	2021-03-03	United Kingdom	genome	unknown	B.1.1.7	Alpha
4880	hCoV-19/England/ALDP-1388529/2021	2021-03-03	United Kingdom	genome	unknown	B.1.1.7	Alpha
4881	hCoV-19/England/ALDP-138BE94/2021	2021-03-03	United Kingdom	genome	unknown	B.1.1.7	Alpha
4882	hCoV-19/England/ALDP-13BA236/2021	2021-03-03	United Kingdom	genome	unknown	B.1.1.7	Alpha
4883	hCoV-19/England/ALDP-13BA403/2021	2021-03-03	United Kingdom	genome	unknown	B.1.1.7	Alpha
4884	hCoV-19/England/ALDP-13BA54C/2021	2021-03-03	United Kingdom	genome	unknown	B.1.1.7	Alpha
4885	hCoV-19/England/QEUH-137E025/2021	2021-03-03	United Kingdom	genome	unknown	B.1.1.7	Alpha
4886	hCoV-19/England/QEUH-137C607/2021	2021-03-03	United Kingdom	genome	unknown	B.1.1.7	Alpha
4887	hCoV-19/England/QEUH-137E3B3/2021	2021-03-03	United Kingdom	genome	unknown	B.1.1.7	Alpha
4888	hCoV-19/England/QEUH-137C2F4/2021	2021-03-03	United Kingdom	genome	unknown	B.1.1.7	Alpha
4889	hCoV-19/England/QEUH-137BC51/2021	2021-03-03	United Kingdom	genome	unknown	B.1.1.7	Alpha
4890	hCoV-19/England/QEUH-137D8F1/2021	2021-03-03	United Kingdom	genome	unknown	B.1.1.7	Alpha
4891	hCoV-19/England/MILK-1385216/2021	2021-03-03	United Kingdom	genome	unknown	B.1.1.7	Alpha
4892	hCoV-19/England/RAND-13FDBC3/2021	2021-03-03	United Kingdom	genome	unknown	B.1.1.7	Alpha
4893	hCoV-19/England/RAND-13FD7DE/2021	2021-03-03	United Kingdom	genome	unknown	B.1.1.7	Alpha
4894	hCoV-19/England/OXON-F7A7B2/2021	2021-03-03	United Kingdom	genome	unknown	B.1.1.7	Alpha
4895	hCoV-19/Scotland/QEUH-137D28A/2021	2021-03-03	United Kingdom	genome	unknown	B.1.1.7	Alpha
4896	hCoV-19/Scotland/QEUH-137BF76/2021	2021-03-03	United Kingdom	genome	unknown	B.1.1.7	Alpha
4897	hCoV-19/Scotland/QEUH-137DF56/2021	2021-03-03	United Kingdom	genome	unknown	B.1.1.7	Alpha
4898	hCoV-19/Scotland/QEUH-137D27B/2021	2021-03-03	United Kingdom	genome	unknown	B.1.1.7	Alpha
4899	hCoV-19/England/RAND-14214AC/2021	2021-03-03	United Kingdom	genome	unknown	B.1.1.7	Alpha
4900	hCoV-19/England/PORT-1E79EBC/2021	2021-03-03	United Kingdom	genome	unknown	B.1.1.7	Alpha
4901	hCoV-19/England/RAND-14213DC/2021	2021-03-03	United Kingdom	genome	unknown	B.1.1.7	Alpha
4902	hCoV-19/England/RAND-1421363/2021	2021-03-03	United Kingdom	genome	unknown	B.1.1.7	Alpha
4903	hCoV-19/Scotland/QEUH-137C34C/2021	2021-03-03	United Kingdom	genome	unknown	B.1.1.7	Alpha
4904	hCoV-19/Wales/ALDP-1388BAF/2021	2021-03-03	United Kingdom	genome	unknown	B.1.1.7	Alpha
4905	hCoV-19/England/MILK-1385577/2021	2021-03-03	United Kingdom	genome	unknown	B.1.1.7	Alpha
4906	hCoV-19/Scotland/QEUH-13F3B36/2021	2021-03-03	United Kingdom	genome	unknown	B.1.1.7	Alpha
4907	hCoV-19/Scotland/QEUH-137DD98/2021	2021-03-03	United Kingdom	genome	unknown	B.1.1.7	Alpha
4908	hCoV-19/NorthernIreland/NIRE-0001fb/2021	2021-03-03	United Kingdom	genome	unknown	B.1.1.7	Alpha
4909	hCoV-19/England/ALDP-13A324F/2021	2021-03-04	United Kingdom	genome	unknown	B.1.1.7	Alpha
4910	hCoV-19/England/ALDP-13886CC/2021	2021-03-04	United Kingdom	genome	unknown	B.1.1.7	Alpha
4911	hCoV-19/England/ALDP-13A1BFB/2021	2021-03-04	United Kingdom	genome	unknown	B.1.1.7	Alpha
4912	hCoV-19/Scotland/QEUH-1399CB7/2021	2021-03-04	United Kingdom	genome	unknown	B.1.1.7	Alpha
4913	hCoV-19/Wales/ALDP-1391B1C/2021	2021-03-04	United Kingdom	genome	unknown	B.1.1.7	Alpha
4914	hCoV-19/England/LCST-24DDC2C/2021	2021-03-04	United Kingdom	genome	unknown	B.1.1.7	Alpha
4915	hCoV-19/England/QEUH-1389D8A/2021	2021-03-04	United Kingdom	genome	unknown	B.1.1.7	Alpha
4916	hCoV-19/Wales/PHWC-4DA88B/2021	2021-03-04	United Kingdom	genome	unknown	B.1.1.7	Alpha
4917	hCoV-19/Scotland/QEUH-13F4FB1/2021	2021-03-04	United Kingdom	genome	unknown	B.1.1.7	Alpha
4918	hCoV-19/Scotland/QEUH-13F7121/2021	2021-03-04	United Kingdom	genome	unknown	B.1.1.7	Alpha
4919	hCoV-19/England/QEUH-13F5E68/2021	2021-03-04	United Kingdom	genome	unknown	B.1.1.7	Alpha
4920	hCoV-19/England/ALDP-13A3E2D/2021	2021-03-04	United Kingdom	genome	unknown	B.1.1.7	Alpha
4921	hCoV-19/England/QEUH-1393E99/2021	2021-03-04	United Kingdom	genome	unknown	B.1.1.7	Alpha
4922	hCoV-19/England/CAMC-145D42F/2021	2021-03-04	United Kingdom	genome	unknown	B.1.1.7	Alpha
4923	hCoV-19/England/ALDP-138BE67/2021	2021-03-04	United Kingdom	genome	unknown	B.1.1.7	Alpha
4924	hCoV-19/England/ALDP-138BC21/2021	2021-03-04	United Kingdom	genome	unknown	B.1.1.7	Alpha
4925	hCoV-19/England/CAMC-145D498/2021	2021-03-04	United Kingdom	genome	unknown	B.1.1.7	Alpha
4926	hCoV-19/England/ALDP-1391D8F/2021	2021-03-04	United Kingdom	genome	unknown	B.1.1.7	Alpha
4927	hCoV-19/Scotland/QEUH-1389A29/2021	2021-03-04	United Kingdom	genome	unknown	B.1.1.7	Alpha
4928	hCoV-19/NorthernIreland/OXON-F7A5E5/2021	2021-03-04	United Kingdom	genome	unknown	B.1.1.7	Alpha
4929	hCoV-19/England/PHWC-4DB0CE/2021	2021-03-04	United Kingdom	genome	unknown	B.1.1.7	Alpha
4930	hCoV-19/England/ALDP-138BBE8/2021	2021-03-04	United Kingdom	genome	unknown	B.1.1.7	Alpha
4931	hCoV-19/England/ALDP-138E408/2021	2021-03-04	United Kingdom	genome	unknown	B.1.1.7	Alpha
4932	hCoV-19/Wales/PHWC-4DB19E/2021	2021-03-04	United Kingdom	genome	unknown	B.1.1.7	Alpha
4933	hCoV-19/England/ALDP-138BD88/2021	2021-03-04	United Kingdom	genome	unknown	B.1.1.7	Alpha
4934	hCoV-19/England/ALDP-139FFD6/2021	2021-03-04	United Kingdom	genome	unknown	B.1.1.7	Alpha
4935	hCoV-19/England/ALDP-13A2A75/2021	2021-03-04	United Kingdom	genome	unknown	B.1.1.7	Alpha
4936	hCoV-19/England/RAND-1421E26/2021	2021-03-04	United Kingdom	genome	unknown	B.1.1.7	Alpha
4937	hCoV-19/England/RAND-1421F05/2021	2021-03-04	United Kingdom	genome	unknown	B.1.1.7	Alpha
4938	hCoV-19/England/QEUH-138B4A1/2021	2021-03-04	United Kingdom	genome	unknown	B.1.1.7	Alpha
4939	hCoV-19/England/RAND-142159A/2021	2021-03-04	United Kingdom	genome	unknown	B.1.1.7	Alpha
4940	hCoV-19/England/ALDP-13A2468/2021	2021-03-04	United Kingdom	genome	unknown	B.1.1.7	Alpha
4941	hCoV-19/England/NOTT-2520C1/2021	2021-03-04	United Kingdom	genome	unknown	B.1.1.7	Alpha
4942	hCoV-19/England/QEUH-138B32C/2021	2021-03-04	United Kingdom	genome	unknown	B.1.1.7	Alpha
4943	hCoV-19/England/CAMC-13B76D3/2021	2021-03-04	United Kingdom	genome	unknown	B.1.1.7	Alpha
4944	hCoV-19/England/QEUH-138B869/2021	2021-03-04	United Kingdom	genome	unknown	B.1.1.7	Alpha
4945	hCoV-19/England/ALDP-138E857/2021	2021-03-04	United Kingdom	genome	unknown	B.1.1.7	Alpha
4946	hCoV-19/England/QEUH-1396C6F/2021	2021-03-04	United Kingdom	genome	unknown	B.1.1.7	Alpha
4947	hCoV-19/England/MILK-13969C2/2021	2021-03-05	United Kingdom	genome	unknown	B.1.1.7	Alpha
4948	hCoV-19/England/ALDP-138DFBD/2021	2021-03-05	United Kingdom	genome	unknown	B.1.1.7	Alpha
4949	hCoV-19/England/BIRM-BCY3SC/2021	2021-03-05	United Kingdom	genome	unknown	B.1.1.7	Alpha
4950	hCoV-19/Scotland/QEUH-1389BDB/2021	2021-03-05	United Kingdom	genome	unknown	B.1.1.7	Alpha
4951	hCoV-19/England/QEUH-139F4C8/2021	2021-03-05	United Kingdom	genome	unknown	B.1.1.7	Alpha
4952	hCoV-19/England/QEUH-13A87F0/2021	2021-03-05	United Kingdom	genome	unknown	B.1.1.7	Alpha
4953	hCoV-19/England/QEUH-13AA04E/2021	2021-03-05	United Kingdom	genome	unknown	B.1.1.7	Alpha
4954	hCoV-19/Scotland/QEUH-1390694/2021	2021-03-05	United Kingdom	genome	unknown	B.1.1.7	Alpha
4955	hCoV-19/England/MILK-13AC808/2021	2021-03-05	United Kingdom	genome	unknown	B.1.1.7	Alpha
4956	hCoV-19/England/MILK-13A775B/2021	2021-03-05	United Kingdom	genome	unknown	B.1.1.7	Alpha
4957	hCoV-19/Scotland/QEUH-1393770/2021	2021-03-05	United Kingdom	genome	unknown	B.1.1.7	Alpha
4958	hCoV-19/England/NORT-1BAD614/2021	2021-03-05	United Kingdom	genome	unknown	B.1.1.7	Alpha
4959	hCoV-19/England/BIRM-BCBYOX/2021	2021-03-05	United Kingdom	genome	unknown	B.1.1.7	Alpha
4960	hCoV-19/Scotland/QEUH-13899E0/2021	2021-03-05	United Kingdom	genome	unknown	B.1.1.7	Alpha
4961	hCoV-19/England/ALDP-138E0F5/2021	2021-03-05	United Kingdom	genome	unknown	B.1.1.7	Alpha
4962	hCoV-19/England/QEUH-1398E1C/2021	2021-03-05	United Kingdom	genome	unknown	B.1.1.7	Alpha
4963	hCoV-19/Scotland/QEUH-139A2D2/2021	2021-03-05	United Kingdom	genome	unknown	B.1.1.7	Alpha
4964	hCoV-19/England/QEUH-13930A2/2021	2021-03-05	United Kingdom	genome	unknown	B.1.1.7	Alpha
4965	hCoV-19/England/ALDP-139FCDF/2021	2021-03-05	United Kingdom	genome	unknown	B.1.1.7	Alpha
4966	hCoV-19/England/QEUH-13ABD64/2021	2021-03-05	United Kingdom	genome	unknown	B.1.1.7	Alpha
4967	hCoV-19/England/CAMC-13D33DA/2021	2021-03-05	United Kingdom	genome	unknown	B.1.1.7	Alpha
4968	hCoV-19/England/QEUH-1393FF0/2021	2021-03-05	United Kingdom	genome	unknown	B.1.1.7	Alpha
4969	hCoV-19/Wales/PHWC-4DAA85/2021	2021-03-05	United Kingdom	genome	unknown	B.1.1.7	Alpha
4970	hCoV-19/Scotland/QEUH-1394250/2021	2021-03-05	United Kingdom	genome	unknown	B.1.1.7	Alpha
4971	hCoV-19/England/ALDP-138E963/2021	2021-03-05	United Kingdom	genome	unknown	B.1.1.7	Alpha
4972	hCoV-19/England/ALDP-139FF12/2021	2021-03-05	United Kingdom	genome	unknown	B.1.1.7	Alpha
4973	hCoV-19/England/ALDP-13A3BEA/2021	2021-03-05	United Kingdom	genome	unknown	B.1.1.7	Alpha
4974	hCoV-19/Scotland/QEUH-1396C05/2021	2021-03-05	United Kingdom	genome	unknown	B.1.1.7	Alpha
4975	hCoV-19/England/MILK-13A375F/2021	2021-03-05	United Kingdom	genome	unknown	B.1.1.7	Alpha
4976	hCoV-19/Scotland/QEUH-1390676/2021	2021-03-05	United Kingdom	genome	unknown	B.1.1.7	Alpha
4977	hCoV-19/England/MILK-13A34D0/2021	2021-03-05	United Kingdom	genome	unknown	B.1.1.7	Alpha
4978	hCoV-19/Scotland/QEUH-13940DE/2021	2021-03-05	United Kingdom	genome	unknown	B.1.1.7	Alpha
4979	hCoV-19/Scotland/QEUH-139062B/2021	2021-03-05	United Kingdom	genome	unknown	B.1.1.7	Alpha
4980	hCoV-19/England/CAMC-13A4C6E/2021	2021-03-05	United Kingdom	genome	unknown	B.1.1.7	Alpha
4981	hCoV-19/England/ALDP-13A2116/2021	2021-03-05	United Kingdom	genome	unknown	B.1.1.7	Alpha
4982	hCoV-19/England/ALDP-13A1E89/2021	2021-03-05	United Kingdom	genome	unknown	B.1.1.7	Alpha
4983	hCoV-19/England/ALDP-1391B85/2021	2021-03-05	United Kingdom	genome	unknown	B.1.1.7	Alpha
4984	hCoV-19/England/CAMC-13A4AEC/2021	2021-03-05	United Kingdom	genome	unknown	B.1.1.7	Alpha
4985	hCoV-19/England/ALDP-13A30BE/2021	2021-03-05	United Kingdom	genome	unknown	B.1.1.7	Alpha
4986	hCoV-19/England/MILK-13A34EF/2021	2021-03-05	United Kingdom	genome	unknown	B.1.1.7	Alpha
4987	hCoV-19/England/MILK-13A350A/2021	2021-03-05	United Kingdom	genome	unknown	B.1.1.7	Alpha
4988	hCoV-19/England/ALDP-13A2E00/2021	2021-03-05	United Kingdom	genome	unknown	B.1.1.7	Alpha
4989	hCoV-19/England/ALDP-13A1E6B/2021	2021-03-05	United Kingdom	genome	unknown	B.1.1.7	Alpha
4990	hCoV-19/England/ALDP-13A3203/2021	2021-03-05	United Kingdom	genome	unknown	B.1.1.7	Alpha
4991	hCoV-19/England/CAMC-13A4879/2021	2021-03-05	United Kingdom	genome	unknown	B.1.1.7	Alpha
4992	hCoV-19/England/ALDP-13A227D/2021	2021-03-05	United Kingdom	genome	unknown	B.1.1.7	Alpha
4993	hCoV-19/England/QEUH-13A097A/2021	2021-03-05	United Kingdom	genome	unknown	B.1.1.7	Alpha
4994	hCoV-19/England/CAMC-1396EA5/2021	2021-03-05	United Kingdom	genome	unknown	B.1.1.7	Alpha
4995	hCoV-19/England/MILK-13A3977/2021	2021-03-05	United Kingdom	genome	unknown	B.1.1.7	Alpha
4996	hCoV-19/NorthernIreland/RAND-13FD941/2021	2021-03-05	United Kingdom	genome	unknown	B.1.1.7	Alpha
4997	hCoV-19/England/RAND-13FCD55/2021	2021-03-06	United Kingdom	genome	unknown	B.1.1.7	Alpha
4998	hCoV-19/England/RAND-13FD2CE/2021	2021-03-06	United Kingdom	genome	unknown	B.1.1.7	Alpha
4999	hCoV-19/England/QEUH-1398C12/2021	2021-03-06	United Kingdom	genome	unknown	B.1.1.7	Alpha
5000	hCoV-19/England/QEUH-139A18A/2021	2021-03-06	United Kingdom	genome	unknown	B.1.1.7	Alpha
5001	hCoV-19/England/ALDP-13B8F22/2021	2021-03-06	United Kingdom	genome	unknown	B.1.1.7	Alpha
5002	hCoV-19/England/QEUH-1390BB3/2021	2021-03-06	United Kingdom	genome	unknown	B.1.1.7	Alpha
5003	hCoV-19/England/QEUH-1399929/2021	2021-03-06	United Kingdom	genome	unknown	B.1.1.7	Alpha
5004	hCoV-19/England/QEUH-139A22D/2021	2021-03-06	United Kingdom	genome	unknown	B.1.1.7	Alpha
5005	hCoV-19/England/RAND-13FD49B/2021	2021-03-06	United Kingdom	genome	unknown	B.1.1.7	Alpha
5006	hCoV-19/England/QEUH-139ED82/2021	2021-03-06	United Kingdom	genome	unknown	B.1.1.7	Alpha
5007	hCoV-19/England/MILK-13A3537/2021	2021-03-06	United Kingdom	genome	unknown	B.1.1.7	Alpha
5008	hCoV-19/England/ALDP-13B8B2E/2021	2021-03-06	United Kingdom	genome	unknown	B.1.1.7	Alpha
5009	hCoV-19/England/CAMC-13D47A0/2021	2021-03-06	United Kingdom	genome	unknown	B.1.1.7	Alpha
5010	hCoV-19/England/QEUH-13994DD/2021	2021-03-06	United Kingdom	genome	unknown	B.1.1.7	Alpha
5011	hCoV-19/England/ALDP-139FCA2/2021	2021-03-06	United Kingdom	genome	unknown	B.1.1.7	Alpha
5012	hCoV-19/England/ALDP-139E872/2021	2021-03-06	United Kingdom	genome	unknown	B.1.1.7	Alpha
5013	hCoV-19/England/ALDP-139E906/2021	2021-03-06	United Kingdom	genome	unknown	B.1.1.7	Alpha
5014	hCoV-19/England/CAMC-139BB30/2021	2021-03-06	United Kingdom	genome	unknown	B.1.1.7	Alpha
5015	hCoV-19/England/ALDP-13A1DF5/2021	2021-03-06	United Kingdom	genome	unknown	B.1.1.7	Alpha
5016	hCoV-19/England/MILK-13A1751/2021	2021-03-06	United Kingdom	genome	unknown	B.1.1.7	Alpha
5017	hCoV-19/England/QEUH-139D2DF/2021	2021-03-06	United Kingdom	genome	unknown	B.1.1.7	Alpha
5018	hCoV-19/England/CAMC-139BB03/2021	2021-03-06	United Kingdom	genome	unknown	B.1.1.7	Alpha
5019	hCoV-19/Scotland/QEUH-1398C03/2021	2021-03-06	United Kingdom	genome	unknown	B.1.1.7	Alpha
5020	hCoV-19/England/SHEF-10C6C3C/2021	2021-03-06	United Kingdom	genome	unknown	B.1.1.7	Alpha
5021	hCoV-19/England/QEUH-1390843/2021	2021-03-06	United Kingdom	genome	unknown	B.1.1.7	Alpha
5022	hCoV-19/NorthernIreland/RAND-14223BD/2021	2021-03-06	United Kingdom	genome	unknown	B.1.1.7	Alpha
5023	hCoV-19/England/QEUH-139E4E7/2021	2021-03-06	United Kingdom	genome	unknown	B.1.1.7	Alpha
5024	hCoV-19/Wales/PHWC-4DB055/2021	2021-03-06	United Kingdom	genome	unknown	B.1.1.7	Alpha
5025	hCoV-19/Scotland/QEUH-13A0831/2021	2021-03-06	United Kingdom	genome	unknown	B.1.1.7	Alpha
5026	hCoV-19/Scotland/QEUH-1399992/2021	2021-03-06	United Kingdom	genome	unknown	B.1.1.7	Alpha
5027	hCoV-19/Scotland/QEUH-1399E93/2021	2021-03-06	United Kingdom	genome	unknown	B.1.1.7	Alpha
5028	hCoV-19/England/PHEC-300A1E/2021	2021-03-06	United Kingdom	genome	unknown	B.1.1.7	Alpha
5029	hCoV-19/England/CAMC-13AF6ED/2021	2021-03-07	United Kingdom	genome	unknown	B.1.1.7	Alpha
5030	hCoV-19/Scotland/QEUH-13AAE44/2021	2021-03-07	United Kingdom	genome	unknown	B.1.1.7	Alpha
5031	hCoV-19/England/QEUH-13995F8/2021	2021-03-07	United Kingdom	genome	unknown	B.1.1.7	Alpha
5032	hCoV-19/Scotland/QEUH-13AAB5C/2021	2021-03-07	United Kingdom	genome	unknown	B.1.1.7	Alpha
5033	hCoV-19/Scotland/CVR7281/2021	2021-03-07	United Kingdom	genome	unknown	B.1.1.7	Alpha
5034	hCoV-19/Scotland/QEUH-13A8FBC/2021	2021-03-07	United Kingdom	genome	unknown	B.1.1.7	Alpha
5035	hCoV-19/Scotland/EDB16504/2021	2021-03-07	United Kingdom	genome	unknown	B.1.1.7	Alpha
5036	hCoV-19/England/EXET-146D42/2021	2021-03-07	United Kingdom	genome	unknown	B.1.1.7	Alpha
5037	hCoV-19/England/QEUH-13B66B6/2021	2021-03-07	United Kingdom	genome	unknown	B.1.1.7	Alpha
5038	hCoV-19/Wales/PHWC-4DA4A5/2021	2021-03-07	United Kingdom	genome	unknown	B.1.1.7	Alpha
5039	hCoV-19/England/RAND-13FCF6E/2021	2021-03-07	United Kingdom	genome	unknown	B.1.1.7	Alpha
5040	hCoV-19/England/RAND-13FD431/2021	2021-03-07	United Kingdom	genome	unknown	B.1.1.7	Alpha
5041	hCoV-19/England/ALDP-13AB414/2021	2021-03-07	United Kingdom	genome	unknown	B.1.1.7	Alpha
5042	hCoV-19/England/MILK-13AC219/2021	2021-03-07	United Kingdom	genome	unknown	B.1.1.7	Alpha
5043	hCoV-19/England/MILK-13ABF8C/2021	2021-03-07	United Kingdom	genome	unknown	B.1.1.7	Alpha
5044	hCoV-19/England/QEUH-13AA512/2021	2021-03-07	United Kingdom	genome	unknown	B.1.1.7	Alpha
5045	hCoV-19/England/QEUH-13AAE08/2021	2021-03-07	United Kingdom	genome	unknown	B.1.1.7	Alpha
5046	hCoV-19/England/QEUH-13A9294/2021	2021-03-07	United Kingdom	genome	unknown	B.1.1.7	Alpha
5047	hCoV-19/England/MILK-13B5E73/2021	2021-03-07	United Kingdom	genome	unknown	B.1.1.7	Alpha
5048	hCoV-19/Scotland/QEUH-13B1CE6/2021	2021-03-08	United Kingdom	genome	unknown	B.1.1.7	Alpha
5049	hCoV-19/Wales/PHWC-4DB750/2021	2021-03-08	United Kingdom	genome	unknown	B.1.1.7	Alpha
5050	hCoV-19/England/MILK-13CB681/2021	2021-03-08	United Kingdom	genome	unknown	B.1.1.7	Alpha
5051	hCoV-19/England/QEUH-13B2368/2021	2021-03-08	United Kingdom	genome	unknown	B.1.1.7	Alpha
5052	hCoV-19/England/QEUH-13B2544/2021	2021-03-08	United Kingdom	genome	unknown	B.1.1.7	Alpha
5053	hCoV-19/England/MILK-13B5D94/2021	2021-03-08	United Kingdom	genome	unknown	B.1.1.7	Alpha
5054	hCoV-19/England/QEUH-13AA65B/2021	2021-03-08	United Kingdom	genome	unknown	B.1.1.7	Alpha
5055	hCoV-19/Scotland/QEUH-13B3D96/2021	2021-03-08	United Kingdom	genome	unknown	B.1.1.7	Alpha
5056	hCoV-19/England/QEUH-13AA187/2021	2021-03-08	United Kingdom	genome	unknown	B.1.1.7	Alpha
5057	hCoV-19/NorthernIreland/NIRE-000ad3/2021	2021-03-08	United Kingdom	genome	unknown	B.1.1.7	Alpha
5058	hCoV-19/Wales/PHWC-4DC133/2021	2021-03-08	United Kingdom	genome	unknown	B.1.1.7	Alpha
5059	hCoV-19/England/BIRM-BCB6H3/2021	2021-03-08	United Kingdom	genome	unknown	B.1.1.7	Alpha
5060	hCoV-19/England/CAMB-AA507C/2021	2021-03-08	United Kingdom	genome	unknown	B.1.1.7	Alpha
5061	hCoV-19/England/QEUH-13AD773/2021	2021-03-08	United Kingdom	genome	unknown	B.1.1.7	Alpha
5062	hCoV-19/England/MILK-13CC87B/2021	2021-03-08	United Kingdom	genome	unknown	B.1.1.7	Alpha
5063	hCoV-19/England/QEUH-13AE39C/2021	2021-03-08	United Kingdom	genome	unknown	B.1.1.7	Alpha
5064	hCoV-19/England/QEUH-13B12E4/2021	2021-03-08	United Kingdom	genome	unknown	B.1.1.7	Alpha
5065	hCoV-19/England/MILK-13B093B/2021	2021-03-08	United Kingdom	genome	unknown	B.1.1.7	Alpha
5066	hCoV-19/England/QEUH-13ADC74/2021	2021-03-08	United Kingdom	genome	unknown	B.1.1.7	Alpha
5067	hCoV-19/England/QEUH-13AD8BC/2021	2021-03-08	United Kingdom	genome	unknown	B.1.1.7	Alpha
5068	hCoV-19/England/QEUH-13AD755/2021	2021-03-08	United Kingdom	genome	unknown	B.1.1.7	Alpha
5069	hCoV-19/England/QEUH-13AD791/2021	2021-03-08	United Kingdom	genome	unknown	B.1.1.7	Alpha
5070	hCoV-19/England/MILK-13B48A3/2021	2021-03-08	United Kingdom	genome	unknown	B.1.1.7	Alpha
5071	hCoV-19/England/QEUH-13AD8E9/2021	2021-03-08	United Kingdom	genome	unknown	B.1.1.7	Alpha
5072	hCoV-19/England/MILK-13B2ABE/2021	2021-03-08	United Kingdom	genome	unknown	B.1.1.7	Alpha
5073	hCoV-19/England/QEUH-13ADF8A/2021	2021-03-08	United Kingdom	genome	unknown	B.1.1.7	Alpha
5074	hCoV-19/England/QEUH-13B1008/2021	2021-03-08	United Kingdom	genome	unknown	B.1.1.7	Alpha
5075	hCoV-19/England/RAND-13F0FA6/2021	2021-03-08	United Kingdom	genome	unknown	B.1.1.7	Alpha
5076	hCoV-19/England/MILK-13B5EA0/2021	2021-03-08	United Kingdom	genome	unknown	B.1.1.7	Alpha
5077	hCoV-19/England/MILK-13B0740/2021	2021-03-08	United Kingdom	genome	unknown	B.1.1.7	Alpha
5078	hCoV-19/England/QEUH-13B2E2B/2021	2021-03-08	United Kingdom	genome	unknown	B.1.1.7	Alpha
5079	hCoV-19/England/QEUH-13AD6FE/2021	2021-03-08	United Kingdom	genome	unknown	B.1.1.7	Alpha
5080	hCoV-19/England/CAMC-13A57E4/2021	2021-03-08	United Kingdom	genome	unknown	B.1.1.7	Alpha
5081	hCoV-19/England/MILK-13B5778/2021	2021-03-08	United Kingdom	genome	unknown	B.1.1.7	Alpha
5082	hCoV-19/Wales/PHWC-4DB41D/2021	2021-03-08	United Kingdom	genome	unknown	B.1.1.7	Alpha
5083	hCoV-19/England/QEUH-13A8936/2021	2021-03-08	United Kingdom	genome	unknown	B.1.1.7	Alpha
5084	hCoV-19/England/QEUH-13ACCA2/2021	2021-03-08	United Kingdom	genome	unknown	B.1.1.7	Alpha
5085	hCoV-19/NorthernIreland/NIRE-000aa7/2021	2021-03-08	United Kingdom	genome	unknown	B.1.1.7	Alpha
5086	hCoV-19/England/CAMC-13EEECC/2021	2021-03-08	United Kingdom	genome	unknown	B.1.1.7	Alpha
5087	hCoV-19/Scotland/QEUH-13AA776/2021	2021-03-08	United Kingdom	genome	unknown	B.1.1.7	Alpha
5088	hCoV-19/Scotland/QEUH-13B26F6/2021	2021-03-08	United Kingdom	genome	unknown	B.1.1.7	Alpha
5089	hCoV-19/England/SHEF-10CE28D/2021	2021-03-08	United Kingdom	genome	unknown	B.1.1.7	Alpha
5090	hCoV-19/England/CAMB-AA409B/2021	2021-03-08	United Kingdom	genome	unknown	B.1.1.7	Alpha
5091	hCoV-19/England/PHWC-4DB91E/2021	2021-03-08	United Kingdom	genome	unknown	B.1.1.7	Alpha
5092	hCoV-19/England/PHEC-2FF864/2021	2021-03-09	United Kingdom	genome	unknown	B.1.1.7	Alpha
5093	hCoV-19/NorthernIreland/RAND-13EA77A/2021	2021-03-09	United Kingdom	genome	unknown	B.1.1.7	Alpha
5094	hCoV-19/England/RAND-13EB7E2/2021	2021-03-09	United Kingdom	genome	unknown	B.1.1.7	Alpha
5095	hCoV-19/England/MILK-13CB618/2021	2021-03-09	United Kingdom	genome	unknown	B.1.1.7	Alpha
5096	hCoV-19/England/MILK-13CCEC4/2021	2021-03-09	United Kingdom	genome	unknown	B.1.1.7	Alpha
5097	hCoV-19/England/MILK-13CAAC2/2021	2021-03-09	United Kingdom	genome	unknown	B.1.1.7	Alpha
5098	hCoV-19/England/PHESW-YYBYNJ/2021	2021-03-09	United Kingdom	genome	unknown	B.1.1.7	Alpha
5099	hCoV-19/Scotland/QEUH-13BED13/2021	2021-03-09	United Kingdom	genome	unknown	B.1.1.7	Alpha
5100	hCoV-19/England/CAMC-13B7D92/2021	2021-03-09	United Kingdom	genome	unknown	B.1.1.7	Alpha
5101	hCoV-19/England/CAMC-13B7372/2021	2021-03-09	United Kingdom	genome	unknown	B.1.1.7	Alpha
5102	hCoV-19/England/MILK-13CBCF8/2021	2021-03-09	United Kingdom	genome	unknown	B.1.1.7	Alpha
5103	hCoV-19/England/SHEF-10D34CB/2021	2021-03-09	United Kingdom	genome	unknown	B.1.1.7	Alpha
5104	hCoV-19/England/QEUH-13BFDC7/2021	2021-03-09	United Kingdom	genome	unknown	B.1.1.7	Alpha
5105	hCoV-19/England/QEUH-13B4287/2021	2021-03-09	United Kingdom	genome	unknown	B.1.1.7	Alpha
5106	hCoV-19/Wales/PHWC-4DC731/2021	2021-03-09	United Kingdom	genome	unknown	B.1.1.7	Alpha
5107	hCoV-19/Wales/PHWC-4DC90E/2021	2021-03-09	United Kingdom	genome	unknown	B.1.1.7	Alpha
5108	hCoV-19/England/QEUH-13B61A6/2021	2021-03-09	United Kingdom	genome	unknown	B.1.1.7	Alpha
5109	hCoV-19/England/QEUH-13C025B/2021	2021-03-09	United Kingdom	genome	unknown	B.1.1.7	Alpha
5110	hCoV-19/England/QEUH-13C02A6/2021	2021-03-09	United Kingdom	genome	unknown	B.1.1.7	Alpha
5111	hCoV-19/England/QEUH-13B2E76/2021	2021-03-09	United Kingdom	genome	unknown	B.1.1.7	Alpha
5112	hCoV-19/England/QEUH-13B2F46/2021	2021-03-09	United Kingdom	genome	unknown	B.1.1.7	Alpha
5113	hCoV-19/England/QEUH-13B64DA/2021	2021-03-09	United Kingdom	genome	unknown	B.1.1.7	Alpha
5114	hCoV-19/England/ALDP-13DB0CC/2021	2021-03-09	United Kingdom	genome	unknown	B.1.1.7	Alpha
5115	hCoV-19/Wales/PHWC-4DD202/2021	2021-03-09	United Kingdom	genome	unknown	B.1.1.7	Alpha
5116	hCoV-19/England/QEUH-13BF583/2021	2021-03-09	United Kingdom	genome	unknown	B.1.1.7	Alpha
5117	hCoV-19/England/QEUH-13BE724/2021	2021-03-09	United Kingdom	genome	unknown	B.1.1.7	Alpha
5118	hCoV-19/England/QEUH-13BE690/2021	2021-03-09	United Kingdom	genome	unknown	B.1.1.7	Alpha
5119	hCoV-19/England/QEUH-13B43FD/2021	2021-03-09	United Kingdom	genome	unknown	B.1.1.7	Alpha
5120	hCoV-19/Scotland/QEUH-13B5532/2021	2021-03-09	United Kingdom	genome	unknown	B.1.1.7	Alpha
5121	hCoV-19/Scotland/QEUH-13BB54B/2021	2021-03-09	United Kingdom	genome	unknown	B.1.1.7	Alpha
5122	hCoV-19/Scotland/QEUH-13B34FB/2021	2021-03-09	United Kingdom	genome	unknown	B.1.1.7	Alpha
5123	hCoV-19/Scotland/QEUH-13B37E3/2021	2021-03-09	United Kingdom	genome	unknown	B.1.1.7	Alpha
5124	hCoV-19/England/QEUH-13AE192/2021	2021-03-09	United Kingdom	genome	unknown	B.1.1.7	Alpha
5125	hCoV-19/England/QEUH-13B1369/2021	2021-03-09	United Kingdom	genome	unknown	B.1.1.7	Alpha
5126	hCoV-19/England/QEUH-13AE3AB/2021	2021-03-09	United Kingdom	genome	unknown	B.1.1.7	Alpha
5127	hCoV-19/Scotland/QEUH-13C01F4/2021	2021-03-09	United Kingdom	genome	unknown	B.1.1.7	Alpha
5128	hCoV-19/England/ALDP-141AEC6/2021	2021-03-10	United Kingdom	genome	unknown	B.1.1.7	Alpha
5129	hCoV-19/England/QEUH-13C1DB3/2021	2021-03-10	United Kingdom	genome	unknown	B.1.1.7	Alpha
5130	hCoV-19/England/ALDP-13C5E70/2021	2021-03-10	United Kingdom	genome	unknown	B.1.1.7	Alpha
5131	hCoV-19/England/QEUH-13C69E7/2021	2021-03-10	United Kingdom	genome	unknown	B.1.1.7	Alpha
5132	hCoV-19/England/QEUH-13C6756/2021	2021-03-10	United Kingdom	genome	unknown	B.1.1.7	Alpha
5133	hCoV-19/England/MILK-13F4591/2021	2021-03-10	United Kingdom	genome	unknown	B.1.1.7	Alpha
5134	hCoV-19/Scotland/QEUH-13C4E08/2021	2021-03-10	United Kingdom	genome	unknown	B.1.1.7	Alpha
5135	hCoV-19/England/QEUH-13C6D63/2021	2021-03-10	United Kingdom	genome	unknown	B.1.1.7	Alpha
5136	hCoV-19/England/QEUH-13C42C0/2021	2021-03-10	United Kingdom	genome	unknown	B.1.1.7	Alpha
5137	hCoV-19/England/ALDP-13C7667/2021	2021-03-10	United Kingdom	genome	unknown	B.1.1.7	Alpha
5138	hCoV-19/Scotland/QEUH-13BE78E/2021	2021-03-10	United Kingdom	genome	unknown	B.1.1.7	Alpha
5139	hCoV-19/England/QEUH-13C4934/2021	2021-03-10	United Kingdom	genome	unknown	B.1.1.7	Alpha
5140	hCoV-19/Scotland/QEUH-13C7D35/2021	2021-03-10	United Kingdom	genome	unknown	B.1.1.7	Alpha
5141	hCoV-19/Scotland/QEUH-13C5A21/2021	2021-03-10	United Kingdom	genome	unknown	B.1.1.7	Alpha
5142	hCoV-19/England/ALDP-13C7597/2021	2021-03-10	United Kingdom	genome	unknown	B.1.1.7	Alpha
5143	hCoV-19/England/QEUH-13C2DB2/2021	2021-03-10	United Kingdom	genome	unknown	B.1.1.7	Alpha
5144	hCoV-19/Scotland/QEUH-13C2866/2021	2021-03-10	United Kingdom	genome	unknown	B.1.1.7	Alpha
5145	hCoV-19/Scotland/QEUH-13C1A16/2021	2021-03-10	United Kingdom	genome	unknown	B.1.1.7	Alpha
5146	hCoV-19/England/ALDP-1428FFF/2021	2021-03-10	United Kingdom	genome	unknown	B.1.1.7	Alpha
5147	hCoV-19/England/ALDP-142BF29/2021	2021-03-10	United Kingdom	genome	unknown	B.1.1.7	Alpha
5148	hCoV-19/England/ALDP-1424931/2021	2021-03-10	United Kingdom	genome	unknown	B.1.1.7	Alpha
5149	hCoV-19/Scotland/EDB17280/2021	2021-03-10	United Kingdom	genome	unknown	B.1.1.7	Alpha
5150	hCoV-19/England/MILK-13CA075/2021	2021-03-10	United Kingdom	genome	unknown	B.1.1.7	Alpha
5151	hCoV-19/England/MILK-13CCE3D/2021	2021-03-10	United Kingdom	genome	unknown	B.1.1.7	Alpha
5152	hCoV-19/England/ALDP-142F63F/2021	2021-03-10	United Kingdom	genome	unknown	B.1.1.7	Alpha
5153	hCoV-19/England/CAMC-13B8247/2021	2021-03-10	United Kingdom	genome	unknown	B.1.1.7	Alpha
5154	hCoV-19/England/ALDP-1427743/2021	2021-03-10	United Kingdom	genome	unknown	B.1.1.7	Alpha
5155	hCoV-19/England/ALDP-13C98C9/2021	2021-03-10	United Kingdom	genome	unknown	B.1.1.7	Alpha
5156	hCoV-19/England/ALDP-13C91FB/2021	2021-03-10	United Kingdom	genome	unknown	B.1.1.7	Alpha
5157	hCoV-19/England/ALDP-13C8068/2021	2021-03-10	United Kingdom	genome	unknown	B.1.1.7	Alpha
5158	hCoV-19/Scotland/QEUH-13C22FF/2021	2021-03-10	United Kingdom	genome	unknown	B.1.1.7	Alpha
5159	hCoV-19/England/ALDP-13C8165/2021	2021-03-10	United Kingdom	genome	unknown	B.1.1.7	Alpha
5160	hCoV-19/England/ALDP-13C862A/2021	2021-03-10	United Kingdom	genome	unknown	B.1.1.7	Alpha
5161	hCoV-19/England/MILK-13CB9B5/2021	2021-03-10	United Kingdom	genome	unknown	B.1.1.7	Alpha
5162	hCoV-19/England/MILK-13C96CF/2021	2021-03-10	United Kingdom	genome	unknown	B.1.1.7	Alpha
5163	hCoV-19/England/QEUH-13C50C5/2021	2021-03-10	United Kingdom	genome	unknown	B.1.1.7	Alpha
5164	hCoV-19/England/QEUH-13C374A/2021	2021-03-10	United Kingdom	genome	unknown	B.1.1.7	Alpha
5165	hCoV-19/England/QEUH-13C3AE7/2021	2021-03-10	United Kingdom	genome	unknown	B.1.1.7	Alpha
5166	hCoV-19/England/MILK-13CB056/2021	2021-03-10	United Kingdom	genome	unknown	B.1.1.7	Alpha
5167	hCoV-19/England/MILK-13D8DE6/2021	2021-03-10	United Kingdom	genome	unknown	B.1.1.7	Alpha
5168	hCoV-19/England/MILK-13C9A69/2021	2021-03-10	United Kingdom	genome	unknown	B.1.1.7	Alpha
5169	hCoV-19/England/ALDP-13C5CEF/2021	2021-03-10	United Kingdom	genome	unknown	B.1.1.7	Alpha
5170	hCoV-19/England/QEUH-13BFD6D/2021	2021-03-10	United Kingdom	genome	unknown	B.1.1.7	Alpha
5171	hCoV-19/England/QEUH-13BF978/2021	2021-03-10	United Kingdom	genome	unknown	B.1.1.7	Alpha
5172	hCoV-19/England/ALDP-142785F/2021	2021-03-11	United Kingdom	genome	unknown	B.1.1.7	Alpha
5173	hCoV-19/England/MILK-13D7145/2021	2021-03-11	United Kingdom	genome	unknown	B.1.1.7	Alpha
5174	hCoV-19/England/MILK-13D8DC8/2021	2021-03-11	United Kingdom	genome	unknown	B.1.1.7	Alpha
5175	hCoV-19/England/ALDP-1429073/2021	2021-03-11	United Kingdom	genome	unknown	B.1.1.7	Alpha
5176	hCoV-19/England/ALDP-1429CE8/2021	2021-03-11	United Kingdom	genome	unknown	B.1.1.7	Alpha
5177	hCoV-19/England/CAMC-144B2B1/2021	2021-03-11	United Kingdom	genome	unknown	B.1.1.7	Alpha
5178	hCoV-19/England/QEUH-13CEB16/2021	2021-03-11	United Kingdom	genome	unknown	B.1.1.7	Alpha
5179	hCoV-19/England/MILK-13DBB9E/2021	2021-03-11	United Kingdom	genome	unknown	B.1.1.7	Alpha
5180	hCoV-19/England/QEUH-13CDB35/2021	2021-03-11	United Kingdom	genome	unknown	B.1.1.7	Alpha
5181	hCoV-19/England/MILK-13D7B92/2021	2021-03-11	United Kingdom	genome	unknown	B.1.1.7	Alpha
5182	hCoV-19/England/CAMC-13CBD7D/2021	2021-03-11	United Kingdom	genome	unknown	B.1.1.7	Alpha
5183	hCoV-19/England/MILK-13E20FF/2021	2021-03-11	United Kingdom	genome	unknown	B.1.1.7	Alpha
5184	hCoV-19/England/MILK-13D7C9F/2021	2021-03-11	United Kingdom	genome	unknown	B.1.1.7	Alpha
5185	hCoV-19/England/MILK-13D6E6D/2021	2021-03-11	United Kingdom	genome	unknown	B.1.1.7	Alpha
5186	hCoV-19/England/MILK-13D819F/2021	2021-03-11	United Kingdom	genome	unknown	B.1.1.7	Alpha
5187	hCoV-19/England/QEUH-13CE211/2021	2021-03-11	United Kingdom	genome	unknown	B.1.1.7	Alpha
5188	hCoV-19/England/MILK-13D852A/2021	2021-03-11	United Kingdom	genome	unknown	B.1.1.7	Alpha
5189	hCoV-19/England/MILK-13D8029/2021	2021-03-11	United Kingdom	genome	unknown	B.1.1.7	Alpha
5190	hCoV-19/Wales/PHWC-4DCFB1/2021	2021-03-11	United Kingdom	genome	unknown	B.1.1.7	Alpha
5191	hCoV-19/England/ALDP-1423BB4/2021	2021-03-11	United Kingdom	genome	unknown	B.1.1.7	Alpha
5192	hCoV-19/NorthernIreland/NIRE-00188e/2021	2021-03-11	United Kingdom	genome	unknown	B.1.1.7	Alpha
5193	hCoV-19/England/ALDP-13DB18D/2021	2021-03-11	United Kingdom	genome	unknown	B.1.1.7	Alpha
5194	hCoV-19/England/MILK-13D7673/2021	2021-03-11	United Kingdom	genome	unknown	B.1.1.7	Alpha
5195	hCoV-19/NorthernIreland/NIRE-0018a3/2021	2021-03-11	United Kingdom	genome	unknown	B.1.1.7	Alpha
5196	hCoV-19/NorthernIreland/NIRE-000b35/2021	2021-03-11	United Kingdom	genome	unknown	B.1.1.7	Alpha
5197	hCoV-19/England/ALDP-1428DC8/2021	2021-03-11	United Kingdom	genome	unknown	B.1.1.7	Alpha
5198	hCoV-19/England/ALDP-142BCF5/2021	2021-03-11	United Kingdom	genome	unknown	B.1.1.7	Alpha
5199	hCoV-19/England/QEUH-13C3540/2021	2021-03-11	United Kingdom	genome	unknown	B.1.1.7	Alpha
5200	hCoV-19/NorthernIreland/RAND-13EBDA4/2021	2021-03-11	United Kingdom	genome	unknown	B.1.1.7	Alpha
5201	hCoV-19/England/QEUH-13C2D67/2021	2021-03-11	United Kingdom	genome	unknown	B.1.1.7	Alpha
5202	hCoV-19/England/QEUH-13C2E55/2021	2021-03-11	United Kingdom	genome	unknown	B.1.1.7	Alpha
5203	hCoV-19/England/QEUH-13C45B8/2021	2021-03-11	United Kingdom	genome	unknown	B.1.1.7	Alpha
5204	hCoV-19/England/MILK-13E1852/2021	2021-03-11	United Kingdom	genome	unknown	B.1.1.7	Alpha
5205	hCoV-19/England/QEUH-13C2BD6/2021	2021-03-11	United Kingdom	genome	unknown	B.1.1.7	Alpha
5206	hCoV-19/England/RAND-13DDF54/2021	2021-03-11	United Kingdom	genome	unknown	B.1.1.7	Alpha
5207	hCoV-19/NorthernIreland/RAND-13EBD0E/2021	2021-03-11	United Kingdom	genome	unknown	B.1.1.7	Alpha
5208	hCoV-19/England/QEUH-13C472B/2021	2021-03-11	United Kingdom	genome	unknown	B.1.1.7	Alpha
5209	hCoV-19/England/ALDP-14389EF/2021	2021-03-11	United Kingdom	genome	unknown	B.1.1.7	Alpha
5210	hCoV-19/Scotland/QEUH-13C0F18/2021	2021-03-11	United Kingdom	genome	unknown	B.1.1.7	Alpha
5211	hCoV-19/England/QEUH-13C4318/2021	2021-03-11	United Kingdom	genome	unknown	B.1.1.7	Alpha
5212	hCoV-19/Scotland/QEUH-13C66D1/2021	2021-03-11	United Kingdom	genome	unknown	B.1.1.7	Alpha
5213	hCoV-19/England/ALDP-1426AA5/2021	2021-03-11	United Kingdom	genome	unknown	B.1.1.7	Alpha
5214	hCoV-19/Scotland/QEUH-13D4FF3/2021	2021-03-11	United Kingdom	genome	unknown	B.1.1.7	Alpha
5215	hCoV-19/England/ALDP-1427558/2021	2021-03-11	United Kingdom	genome	unknown	B.1.1.7	Alpha
5216	hCoV-19/England/MILK-13E1D35/2021	2021-03-11	United Kingdom	genome	unknown	B.1.1.7	Alpha
5217	hCoV-19/England/ALDP-1426ED6/2021	2021-03-11	United Kingdom	genome	unknown	B.1.1.7	Alpha
5218	hCoV-19/England/ALDP-14265B3/2021	2021-03-11	United Kingdom	genome	unknown	B.1.1.7	Alpha
5219	hCoV-19/Scotland/QEUH-13CE0AE/2021	2021-03-11	United Kingdom	genome	unknown	B.1.1.7	Alpha
5220	hCoV-19/England/ALDP-1429ED3/2021	2021-03-11	United Kingdom	genome	unknown	B.1.1.7	Alpha
5221	hCoV-19/Scotland/QEUH-13C33BF/2021	2021-03-11	United Kingdom	genome	unknown	B.1.1.7	Alpha
5222	hCoV-19/England/RAND-13EBC6B/2021	2021-03-11	United Kingdom	genome	unknown	B.1.1.7	Alpha
5223	hCoV-19/England/ALDP-142A115/2021	2021-03-11	United Kingdom	genome	unknown	B.1.1.7	Alpha
5224	hCoV-19/England/CAMC-141DA83/2021	2021-03-12	United Kingdom	genome	unknown	B.1.1.7	Alpha
5225	hCoV-19/England/QEUH-13D5D43/2021	2021-03-12	United Kingdom	genome	unknown	B.1.1.7	Alpha
5226	hCoV-19/Scotland/QEUH-13D1530/2021	2021-03-12	United Kingdom	genome	unknown	B.1.1.7	Alpha
5227	hCoV-19/Scotland/QEUH-13D162E/2021	2021-03-12	United Kingdom	genome	unknown	B.1.1.7	Alpha
5228	hCoV-19/England/ALDP-1426BEE/2021	2021-03-12	United Kingdom	genome	unknown	B.1.1.7	Alpha
5229	hCoV-19/England/ALDP-1425D52/2021	2021-03-12	United Kingdom	genome	unknown	B.1.1.7	Alpha
5230	hCoV-19/England/CAMB-AA4383/2021	2021-03-12	United Kingdom	genome	unknown	B.1.1.7	Alpha
5231	hCoV-19/England/ALDP-1426CEB/2021	2021-03-12	United Kingdom	genome	unknown	B.1.1.7	Alpha
5232	hCoV-19/England/ALDP-1429653/2021	2021-03-12	United Kingdom	genome	unknown	B.1.1.7	Alpha
5233	hCoV-19/England/ALDP-142BD7A/2021	2021-03-12	United Kingdom	genome	unknown	B.1.1.7	Alpha
5234	hCoV-19/Wales/ALDP-142C025/2021	2021-03-12	United Kingdom	genome	unknown	B.1.1.7	Alpha
5235	hCoV-19/Wales/PHWC-4DD4B1/2021	2021-03-12	United Kingdom	genome	unknown	B.1.1.7	Alpha
5236	hCoV-19/England/CAMC-13D3783/2021	2021-03-12	United Kingdom	genome	unknown	B.1.1.7	Alpha
5237	hCoV-19/England/MILK-13E170A/2021	2021-03-12	United Kingdom	genome	unknown	B.1.1.7	Alpha
5238	hCoV-19/England/QEUH-13D006D/2021	2021-03-12	United Kingdom	genome	unknown	B.1.1.7	Alpha
5239	hCoV-19/England/CAMC-13D3D45/2021	2021-03-12	United Kingdom	genome	unknown	B.1.1.7	Alpha
5240	hCoV-19/England/MILK-13E2D9E/2021	2021-03-12	United Kingdom	genome	unknown	B.1.1.7	Alpha
5241	hCoV-19/England/MILK-13E2AB5/2021	2021-03-12	United Kingdom	genome	unknown	B.1.1.7	Alpha
5242	hCoV-19/Wales/PHWC-PYYF9N/2021	2021-03-12	United Kingdom	genome	unknown	B.1.1.7	Alpha
5243	hCoV-19/Wales/PHWC-PYY8MJ/2021	2021-03-12	United Kingdom	genome	unknown	B.1.1.7	Alpha
5244	hCoV-19/England/QEUH-13D5E6E/2021	2021-03-12	United Kingdom	genome	unknown	B.1.1.7	Alpha
5245	hCoV-19/Scotland/QEUH-13D1EEA/2021	2021-03-12	United Kingdom	genome	unknown	B.1.1.7	Alpha
5246	hCoV-19/England/ALDP-142C061/2021	2021-03-12	United Kingdom	genome	unknown	B.1.1.7	Alpha
5247	hCoV-19/Scotland/QEUH-13D1B3E/2021	2021-03-12	United Kingdom	genome	unknown	B.1.1.7	Alpha
5248	hCoV-19/England/OXON-F7D39D/2021	2021-03-12	United Kingdom	genome	unknown	B.1.1.7	Alpha
5249	hCoV-19/England/CAMC-141D92C/2021	2021-03-12	United Kingdom	genome	unknown	B.1.1.7	Alpha
5250	hCoV-19/Scotland/QEUH-13CFD88/2021	2021-03-12	United Kingdom	genome	unknown	B.1.1.7	Alpha
5251	hCoV-19/Scotland/QEUH-13D63D7/2021	2021-03-12	United Kingdom	genome	unknown	B.1.1.7	Alpha
5252	hCoV-19/Scotland/QEUH-13D5FE3/2021	2021-03-12	United Kingdom	genome	unknown	B.1.1.7	Alpha
5253	hCoV-19/England/MILK-13D85DF/2021	2021-03-12	United Kingdom	genome	unknown	B.1.1.7	Alpha
5254	hCoV-19/Scotland/EDB16908/2021	2021-03-12	United Kingdom	genome	unknown	B.1.1.7	Alpha
5255	hCoV-19/England/QEUH-13D1C86/2021	2021-03-12	United Kingdom	genome	unknown	B.1.1.7	Alpha
5256	hCoV-19/England/QEUH-13D1DA1/2021	2021-03-12	United Kingdom	genome	unknown	B.1.1.7	Alpha
5257	hCoV-19/England/ALDP-142D015/2021	2021-03-12	United Kingdom	genome	unknown	B.1.1.7	Alpha
5258	hCoV-19/England/MILK-13E427F/2021	2021-03-12	United Kingdom	genome	unknown	B.1.1.7	Alpha
5259	hCoV-19/England/ALDP-142750D/2021	2021-03-12	United Kingdom	genome	unknown	B.1.1.7	Alpha
5260	hCoV-19/England/ALDP-142BCB9/2021	2021-03-12	United Kingdom	genome	unknown	B.1.1.7	Alpha
5261	hCoV-19/England/CAMC-141DC50/2021	2021-03-12	United Kingdom	genome	unknown	B.1.1.7	Alpha
5262	hCoV-19/England/CAMC-141D7D7/2021	2021-03-12	United Kingdom	genome	unknown	B.1.1.7	Alpha
5263	hCoV-19/England/ALDP-14273D6/2021	2021-03-12	United Kingdom	genome	unknown	B.1.1.7	Alpha
5264	hCoV-19/England/ALDP-1429750/2021	2021-03-12	United Kingdom	genome	unknown	B.1.1.7	Alpha
5265	hCoV-19/England/QEUH-13D0777/2021	2021-03-12	United Kingdom	genome	unknown	B.1.1.7	Alpha
5266	hCoV-19/England/QEUH-13D110F/2021	2021-03-12	United Kingdom	genome	unknown	B.1.1.7	Alpha
5267	hCoV-19/England/ALDP-142743D/2021	2021-03-12	United Kingdom	genome	unknown	B.1.1.7	Alpha
5268	hCoV-19/England/QEUH-13D1819/2021	2021-03-12	United Kingdom	genome	unknown	B.1.1.7	Alpha
5269	hCoV-19/England/ALDP-14273F4/2021	2021-03-12	United Kingdom	genome	unknown	B.1.1.7	Alpha
5270	hCoV-19/England/QEUH-13D07E0/2021	2021-03-12	United Kingdom	genome	unknown	B.1.1.7	Alpha
5271	hCoV-19/England/QEUH-13D0962/2021	2021-03-12	United Kingdom	genome	unknown	B.1.1.7	Alpha
5272	hCoV-19/England/QEUH-13D122A/2021	2021-03-12	United Kingdom	genome	unknown	B.1.1.7	Alpha
5273	hCoV-19/England/QEUH-13D0B02/2021	2021-03-12	United Kingdom	genome	unknown	B.1.1.7	Alpha
5274	hCoV-19/Scotland/QEUH-13E0246/2021	2021-03-13	United Kingdom	genome	unknown	B.1.1.7	Alpha
5275	hCoV-19/Scotland/QEUH-13DF0AA/2021	2021-03-13	United Kingdom	genome	unknown	B.1.1.7	Alpha
5276	hCoV-19/England/QEUH-13D969F/2021	2021-03-13	United Kingdom	genome	unknown	B.1.1.7	Alpha
5277	hCoV-19/England/QEUH-13DA898/2021	2021-03-13	United Kingdom	genome	unknown	B.1.1.7	Alpha
5278	hCoV-19/England/QEUH-13D9644/2021	2021-03-13	United Kingdom	genome	unknown	B.1.1.7	Alpha
5279	hCoV-19/England/ALDP-142CE0D/2021	2021-03-13	United Kingdom	genome	unknown	B.1.1.7	Alpha
5280	hCoV-19/England/QEUH-13DA85C/2021	2021-03-13	United Kingdom	genome	unknown	B.1.1.7	Alpha
5281	hCoV-19/England/MILK-13E3137/2021	2021-03-13	United Kingdom	genome	unknown	B.1.1.7	Alpha
5282	hCoV-19/England/MILK-13ED21C/2021	2021-03-13	United Kingdom	genome	unknown	B.1.1.7	Alpha
5283	hCoV-19/England/MILK-13E4558/2021	2021-03-13	United Kingdom	genome	unknown	B.1.1.7	Alpha
5284	hCoV-19/England/QEUH-13DA6F8/2021	2021-03-13	United Kingdom	genome	unknown	B.1.1.7	Alpha
5285	hCoV-19/England/MILK-13ED7B3/2021	2021-03-13	United Kingdom	genome	unknown	B.1.1.7	Alpha
5286	hCoV-19/England/ALDP-142CB06/2021	2021-03-13	United Kingdom	genome	unknown	B.1.1.7	Alpha
5287	hCoV-19/England/ALDP-142C799/2021	2021-03-13	United Kingdom	genome	unknown	B.1.1.7	Alpha
5288	hCoV-19/England/QEUH-13DE3C0/2021	2021-03-13	United Kingdom	genome	unknown	B.1.1.7	Alpha
5289	hCoV-19/England/QEUH-13DA25E/2021	2021-03-13	United Kingdom	genome	unknown	B.1.1.7	Alpha
5290	hCoV-19/England/ALDP-14292F5/2021	2021-03-13	United Kingdom	genome	unknown	B.1.1.7	Alpha
5291	hCoV-19/England/MILK-13E2DBC/2021	2021-03-13	United Kingdom	genome	unknown	B.1.1.7	Alpha
5292	hCoV-19/England/CAMC-13DC6D8/2021	2021-03-13	United Kingdom	genome	unknown	B.1.1.7	Alpha
5293	hCoV-19/England/ALDP-14296BD/2021	2021-03-13	United Kingdom	genome	unknown	B.1.1.7	Alpha
5294	hCoV-19/England/CAMC-13D447C/2021	2021-03-13	United Kingdom	genome	unknown	B.1.1.7	Alpha
5295	hCoV-19/England/ALDP-142C8A5/2021	2021-03-13	United Kingdom	genome	unknown	B.1.1.7	Alpha
5296	hCoV-19/England/QEUH-13F4E1E/2021	2021-03-13	United Kingdom	genome	unknown	B.1.1.7	Alpha
5297	hCoV-19/England/ALDP-1404D86/2021	2021-03-13	United Kingdom	genome	unknown	B.1.1.7	Alpha
5298	hCoV-19/England/NOTT-253039/2021	2021-03-13	United Kingdom	genome	unknown	B.1.1.7	Alpha
5299	hCoV-19/Wales/PHWC-PYY8N5/2021	2021-03-13	United Kingdom	genome	unknown	B.1.1.7	Alpha
5300	hCoV-19/Scotland/QEUH-13DF4AE/2021	2021-03-13	United Kingdom	genome	unknown	B.1.1.7	Alpha
5301	hCoV-19/Scotland/QEUH-13E379F/2021	2021-03-13	United Kingdom	genome	unknown	B.1.1.7	Alpha
5302	hCoV-19/England/ALDP-13E983C/2021	2021-03-13	United Kingdom	genome	unknown	B.1.1.7	Alpha
5303	hCoV-19/Wales/PHWC-4DE27A/2021	2021-03-14	United Kingdom	genome	unknown	B.1.1.7	Alpha
5304	hCoV-19/NorthernIreland/NIRE-001823/2021	2021-03-14	United Kingdom	genome	unknown	B.1.1.7	Alpha
5305	hCoV-19/NorthernIreland/NIRE-0017d4/2021	2021-03-14	United Kingdom	genome	unknown	B.1.1.7	Alpha
5306	hCoV-19/England/ALDP-14294A4/2021	2021-03-14	United Kingdom	genome	unknown	B.1.1.7	Alpha
5307	hCoV-19/England/CAMC-13D6A96/2021	2021-03-14	United Kingdom	genome	unknown	B.1.1.7	Alpha
5308	hCoV-19/England/CAMC-13D6A78/2021	2021-03-14	United Kingdom	genome	unknown	B.1.1.7	Alpha
5309	hCoV-19/England/ALDP-1438369/2021	2021-03-14	United Kingdom	genome	unknown	B.1.1.7	Alpha
5310	hCoV-19/England/QEUH-13E9E0D/2021	2021-03-14	United Kingdom	genome	unknown	B.1.1.7	Alpha
5311	hCoV-19/England/MILK-13EA0D9/2021	2021-03-14	United Kingdom	genome	unknown	B.1.1.7	Alpha
5312	hCoV-19/England/QEUH-13E9D1F/2021	2021-03-14	United Kingdom	genome	unknown	B.1.1.7	Alpha
5313	hCoV-19/England/QEUH-13E56FA/2021	2021-03-14	United Kingdom	genome	unknown	B.1.1.7	Alpha
5314	hCoV-19/England/QEUH-13E54B4/2021	2021-03-14	United Kingdom	genome	unknown	B.1.1.7	Alpha
5315	hCoV-19/England/MILK-13E9104/2021	2021-03-14	United Kingdom	genome	unknown	B.1.1.7	Alpha
5316	hCoV-19/England/QEUH-13E92A7/2021	2021-03-14	United Kingdom	genome	unknown	B.1.1.7	Alpha
5317	hCoV-19/Scotland/QEUH-13E15B5/2021	2021-03-14	United Kingdom	genome	unknown	B.1.1.7	Alpha
5318	hCoV-19/Scotland/QEUH-13E04D7/2021	2021-03-14	United Kingdom	genome	unknown	B.1.1.7	Alpha
5319	hCoV-19/Scotland/QEUH-13E0325/2021	2021-03-14	United Kingdom	genome	unknown	B.1.1.7	Alpha
5320	hCoV-19/England/ALDP-141746D/2021	2021-03-14	United Kingdom	genome	unknown	B.1.1.7	Alpha
5321	hCoV-19/England/ALDP-14190FE/2021	2021-03-14	United Kingdom	genome	unknown	B.1.1.7	Alpha
5322	hCoV-19/England/QEUH-13E5760/2021	2021-03-14	United Kingdom	genome	unknown	B.1.1.7	Alpha
5323	hCoV-19/England/QEUH-13E064A/2021	2021-03-14	United Kingdom	genome	unknown	B.1.1.7	Alpha
5324	hCoV-19/England/QEUH-13E529C/2021	2021-03-14	United Kingdom	genome	unknown	B.1.1.7	Alpha
5325	hCoV-19/Wales/PHWC-4DCE2D/2021	2021-03-14	United Kingdom	genome	unknown	B.1.1.7	Alpha
5326	hCoV-19/Scotland/QEUH-13E8114/2021	2021-03-14	United Kingdom	genome	unknown	B.1.1.7	Alpha
5327	hCoV-19/Scotland/QEUH-13E544B/2021	2021-03-14	United Kingdom	genome	unknown	B.1.1.7	Alpha
5328	hCoV-19/England/ALDP-140F125/2021	2021-03-14	United Kingdom	genome	unknown	B.1.1.7	Alpha
5329	hCoV-19/Scotland/QEUH-13E8572/2021	2021-03-14	United Kingdom	genome	unknown	B.1.1.7	Alpha
5330	hCoV-19/England/ALDP-1419BEE/2021	2021-03-14	United Kingdom	genome	unknown	B.1.1.7	Alpha
5331	hCoV-19/England/CAMC-13EE855/2021	2021-03-14	United Kingdom	genome	unknown	B.1.1.7	Alpha
5332	hCoV-19/England/ALDP-13FFA6A/2021	2021-03-14	United Kingdom	genome	unknown	B.1.1.7	Alpha
5333	hCoV-19/Scotland/CVR7362b/2021	2021-03-14	United Kingdom	genome	unknown	B.1.1.7	Alpha
5334	hCoV-19/England/QEUH-13E351D/2021	2021-03-14	United Kingdom	genome	unknown	B.1.1.7	Alpha
5335	hCoV-19/England/MILK-13ED6A7/2021	2021-03-14	United Kingdom	genome	unknown	B.1.1.7	Alpha
5336	hCoV-19/England/CAMC-13E7E1E/2021	2021-03-14	United Kingdom	genome	unknown	B.1.1.7	Alpha
5337	hCoV-19/England/MILK-13ED267/2021	2021-03-14	United Kingdom	genome	unknown	B.1.1.7	Alpha
5338	hCoV-19/England/QEUH-13E52F6/2021	2021-03-14	United Kingdom	genome	unknown	B.1.1.7	Alpha
5339	hCoV-19/England/MILK-13ED3EC/2021	2021-03-14	United Kingdom	genome	unknown	B.1.1.7	Alpha
5340	hCoV-19/England/ALDP-13E9702/2021	2021-03-14	United Kingdom	genome	unknown	B.1.1.7	Alpha
5341	hCoV-19/England/QEUH-13F0717/2021	2021-03-14	United Kingdom	genome	unknown	B.1.1.7	Alpha
5342	hCoV-19/England/MILK-14038B3/2021	2021-03-14	United Kingdom	genome	unknown	B.1.1.7	Alpha
5343	hCoV-19/England/MILK-13F41CA/2021	2021-03-14	United Kingdom	genome	unknown	B.1.1.7	Alpha
5344	hCoV-19/Scotland/QEUH-13E6B81/2021	2021-03-14	United Kingdom	genome	unknown	B.1.1.7	Alpha
5345	hCoV-19/England/MILK-140CF88/2021	2021-03-15	United Kingdom	genome	unknown	B.1.1.7	Alpha
5346	hCoV-19/England/ALDP-13FFF4D/2021	2021-03-15	United Kingdom	genome	unknown	B.1.1.7	Alpha
5347	hCoV-19/England/ALDP-1402571/2021	2021-03-15	United Kingdom	genome	unknown	B.1.1.7	Alpha
5348	hCoV-19/England/MILK-140375C/2021	2021-03-15	United Kingdom	genome	unknown	B.1.1.7	Alpha
5349	hCoV-19/England/MILK-140140C/2021	2021-03-15	United Kingdom	genome	unknown	B.1.1.7	Alpha
5350	hCoV-19/England/ALDP-13FFFC5/2021	2021-03-15	United Kingdom	genome	unknown	B.1.1.7	Alpha
5351	hCoV-19/England/ALDP-1401CD7/2021	2021-03-15	United Kingdom	genome	unknown	B.1.1.7	Alpha
5352	hCoV-19/England/ALDP-13FFBFE/2021	2021-03-15	United Kingdom	genome	unknown	B.1.1.7	Alpha
5353	hCoV-19/England/ALDP-13FFFB6/2021	2021-03-15	United Kingdom	genome	unknown	B.1.1.7	Alpha
5354	hCoV-19/England/QEUH-13F5CE6/2021	2021-03-15	United Kingdom	genome	unknown	B.1.1.7	Alpha
5355	hCoV-19/England/QEUH-13F05FF/2021	2021-03-15	United Kingdom	genome	unknown	B.1.1.7	Alpha
5356	hCoV-19/England/QEUH-13F5D3E/2021	2021-03-15	United Kingdom	genome	unknown	B.1.1.7	Alpha
5357	hCoV-19/England/QEUH-13F586A/2021	2021-03-15	United Kingdom	genome	unknown	B.1.1.7	Alpha
5358	hCoV-19/England/QEUH-13F62E3/2021	2021-03-15	United Kingdom	genome	unknown	B.1.1.7	Alpha
5359	hCoV-19/England/ALDP-1404A61/2021	2021-03-15	United Kingdom	genome	unknown	B.1.1.7	Alpha
5360	hCoV-19/England/ALDP-14057B4/2021	2021-03-15	United Kingdom	genome	unknown	B.1.1.7	Alpha
5361	hCoV-19/England/ALDP-1404ADA/2021	2021-03-15	United Kingdom	genome	unknown	B.1.1.7	Alpha
5362	hCoV-19/England/MILK-13F41BB/2021	2021-03-15	United Kingdom	genome	unknown	B.1.1.7	Alpha
5363	hCoV-19/England/MILK-1405E55/2021	2021-03-15	United Kingdom	genome	unknown	B.1.1.7	Alpha
5364	hCoV-19/England/ALDP-1404964/2021	2021-03-15	United Kingdom	genome	unknown	B.1.1.7	Alpha
5365	hCoV-19/England/ALDP-14049EC/2021	2021-03-15	United Kingdom	genome	unknown	B.1.1.7	Alpha
5366	hCoV-19/England/QEUH-13F5E59/2021	2021-03-15	United Kingdom	genome	unknown	B.1.1.7	Alpha
5367	hCoV-19/England/MILK-13F4045/2021	2021-03-15	United Kingdom	genome	unknown	B.1.1.7	Alpha
5368	hCoV-19/England/ALDP-1405963/2021	2021-03-15	United Kingdom	genome	unknown	B.1.1.7	Alpha
5369	hCoV-19/England/ALDP-14063EC/2021	2021-03-15	United Kingdom	genome	unknown	B.1.1.7	Alpha
5370	hCoV-19/England/MILK-13FC784/2021	2021-03-15	United Kingdom	genome	unknown	B.1.1.7	Alpha
5371	hCoV-19/England/MILK-13F6571/2021	2021-03-15	United Kingdom	genome	unknown	B.1.1.7	Alpha
5372	hCoV-19/England/ALDP-14026D8/2021	2021-03-15	United Kingdom	genome	unknown	B.1.1.7	Alpha
5373	hCoV-19/England/RAND-13F19F2/2021	2021-03-15	United Kingdom	genome	unknown	B.1.1.7	Alpha
5374	hCoV-19/England/RAND-13F1D05/2021	2021-03-15	United Kingdom	genome	unknown	B.1.1.7	Alpha
5375	hCoV-19/England/RAND-13F1FD2/2021	2021-03-15	United Kingdom	genome	unknown	B.1.1.7	Alpha
5376	hCoV-19/England/RAND-13F1DF6/2021	2021-03-15	United Kingdom	genome	unknown	B.1.1.7	Alpha
5377	hCoV-19/Wales/PHWC-PYYMEM/2021	2021-03-15	United Kingdom	genome	unknown	B.1.1.7	Alpha
5378	hCoV-19/England/ALDP-142544E/2021	2021-03-15	United Kingdom	genome	unknown	B.1.1.7	Alpha
5379	hCoV-19/England/ALDP-141A1FA/2021	2021-03-15	United Kingdom	genome	unknown	B.1.1.7	Alpha
5380	hCoV-19/England/ALDP-140BB76/2021	2021-03-15	United Kingdom	genome	unknown	B.1.1.7	Alpha
5381	hCoV-19/NorthernIreland/NIRE-00183d/2021	2021-03-15	United Kingdom	genome	unknown	B.1.1.7	Alpha
5382	hCoV-19/England/CAMC-13E77AA/2021	2021-03-15	United Kingdom	genome	unknown	B.1.1.7	Alpha
5383	hCoV-19/England/ALDP-141EA73/2021	2021-03-15	United Kingdom	genome	unknown	B.1.1.7	Alpha
5384	hCoV-19/NorthernIreland/NIRE-000b49/2021	2021-03-15	United Kingdom	genome	unknown	B.1.1.7	Alpha
5385	hCoV-19/England/ALDP-13FAB11/2021	2021-03-15	United Kingdom	genome	unknown	B.1.1.7	Alpha
5386	hCoV-19/England/ALDP-14026BA/2021	2021-03-15	United Kingdom	genome	unknown	B.1.1.7	Alpha
5387	hCoV-19/England/ALDP-141A1DC/2021	2021-03-15	United Kingdom	genome	unknown	B.1.1.7	Alpha
5388	hCoV-19/Scotland/QEUH-13F469E/2021	2021-03-15	United Kingdom	genome	unknown	B.1.1.7	Alpha
5389	hCoV-19/England/QEUH-13E4770/2021	2021-03-15	United Kingdom	genome	unknown	B.1.1.7	Alpha
5390	hCoV-19/England/QEUH-13E47F8/2021	2021-03-15	United Kingdom	genome	unknown	B.1.1.7	Alpha
5391	hCoV-19/England/QEUH-13E4FB4/2021	2021-03-15	United Kingdom	genome	unknown	B.1.1.7	Alpha
5392	hCoV-19/England/QEUH-13E5126/2021	2021-03-15	United Kingdom	genome	unknown	B.1.1.7	Alpha
5393	hCoV-19/England/QEUH-13E48D7/2021	2021-03-15	United Kingdom	genome	unknown	B.1.1.7	Alpha
5394	hCoV-19/Scotland/QEUH-13E4840/2021	2021-03-15	United Kingdom	genome	unknown	B.1.1.7	Alpha
5395	hCoV-19/England/ALDP-13F9EA0/2021	2021-03-15	United Kingdom	genome	unknown	B.1.1.7	Alpha
5396	hCoV-19/England/ALDP-13FABF3/2021	2021-03-15	United Kingdom	genome	unknown	B.1.1.7	Alpha
5397	hCoV-19/England/ALDP-13FE9D7/2021	2021-03-15	United Kingdom	genome	unknown	B.1.1.7	Alpha
5398	hCoV-19/England/ALDP-13FE52E/2021	2021-03-15	United Kingdom	genome	unknown	B.1.1.7	Alpha
5399	hCoV-19/Scotland/QEUH-13E89FE/2021	2021-03-15	United Kingdom	genome	unknown	B.1.1.7	Alpha
5400	hCoV-19/Scotland/QEUH-13E5F4A/2021	2021-03-15	United Kingdom	genome	unknown	B.1.1.7	Alpha
5401	hCoV-19/Scotland/QEUH-13E6486/2021	2021-03-15	United Kingdom	genome	unknown	B.1.1.7	Alpha
5402	hCoV-19/England/PHWC-PYYQWX/2021	2021-03-15	United Kingdom	genome	unknown	B.1.1.7	Alpha
5403	hCoV-19/England/ALDP-13FC265/2021	2021-03-15	United Kingdom	genome	unknown	B.1.1.7	Alpha
5404	hCoV-19/England/ALDP-13FFA79/2021	2021-03-15	United Kingdom	genome	unknown	B.1.1.7	Alpha
5405	hCoV-19/England/ALDP-1402ABE/2021	2021-03-15	United Kingdom	genome	unknown	B.1.1.7	Alpha
5406	hCoV-19/England/ALDP-13FC49C/2021	2021-03-15	United Kingdom	genome	unknown	B.1.1.7	Alpha
5407	hCoV-19/England/ALDP-13FA8DE/2021	2021-03-15	United Kingdom	genome	unknown	B.1.1.7	Alpha
5408	hCoV-19/England/QEUH-13E643B/2021	2021-03-15	United Kingdom	genome	unknown	B.1.1.7	Alpha
5409	hCoV-19/England/QEUH-13E6073/2021	2021-03-15	United Kingdom	genome	unknown	B.1.1.7	Alpha
5410	hCoV-19/England/QEUH-13E8DB6/2021	2021-03-15	United Kingdom	genome	unknown	B.1.1.7	Alpha
5411	hCoV-19/England/QEUH-13E80CC/2021	2021-03-15	United Kingdom	genome	unknown	B.1.1.7	Alpha
5412	hCoV-19/England/QEUH-13E86E8/2021	2021-03-15	United Kingdom	genome	unknown	B.1.1.7	Alpha
5413	hCoV-19/England/MILK-13F784A/2021	2021-03-15	United Kingdom	genome	unknown	B.1.1.7	Alpha
5414	hCoV-19/England/QEUH-13E5AEF/2021	2021-03-15	United Kingdom	genome	unknown	B.1.1.7	Alpha
5415	hCoV-19/England/QEUH-13E9F0A/2021	2021-03-15	United Kingdom	genome	unknown	B.1.1.7	Alpha
5416	hCoV-19/England/QEUH-13EC7F0/2021	2021-03-15	United Kingdom	genome	unknown	B.1.1.7	Alpha
5417	hCoV-19/England/QEUH-13E5E4D/2021	2021-03-15	United Kingdom	genome	unknown	B.1.1.7	Alpha
5418	hCoV-19/England/QEUH-13FA373/2021	2021-03-16	United Kingdom	genome	unknown	B.1.1.7	Alpha
5419	hCoV-19/England/ALDP-13F9F34/2021	2021-03-16	United Kingdom	genome	unknown	B.1.1.7	Alpha
5420	hCoV-19/England/QEUH-13FA30A/2021	2021-03-16	United Kingdom	genome	unknown	B.1.1.7	Alpha
5421	hCoV-19/England/QEUH-13F9541/2021	2021-03-16	United Kingdom	genome	unknown	B.1.1.7	Alpha
5422	hCoV-19/Scotland/QEUH-13FA13D/2021	2021-03-16	United Kingdom	genome	unknown	B.1.1.7	Alpha
5423	hCoV-19/England/QEUH-13FA57D/2021	2021-03-16	United Kingdom	genome	unknown	B.1.1.7	Alpha
5424	hCoV-19/England/PHWC-PYYK48/2021	2021-03-16	United Kingdom	genome	unknown	B.1.1.7	Alpha
5425	hCoV-19/England/CAMC-144BD38/2021	2021-03-16	United Kingdom	genome	unknown	B.1.1.7	Alpha
5426	hCoV-19/England/CAMC-144BDA1/2021	2021-03-16	United Kingdom	genome	unknown	B.1.1.7	Alpha
5427	hCoV-19/England/ALDP-140B059/2021	2021-03-16	United Kingdom	genome	unknown	B.1.1.7	Alpha
5428	hCoV-19/England/ALDP-140CC45/2021	2021-03-16	United Kingdom	genome	unknown	B.1.1.7	Alpha
5429	hCoV-19/Wales/PHWC-PYYSZB/2021	2021-03-16	United Kingdom	genome	unknown	B.1.1.7	Alpha
5430	hCoV-19/England/MILK-140FBDC/2021	2021-03-16	United Kingdom	genome	unknown	B.1.1.7	Alpha
5431	hCoV-19/England/RAND-1439D88/2021	2021-03-16	United Kingdom	genome	unknown	B.1.1.7	Alpha
5432	hCoV-19/England/MILK-1419ED6/2021	2021-03-16	United Kingdom	genome	unknown	B.1.1.7	Alpha
5433	hCoV-19/England/ALDP-140C5D1/2021	2021-03-16	United Kingdom	genome	unknown	B.1.1.7	Alpha
5434	hCoV-19/England/QEUH-13FB1F0/2021	2021-03-16	United Kingdom	genome	unknown	B.1.1.7	Alpha
5435	hCoV-19/Scotland/QEUH-13FAF7F/2021	2021-03-16	United Kingdom	genome	unknown	B.1.1.7	Alpha
5436	hCoV-19/Scotland/QEUH-13F4F39/2021	2021-03-16	United Kingdom	genome	unknown	B.1.1.7	Alpha
5437	hCoV-19/England/QEUH-1402395/2021	2021-03-16	United Kingdom	genome	unknown	B.1.1.7	Alpha
5438	hCoV-19/England/ALDP-140C683/2021	2021-03-16	United Kingdom	genome	unknown	B.1.1.7	Alpha
5439	hCoV-19/England/MILK-140D85F/2021	2021-03-16	United Kingdom	genome	unknown	B.1.1.7	Alpha
5440	hCoV-19/England/QEUH-14003E2/2021	2021-03-16	United Kingdom	genome	unknown	B.1.1.7	Alpha
5441	hCoV-19/England/ALDP-14060B8/2021	2021-03-16	United Kingdom	genome	unknown	B.1.1.7	Alpha
5442	hCoV-19/England/MILK-140CF4C/2021	2021-03-16	United Kingdom	genome	unknown	B.1.1.7	Alpha
5443	hCoV-19/England/QEUH-13F7DC3/2021	2021-03-16	United Kingdom	genome	unknown	B.1.1.7	Alpha
5444	hCoV-19/England/MILK-1403130/2021	2021-03-16	United Kingdom	genome	unknown	B.1.1.7	Alpha
5445	hCoV-19/England/QEUH-14002E5/2021	2021-03-16	United Kingdom	genome	unknown	B.1.1.7	Alpha
5446	hCoV-19/England/QEUH-13F494A/2021	2021-03-16	United Kingdom	genome	unknown	B.1.1.7	Alpha
5447	hCoV-19/England/QEUH-13F46DA/2021	2021-03-16	United Kingdom	genome	unknown	B.1.1.7	Alpha
5448	hCoV-19/Scotland/QEUH-13F724C/2021	2021-03-16	United Kingdom	genome	unknown	B.1.1.7	Alpha
5449	hCoV-19/England/ALDP-140C410/2021	2021-03-16	United Kingdom	genome	unknown	B.1.1.7	Alpha
5450	hCoV-19/England/PHEC-300ED6/2021	2021-03-16	United Kingdom	genome	unknown	B.1.1.7	Alpha
5451	hCoV-19/England/PHEC-300F3D/2021	2021-03-16	United Kingdom	genome	unknown	B.1.1.7	Alpha
5452	hCoV-19/England/ALDP-140C076/2021	2021-03-16	United Kingdom	genome	unknown	B.1.1.7	Alpha
5453	hCoV-19/England/ALDP-140C29E/2021	2021-03-16	United Kingdom	genome	unknown	B.1.1.7	Alpha
5454	hCoV-19/England/NORT-1B7EA3E/2021	2021-03-16	United Kingdom	genome	unknown	B.1.1.7	Alpha
5455	hCoV-19/England/ALDP-1400C50/2021	2021-03-16	United Kingdom	genome	unknown	B.1.1.7	Alpha
5456	hCoV-19/Wales/PHWC-PYYP8M/2021	2021-03-16	United Kingdom	genome	unknown	B.1.1.7	Alpha
5457	hCoV-19/England/CAMC-13EF1B3/2021	2021-03-16	United Kingdom	genome	unknown	B.1.1.7	Alpha
5458	hCoV-19/England/ALDP-1402C7C/2021	2021-03-16	United Kingdom	genome	unknown	B.1.1.7	Alpha
5459	hCoV-19/England/QEUH-13F8EED/2021	2021-03-16	United Kingdom	genome	unknown	B.1.1.7	Alpha
5460	hCoV-19/England/MILK-141A998/2021	2021-03-16	United Kingdom	genome	unknown	B.1.1.7	Alpha
5461	hCoV-19/England/QEUH-13F3A48/2021	2021-03-16	United Kingdom	genome	unknown	B.1.1.7	Alpha
5462	hCoV-19/England/MILK-1400EF0/2021	2021-03-16	United Kingdom	genome	unknown	B.1.1.7	Alpha
5463	hCoV-19/England/ALDP-1403EB1/2021	2021-03-16	United Kingdom	genome	unknown	B.1.1.7	Alpha
5464	hCoV-19/England/QEUH-13FEAA7/2021	2021-03-16	United Kingdom	genome	unknown	B.1.1.7	Alpha
5465	hCoV-19/England/QEUH-14001F7/2021	2021-03-16	United Kingdom	genome	unknown	B.1.1.7	Alpha
5466	hCoV-19/England/QEUH-13F8D59/2021	2021-03-16	United Kingdom	genome	unknown	B.1.1.7	Alpha
5467	hCoV-19/England/QEUH-140ACED/2021	2021-03-17	United Kingdom	genome	unknown	B.1.1.7	Alpha
5468	hCoV-19/England/ALDP-1438008/2021	2021-03-17	United Kingdom	genome	unknown	B.1.1.7	Alpha
5469	hCoV-19/England/QEUH-1412523/2021	2021-03-17	United Kingdom	genome	unknown	B.1.1.7	Alpha
5470	hCoV-19/Scotland/QEUH-1408DA0/2021	2021-03-17	United Kingdom	genome	unknown	B.1.1.7	Alpha
5471	hCoV-19/Scotland/QEUH-1408D0A/2021	2021-03-17	United Kingdom	genome	unknown	B.1.1.7	Alpha
5472	hCoV-19/Scotland/QEUH-14072EE/2021	2021-03-17	United Kingdom	genome	unknown	B.1.1.7	Alpha
5473	hCoV-19/England/QEUH-1406C0F/2021	2021-03-17	United Kingdom	genome	unknown	B.1.1.7	Alpha
5474	hCoV-19/England/ALDP-1430079/2021	2021-03-17	United Kingdom	genome	unknown	B.1.1.7	Alpha
5475	hCoV-19/England/ALDP-1439FEC/2021	2021-03-17	United Kingdom	genome	unknown	B.1.1.7	Alpha
5476	hCoV-19/England/ALDP-14361F8/2021	2021-03-17	United Kingdom	genome	unknown	B.1.1.7	Alpha
5477	hCoV-19/England/QEUH-1404F62/2021	2021-03-17	United Kingdom	genome	unknown	B.1.1.7	Alpha
5478	hCoV-19/England/QEUH-14069CC/2021	2021-03-17	United Kingdom	genome	unknown	B.1.1.7	Alpha
5479	hCoV-19/England/QEUH-1406D48/2021	2021-03-17	United Kingdom	genome	unknown	B.1.1.7	Alpha
5480	hCoV-19/Scotland/QEUH-1404339/2021	2021-03-17	United Kingdom	genome	unknown	B.1.1.7	Alpha
5481	hCoV-19/England/QEUH-1407B89/2021	2021-03-17	United Kingdom	genome	unknown	B.1.1.7	Alpha
5482	hCoV-19/Wales/PHWC-PYY4KA/2021	2021-03-17	United Kingdom	genome	unknown	B.1.1.7	Alpha
5483	hCoV-19/Wales/PHWC-PYY3BM/2021	2021-03-17	United Kingdom	genome	unknown	B.1.1.7	Alpha
5484	hCoV-19/Wales/PHWC-PYY65T/2021	2021-03-17	United Kingdom	genome	unknown	B.1.1.7	Alpha
5485	hCoV-19/Wales/PHWC-PYY7CT/2021	2021-03-17	United Kingdom	genome	unknown	B.1.1.7	Alpha
5486	hCoV-19/Wales/PHWC-PYYH4I/2021	2021-03-17	United Kingdom	genome	unknown	B.1.1.7	Alpha
5487	hCoV-19/England/ALDP-1439F19/2021	2021-03-17	United Kingdom	genome	unknown	B.1.1.7	Alpha
5488	hCoV-19/England/MILK-141961A/2021	2021-03-17	United Kingdom	genome	unknown	B.1.1.7	Alpha
5489	hCoV-19/England/MILK-14194B6/2021	2021-03-17	United Kingdom	genome	unknown	B.1.1.7	Alpha
5490	hCoV-19/NorthernIreland/NIRE-0018c5/2021	2021-03-17	United Kingdom	genome	unknown	B.1.1.7	Alpha
5491	hCoV-19/England/ALDP-1430219/2021	2021-03-17	United Kingdom	genome	unknown	B.1.1.7	Alpha
5492	hCoV-19/Scotland/QEUH-140B5A5/2021	2021-03-17	United Kingdom	genome	unknown	B.1.1.7	Alpha
5493	hCoV-19/Scotland/QEUH-140B271/2021	2021-03-17	United Kingdom	genome	unknown	B.1.1.7	Alpha
5494	hCoV-19/England/CAMC-13EF854/2021	2021-03-17	United Kingdom	genome	unknown	B.1.1.7	Alpha
5495	hCoV-19/England/ALDP-1436231/2021	2021-03-17	United Kingdom	genome	unknown	B.1.1.7	Alpha
5496	hCoV-19/England/MILK-140AA5C/2021	2021-03-17	United Kingdom	genome	unknown	B.1.1.7	Alpha
5497	hCoV-19/England/MILK-14DB535/2021	2021-03-17	United Kingdom	genome	unknown	B.1.1.7	Alpha
5498	hCoV-19/England/MILK-14184B7/2021	2021-03-17	United Kingdom	genome	unknown	B.1.1.7	Alpha
5499	hCoV-19/England/MILK-14DB395/2021	2021-03-17	United Kingdom	genome	unknown	B.1.1.7	Alpha
5500	hCoV-19/England/PHWC-PYBY3T/2021	2021-03-18	United Kingdom	genome	unknown	B.1.1.7	Alpha
5501	hCoV-19/England/PHWC-PYBGPR/2021	2021-03-18	United Kingdom	genome	unknown	B.1.1.7	Alpha
5502	hCoV-19/England/PHWC-PYBGO7/2021	2021-03-18	United Kingdom	genome	unknown	B.1.1.7	Alpha
5503	hCoV-19/Wales/PHWC-PYBXP5/2021	2021-03-18	United Kingdom	genome	unknown	B.1.1.7	Alpha
5504	hCoV-19/Wales/PHWC-PYBYPK/2021	2021-03-18	United Kingdom	genome	unknown	B.1.1.7	Alpha
5505	hCoV-19/Scotland/QEUH-141855A/2021	2021-03-18	United Kingdom	genome	unknown	B.1.1.7	Alpha
5506	hCoV-19/England/BIRM-BCNBWR/2021	2021-03-18	United Kingdom	genome	unknown	B.1.1.7	Alpha
5507	hCoV-19/Wales/PHWC-PYY7G7/2021	2021-03-18	United Kingdom	genome	unknown	B.1.1.7	Alpha
5508	hCoV-19/Scotland/QEUH-1408344/2021	2021-03-18	United Kingdom	genome	unknown	B.1.1.7	Alpha
5509	hCoV-19/England/QEUH-140E6BE/2021	2021-03-18	United Kingdom	genome	unknown	B.1.1.7	Alpha
5510	hCoV-19/Scotland/QEUH-1417184/2021	2021-03-18	United Kingdom	genome	unknown	B.1.1.7	Alpha
5511	hCoV-19/Scotland/QEUH-1407DED/2021	2021-03-18	United Kingdom	genome	unknown	B.1.1.7	Alpha
5512	hCoV-19/England/QEUH-14150B6/2021	2021-03-18	United Kingdom	genome	unknown	B.1.1.7	Alpha
5513	hCoV-19/England/QEUH-1414460/2021	2021-03-18	United Kingdom	genome	unknown	B.1.1.7	Alpha
5514	hCoV-19/England/QEUH-1414934/2021	2021-03-18	United Kingdom	genome	unknown	B.1.1.7	Alpha
5515	hCoV-19/England/QEUH-1413EDC/2021	2021-03-18	United Kingdom	genome	unknown	B.1.1.7	Alpha
5516	hCoV-19/England/QEUH-1409343/2021	2021-03-18	United Kingdom	genome	unknown	B.1.1.7	Alpha
5517	hCoV-19/England/QEUH-1409325/2021	2021-03-18	United Kingdom	genome	unknown	B.1.1.7	Alpha
5518	hCoV-19/England/CAMC-13FF7AF/2021	2021-03-18	United Kingdom	genome	unknown	B.1.1.7	Alpha
5519	hCoV-19/England/CAMC-13FF62A/2021	2021-03-18	United Kingdom	genome	unknown	B.1.1.7	Alpha
5520	hCoV-19/Scotland/QEUH-14151FF/2021	2021-03-18	United Kingdom	genome	unknown	B.1.1.7	Alpha
5521	hCoV-19/Scotland/QEUH-1415292/2021	2021-03-18	United Kingdom	genome	unknown	B.1.1.7	Alpha
5522	hCoV-19/England/ALDP-1439CB8/2021	2021-03-18	United Kingdom	genome	unknown	B.1.1.7	Alpha
5523	hCoV-19/England/MILK-14B98DA/2021	2021-03-18	United Kingdom	genome	unknown	B.1.1.7	Alpha
5524	hCoV-19/England/QEUH-1416DEB/2021	2021-03-18	United Kingdom	genome	unknown	B.1.1.7	Alpha
5525	hCoV-19/England/CAMC-141BD9B/2021	2021-03-18	United Kingdom	genome	unknown	B.1.1.7	Alpha
5526	hCoV-19/England/ALDP-142F277/2021	2021-03-18	United Kingdom	genome	unknown	B.1.1.7	Alpha
5527	hCoV-19/England/ALDP-143255A/2021	2021-03-18	United Kingdom	genome	unknown	B.1.1.7	Alpha
5528	hCoV-19/NorthernIreland/NIRE-001765/2021	2021-03-18	United Kingdom	genome	unknown	B.1.1.7	Alpha
5529	hCoV-19/NorthernIreland/NIRE-0017a1/2021	2021-03-18	United Kingdom	genome	unknown	B.1.1.7	Alpha
5530	hCoV-19/England/ALDP-142AA56/2021	2021-03-18	United Kingdom	genome	unknown	B.1.1.7	Alpha
5531	hCoV-19/England/ALDP-1444D11/2021	2021-03-18	United Kingdom	genome	unknown	B.1.1.7	Alpha
5532	hCoV-19/England/CAMC-141D25E/2021	2021-03-18	United Kingdom	genome	unknown	B.1.1.7	Alpha
5533	hCoV-19/Scotland/QEUH-1407DDE/2021	2021-03-18	United Kingdom	genome	unknown	B.1.1.7	Alpha
5534	hCoV-19/Scotland/QEUH-14092DD/2021	2021-03-18	United Kingdom	genome	unknown	B.1.1.7	Alpha
5535	hCoV-19/England/ALDP-143641D/2021	2021-03-18	United Kingdom	genome	unknown	B.1.1.7	Alpha
5536	hCoV-19/England/QEUH-1418693/2021	2021-03-18	United Kingdom	genome	unknown	B.1.1.7	Alpha
5537	hCoV-19/England/QEUH-1418736/2021	2021-03-18	United Kingdom	genome	unknown	B.1.1.7	Alpha
5538	hCoV-19/England/ALDP-1436477/2021	2021-03-18	United Kingdom	genome	unknown	B.1.1.7	Alpha
5539	hCoV-19/England/ALDP-142F426/2021	2021-03-18	United Kingdom	genome	unknown	B.1.1.7	Alpha
5540	hCoV-19/England/QEUH-1420470/2021	2021-03-18	United Kingdom	genome	unknown	B.1.1.7	Alpha
5541	hCoV-19/England/ALDP-1438123/2021	2021-03-18	United Kingdom	genome	unknown	B.1.1.7	Alpha
5542	hCoV-19/England/ALDP-14324E4/2021	2021-03-18	United Kingdom	genome	unknown	B.1.1.7	Alpha
5543	hCoV-19/Scotland/QEUH-142339E/2021	2021-03-19	United Kingdom	genome	unknown	B.1.1.7	Alpha
5544	hCoV-19/Scotland/QEUH-14258D9/2021	2021-03-19	United Kingdom	genome	unknown	B.1.1.7	Alpha
5545	hCoV-19/England/MILK-144585B/2021	2021-03-19	United Kingdom	genome	unknown	B.1.1.7	Alpha
5546	hCoV-19/England/ALDP-1448BC8/2021	2021-03-19	United Kingdom	genome	unknown	B.1.1.7	Alpha
5547	hCoV-19/England/ALDP-144774D/2021	2021-03-19	United Kingdom	genome	unknown	B.1.1.7	Alpha
5548	hCoV-19/NorthernIreland/NIRE-001718/2021	2021-03-19	United Kingdom	genome	unknown	B.1.1.7	Alpha
5549	hCoV-19/NorthernIreland/NIRE-00171a/2021	2021-03-19	United Kingdom	genome	unknown	B.1.1.7	Alpha
5550	hCoV-19/England/QEUH-1420874/2021	2021-03-19	United Kingdom	genome	unknown	B.1.1.7	Alpha
5551	hCoV-19/England/ALDP-1448BF5/2021	2021-03-19	United Kingdom	genome	unknown	B.1.1.7	Alpha
5552	hCoV-19/Scotland/QEUH-1412A9D/2021	2021-03-19	United Kingdom	genome	unknown	B.1.1.7	Alpha
5553	hCoV-19/Wales/PHWC-PYBM4R/2021	2021-03-19	United Kingdom	genome	unknown	B.1.1.7	Alpha
5554	hCoV-19/England/QEUH-1424E05/2021	2021-03-19	United Kingdom	genome	unknown	B.1.1.7	Alpha
5555	hCoV-19/England/ALDP-143EFC9/2021	2021-03-19	United Kingdom	genome	unknown	B.1.1.7	Alpha
5556	hCoV-19/England/QEUH-1423871/2021	2021-03-19	United Kingdom	genome	unknown	B.1.1.7	Alpha
5557	hCoV-19/England/CAMC-1418A1F/2021	2021-03-19	United Kingdom	genome	unknown	B.1.1.7	Alpha
5558	hCoV-19/England/QEUH-1424D62/2021	2021-03-19	United Kingdom	genome	unknown	B.1.1.7	Alpha
5559	hCoV-19/Scotland/QEUH-1422DDD/2021	2021-03-19	United Kingdom	genome	unknown	B.1.1.7	Alpha
5560	hCoV-19/England/LCST-24DD7FE/2021	2021-03-19	United Kingdom	genome	unknown	B.1.1.7	Alpha
5561	hCoV-19/England/QEUH-1425FA7/2021	2021-03-19	United Kingdom	genome	unknown	B.1.1.7	Alpha
5562	hCoV-19/England/QEUH-1426155/2021	2021-03-19	United Kingdom	genome	unknown	B.1.1.7	Alpha
5563	hCoV-19/England/RAND-143D2B2/2021	2021-03-19	United Kingdom	genome	unknown	B.1.1.7	Alpha
5564	hCoV-19/England/QEUH-1425F5C/2021	2021-03-19	United Kingdom	genome	unknown	B.1.1.7	Alpha
5565	hCoV-19/England/CAMC-141C5FC/2021	2021-03-19	United Kingdom	genome	unknown	B.1.1.7	Alpha
5566	hCoV-19/England/QEUH-1412EFB/2021	2021-03-19	United Kingdom	genome	unknown	B.1.1.7	Alpha
5567	hCoV-19/England/QEUH-142637D/2021	2021-03-19	United Kingdom	genome	unknown	B.1.1.7	Alpha
5568	hCoV-19/England/QEUH-141466A/2021	2021-03-19	United Kingdom	genome	unknown	B.1.1.7	Alpha
5569	hCoV-19/England/QEUH-1414891/2021	2021-03-19	United Kingdom	genome	unknown	B.1.1.7	Alpha
5570	hCoV-19/Wales/PHWC-PYBQ63/2021	2021-03-19	United Kingdom	genome	unknown	B.1.1.7	Alpha
5571	hCoV-19/Wales/PHWC-PYBR6D/2021	2021-03-19	United Kingdom	genome	unknown	B.1.1.7	Alpha
5572	hCoV-19/England/CAMC-141CBCD/2021	2021-03-19	United Kingdom	genome	unknown	B.1.1.7	Alpha
5573	hCoV-19/England/ALDP-1448797/2021	2021-03-19	United Kingdom	genome	unknown	B.1.1.7	Alpha
5574	hCoV-19/England/QEUH-1425FB6/2021	2021-03-19	United Kingdom	genome	unknown	B.1.1.7	Alpha
5575	hCoV-19/England/QEUH-1425ED7/2021	2021-03-19	United Kingdom	genome	unknown	B.1.1.7	Alpha
5576	hCoV-19/England/RAND-1434488/2021	2021-03-19	United Kingdom	genome	unknown	B.1.1.7	Alpha
5577	hCoV-19/England/ALDP-143CD58/2021	2021-03-20	United Kingdom	genome	unknown	B.1.1.7	Alpha
5578	hCoV-19/England/ALDP-1446C7C/2021	2021-03-20	United Kingdom	genome	unknown	B.1.1.7	Alpha
5579	hCoV-19/England/ALDP-1445C13/2021	2021-03-20	United Kingdom	genome	unknown	B.1.1.7	Alpha
5580	hCoV-19/Scotland/QEUH-1424290/2021	2021-03-20	United Kingdom	genome	unknown	B.1.1.7	Alpha
5581	hCoV-19/Scotland/QEUH-141F122/2021	2021-03-20	United Kingdom	genome	unknown	B.1.1.7	Alpha
5582	hCoV-19/England/MILK-143CB03/2021	2021-03-20	United Kingdom	genome	unknown	B.1.1.7	Alpha
5583	hCoV-19/England/RAND-14588FB/2021	2021-03-20	United Kingdom	genome	unknown	B.1.1.7	Alpha
5584	hCoV-19/Wales/PHWC-PYYAWF/2021	2021-03-20	United Kingdom	genome	unknown	B.1.1.7	Alpha
5585	hCoV-19/Wales/PHWC-PYYAPW/2021	2021-03-20	United Kingdom	genome	unknown	B.1.1.7	Alpha
5586	hCoV-19/England/MILK-143C9CD/2021	2021-03-20	United Kingdom	genome	unknown	B.1.1.7	Alpha
5587	hCoV-19/England/ALDP-146CA49/2021	2021-03-20	United Kingdom	genome	unknown	B.1.1.7	Alpha
5588	hCoV-19/England/ALDP-1446D00/2021	2021-03-20	United Kingdom	genome	unknown	B.1.1.7	Alpha
5589	hCoV-19/England/QEUH-14313CA/2021	2021-03-20	United Kingdom	genome	unknown	B.1.1.7	Alpha
5590	hCoV-19/England/MILK-144CA30/2021	2021-03-20	United Kingdom	genome	unknown	B.1.1.7	Alpha
5591	hCoV-19/Scotland/QEUH-14312AF/2021	2021-03-20	United Kingdom	genome	unknown	B.1.1.7	Alpha
5592	hCoV-19/NorthernIreland/NIRE-00173c/2021	2021-03-20	United Kingdom	genome	unknown	B.1.1.7	Alpha
5593	hCoV-19/England/QEUH-142F927/2021	2021-03-20	United Kingdom	genome	unknown	B.1.1.7	Alpha
5594	hCoV-19/England/QEUH-142EA61/2021	2021-03-20	United Kingdom	genome	unknown	B.1.1.7	Alpha
5595	hCoV-19/England/QEUH-1434DD8/2021	2021-03-20	United Kingdom	genome	unknown	B.1.1.7	Alpha
5596	hCoV-19/England/QEUH-143974E/2021	2021-03-20	United Kingdom	genome	unknown	B.1.1.7	Alpha
5597	hCoV-19/England/ALDP-143D49E/2021	2021-03-20	United Kingdom	genome	unknown	B.1.1.7	Alpha
5598	hCoV-19/England/MILK-145680C/2021	2021-03-20	United Kingdom	genome	unknown	B.1.1.7	Alpha
5599	hCoV-19/England/ALDP-1445A55/2021	2021-03-20	United Kingdom	genome	unknown	B.1.1.7	Alpha
5600	hCoV-19/Wales/PHWC-PYRE4B/2021	2021-03-20	United Kingdom	genome	unknown	B.1.1.7	Alpha
5601	hCoV-19/England/ALDP-14437C9/2021	2021-03-20	United Kingdom	genome	unknown	B.1.1.7	Alpha
5602	hCoV-19/England/ALDP-143FE16/2021	2021-03-20	United Kingdom	genome	unknown	B.1.1.7	Alpha
5603	hCoV-19/England/ALDP-143F0B6/2021	2021-03-20	United Kingdom	genome	unknown	B.1.1.7	Alpha
5604	hCoV-19/England/QEUH-1434CBD/2021	2021-03-20	United Kingdom	genome	unknown	B.1.1.7	Alpha
5605	hCoV-19/England/ALDP-143D416/2021	2021-03-20	United Kingdom	genome	unknown	B.1.1.7	Alpha
5606	hCoV-19/England/MILK-144723D/2021	2021-03-20	United Kingdom	genome	unknown	B.1.1.7	Alpha
5607	hCoV-19/England/MILK-144974B/2021	2021-03-20	United Kingdom	genome	unknown	B.1.1.7	Alpha
5608	hCoV-19/England/QEUH-1434998/2021	2021-03-20	United Kingdom	genome	unknown	B.1.1.7	Alpha
5609	hCoV-19/England/ALDP-1443AA2/2021	2021-03-20	United Kingdom	genome	unknown	B.1.1.7	Alpha
5610	hCoV-19/England/QEUH-1420BF3/2021	2021-03-20	United Kingdom	genome	unknown	B.1.1.7	Alpha
5611	hCoV-19/England/QEUH-14372C7/2021	2021-03-20	United Kingdom	genome	unknown	B.1.1.7	Alpha
5612	hCoV-19/England/QEUH-1420A41/2021	2021-03-20	United Kingdom	genome	unknown	B.1.1.7	Alpha
5613	hCoV-19/Scotland/QEUH-142504A/2021	2021-03-20	United Kingdom	genome	unknown	B.1.1.7	Alpha
5614	hCoV-19/England/MILK-144A829/2021	2021-03-20	United Kingdom	genome	unknown	B.1.1.7	Alpha
5615	hCoV-19/England/ALDP-145C3BA/2021	2021-03-20	United Kingdom	genome	unknown	B.1.1.7	Alpha
5616	hCoV-19/Scotland/QEUH-1424F3F/2021	2021-03-20	United Kingdom	genome	unknown	B.1.1.7	Alpha
5617	hCoV-19/Scotland/QEUH-1448005/2021	2021-03-20	United Kingdom	genome	unknown	B.1.1.7	Alpha
5618	hCoV-19/Wales/PHWC-PYBFO6/2021	2021-03-20	United Kingdom	genome	unknown	B.1.1.7	Alpha
5619	hCoV-19/England/QEUH-1450E6A/2021	2021-03-20	United Kingdom	genome	unknown	B.1.1.7	Alpha
5620	hCoV-19/England/ALDP-143F371/2021	2021-03-20	United Kingdom	genome	unknown	B.1.1.7	Alpha
5621	hCoV-19/England/ALDP-143F2FC/2021	2021-03-20	United Kingdom	genome	unknown	B.1.1.7	Alpha
5622	hCoV-19/England/ALDP-144E44F/2021	2021-03-20	United Kingdom	genome	unknown	B.1.1.7	Alpha
5623	hCoV-19/England/ALDP-143F3BD/2021	2021-03-20	United Kingdom	genome	unknown	B.1.1.7	Alpha
5624	hCoV-19/England/QEUH-1437582/2021	2021-03-20	United Kingdom	genome	unknown	B.1.1.7	Alpha
5625	hCoV-19/England/QEUH-14315D3/2021	2021-03-20	United Kingdom	genome	unknown	B.1.1.7	Alpha
5626	hCoV-19/England/QEUH-14319B9/2021	2021-03-20	United Kingdom	genome	unknown	B.1.1.7	Alpha
5627	hCoV-19/Wales/PHWC-PYBJIO/2021	2021-03-21	United Kingdom	genome	unknown	B.1.1.7	Alpha
5628	hCoV-19/Scotland/QEUH-1443BDC/2021	2021-03-21	United Kingdom	genome	unknown	B.1.1.7	Alpha
5629	hCoV-19/Wales/PHWC-PYBDQF/2021	2021-03-21	United Kingdom	genome	unknown	B.1.1.7	Alpha
5630	hCoV-19/Scotland/QEUH-14467A8/2021	2021-03-21	United Kingdom	genome	unknown	B.1.1.7	Alpha
5631	hCoV-19/England/ALDP-144E56A/2021	2021-03-21	United Kingdom	genome	unknown	B.1.1.7	Alpha
5632	hCoV-19/England/ALDP-144E306/2021	2021-03-21	United Kingdom	genome	unknown	B.1.1.7	Alpha
5633	hCoV-19/England/ALDP-143FC3A/2021	2021-03-21	United Kingdom	genome	unknown	B.1.1.7	Alpha
5634	hCoV-19/Scotland/QEUH-143488C/2021	2021-03-21	United Kingdom	genome	unknown	B.1.1.7	Alpha
5635	hCoV-19/England/QEUH-143F696/2021	2021-03-21	United Kingdom	genome	unknown	B.1.1.7	Alpha
5636	hCoV-19/England/QEUH-143F58A/2021	2021-03-21	United Kingdom	genome	unknown	B.1.1.7	Alpha
5637	hCoV-19/England/QEUH-144872E/2021	2021-03-21	United Kingdom	genome	unknown	B.1.1.7	Alpha
5638	hCoV-19/England/ALDP-144E51F/2021	2021-03-21	United Kingdom	genome	unknown	B.1.1.7	Alpha
5639	hCoV-19/England/PHEC-U303UA1B/2021	2021-03-21	United Kingdom	genome	unknown	B.1.1.7	Alpha
5640	hCoV-19/England/QEUH-14AA2FC/2021	2021-03-21	United Kingdom	genome	unknown	B.1.1.7	Alpha
5641	hCoV-19/Wales/PHWC-PYBJ3E/2021	2021-03-21	United Kingdom	genome	unknown	B.1.1.7	Alpha
5642	hCoV-19/England/QEUH-1443E4C/2021	2021-03-21	United Kingdom	genome	unknown	B.1.1.7	Alpha
5643	hCoV-19/England/MILK-1442FFF/2021	2021-03-21	United Kingdom	genome	unknown	B.1.1.7	Alpha
5644	hCoV-19/England/MILK-144A65C/2021	2021-03-21	United Kingdom	genome	unknown	B.1.1.7	Alpha
5645	hCoV-19/England/ALDP-1454024/2021	2021-03-21	United Kingdom	genome	unknown	B.1.1.7	Alpha
5646	hCoV-19/England/ALDP-1444C8D/2021	2021-03-21	United Kingdom	genome	unknown	B.1.1.7	Alpha
5647	hCoV-19/England/ALDP-14541E5/2021	2021-03-21	United Kingdom	genome	unknown	B.1.1.7	Alpha
5648	hCoV-19/England/ALDP-1454042/2021	2021-03-21	United Kingdom	genome	unknown	B.1.1.7	Alpha
5649	hCoV-19/England/ALDP-1454051/2021	2021-03-21	United Kingdom	genome	unknown	B.1.1.7	Alpha
5650	hCoV-19/England/QEUH-14465AE/2021	2021-03-21	United Kingdom	genome	unknown	B.1.1.7	Alpha
5651	hCoV-19/England/ALDP-144395A/2021	2021-03-21	United Kingdom	genome	unknown	B.1.1.7	Alpha
5652	hCoV-19/Scotland/QEUH-1431421/2021	2021-03-21	United Kingdom	genome	unknown	B.1.1.7	Alpha
5653	hCoV-19/England/ALDP-1444C9C/2021	2021-03-21	United Kingdom	genome	unknown	B.1.1.7	Alpha
5654	hCoV-19/England/ALDP-1443723/2021	2021-03-21	United Kingdom	genome	unknown	B.1.1.7	Alpha
5655	hCoV-19/England/ALDP-143CD94/2021	2021-03-21	United Kingdom	genome	unknown	B.1.1.7	Alpha
5656	hCoV-19/England/ALDP-144AD48/2021	2021-03-21	United Kingdom	genome	unknown	B.1.1.7	Alpha
5657	hCoV-19/England/MILK-1443091/2021	2021-03-21	United Kingdom	genome	unknown	B.1.1.7	Alpha
5658	hCoV-19/England/ALDP-1443B09/2021	2021-03-21	United Kingdom	genome	unknown	B.1.1.7	Alpha
5659	hCoV-19/England/QEUH-1443CCA/2021	2021-03-21	United Kingdom	genome	unknown	B.1.1.7	Alpha
5660	hCoV-19/England/MILK-1445378/2021	2021-03-21	United Kingdom	genome	unknown	B.1.1.7	Alpha
5661	hCoV-19/England/MILK-144344A/2021	2021-03-21	United Kingdom	genome	unknown	B.1.1.7	Alpha
5662	hCoV-19/England/MILK-144327D/2021	2021-03-21	United Kingdom	genome	unknown	B.1.1.7	Alpha
5663	hCoV-19/England/QEUH-14465F9/2021	2021-03-21	United Kingdom	genome	unknown	B.1.1.7	Alpha
5664	hCoV-19/England/QEUH-1443DB8/2021	2021-03-21	United Kingdom	genome	unknown	B.1.1.7	Alpha
5665	hCoV-19/England/ALDP-1440EB8/2021	2021-03-21	United Kingdom	genome	unknown	B.1.1.7	Alpha
5666	hCoV-19/England/QEUH-144054A/2021	2021-03-21	United Kingdom	genome	unknown	B.1.1.7	Alpha
5667	hCoV-19/England/QEUH-144830C/2021	2021-03-21	United Kingdom	genome	unknown	B.1.1.7	Alpha
5668	hCoV-19/England/QEUH-14463FF/2021	2021-03-21	United Kingdom	genome	unknown	B.1.1.7	Alpha
5669	hCoV-19/England/ALDP-143CC6A/2021	2021-03-21	United Kingdom	genome	unknown	B.1.1.7	Alpha
5670	hCoV-19/England/ALDP-1445CB9/2021	2021-03-21	United Kingdom	genome	unknown	B.1.1.7	Alpha
5671	hCoV-19/England/QEUH-1448F35/2021	2021-03-21	United Kingdom	genome	unknown	B.1.1.7	Alpha
5672	hCoV-19/England/QEUH-143E952/2021	2021-03-21	United Kingdom	genome	unknown	B.1.1.7	Alpha
5673	hCoV-19/Scotland/QEUH-143EEAE/2021	2021-03-21	United Kingdom	genome	unknown	B.1.1.7	Alpha
5674	hCoV-19/England/QEUH-143ECB3/2021	2021-03-21	United Kingdom	genome	unknown	B.1.1.7	Alpha
5675	hCoV-19/Scotland/QEUH-143EDCF/2021	2021-03-21	United Kingdom	genome	unknown	B.1.1.7	Alpha
5676	hCoV-19/Scotland/QEUH-143F502/2021	2021-03-21	United Kingdom	genome	unknown	B.1.1.7	Alpha
5677	hCoV-19/England/QEUH-1441F0F/2021	2021-03-21	United Kingdom	genome	unknown	B.1.1.7	Alpha
5678	hCoV-19/England/QEUH-144234E/2021	2021-03-21	United Kingdom	genome	unknown	B.1.1.7	Alpha
5679	hCoV-19/England/MILK-14579EA/2021	2021-03-21	United Kingdom	genome	unknown	B.1.1.7	Alpha
5680	hCoV-19/England/ALDP-144C7EE/2021	2021-03-21	United Kingdom	genome	unknown	B.1.1.7	Alpha
5681	hCoV-19/England/ALDP-144C6E1/2021	2021-03-21	United Kingdom	genome	unknown	B.1.1.7	Alpha
5682	hCoV-19/England/ALDP-14411FA/2021	2021-03-21	United Kingdom	genome	unknown	B.1.1.7	Alpha
5683	hCoV-19/England/QEUH-1444151/2021	2021-03-22	United Kingdom	genome	unknown	B.1.1.7	Alpha
5684	hCoV-19/Wales/PHWC-PYB4RN/2021	2021-03-22	United Kingdom	genome	unknown	B.1.1.7	Alpha
5685	hCoV-19/England/QEUH-14415B2/2021	2021-03-22	United Kingdom	genome	unknown	B.1.1.7	Alpha
5686	hCoV-19/England/ALDP-1460DD3/2021	2021-03-22	United Kingdom	genome	unknown	B.1.1.7	Alpha
5687	hCoV-19/England/ALDP-145C174/2021	2021-03-22	United Kingdom	genome	unknown	B.1.1.7	Alpha
5688	hCoV-19/England/QEUH-1454868/2021	2021-03-22	United Kingdom	genome	unknown	B.1.1.7	Alpha
5689	hCoV-19/Wales/PHWC-PYBXFM/2021	2021-03-22	United Kingdom	genome	unknown	B.1.1.7	Alpha
5690	hCoV-19/England/ALDP-146114F/2021	2021-03-22	United Kingdom	genome	unknown	B.1.1.7	Alpha
5691	hCoV-19/England/ALDP-1452A64/2021	2021-03-22	United Kingdom	genome	unknown	B.1.1.7	Alpha
5692	hCoV-19/England/ALDP-14519A4/2021	2021-03-22	United Kingdom	genome	unknown	B.1.1.7	Alpha
5693	hCoV-19/England/QEUH-145659C/2021	2021-03-22	United Kingdom	genome	unknown	B.1.1.7	Alpha
5694	hCoV-19/England/ALDP-145A422/2021	2021-03-22	United Kingdom	genome	unknown	B.1.1.7	Alpha
5695	hCoV-19/England/QEUH-1450E4C/2021	2021-03-22	United Kingdom	genome	unknown	B.1.1.7	Alpha
5696	hCoV-19/England/ALDP-1451B9F/2021	2021-03-22	United Kingdom	genome	unknown	B.1.1.7	Alpha
5697	hCoV-19/Scotland/QEUH-1448630/2021	2021-03-22	United Kingdom	genome	unknown	B.1.1.7	Alpha
5698	hCoV-19/England/MILK-1456C00/2021	2021-03-22	United Kingdom	genome	unknown	B.1.1.7	Alpha
5699	hCoV-19/England/ALDP-14581C3/2021	2021-03-22	United Kingdom	genome	unknown	B.1.1.7	Alpha
5700	hCoV-19/England/ALDP-1467F5E/2021	2021-03-22	United Kingdom	genome	unknown	B.1.1.7	Alpha
5701	hCoV-19/England/CAMC-144B07B/2021	2021-03-22	United Kingdom	genome	unknown	B.1.1.7	Alpha
5702	hCoV-19/England/ALDP-146747D/2021	2021-03-22	United Kingdom	genome	unknown	B.1.1.7	Alpha
5703	hCoV-19/England/QEUH-143F54E/2021	2021-03-22	United Kingdom	genome	unknown	B.1.1.7	Alpha
5704	hCoV-19/England/ALDP-1452B16/2021	2021-03-22	United Kingdom	genome	unknown	B.1.1.7	Alpha
5705	hCoV-19/England/MILK-1456F9E/2021	2021-03-22	United Kingdom	genome	unknown	B.1.1.7	Alpha
5706	hCoV-19/England/QEUH-14563FC/2021	2021-03-22	United Kingdom	genome	unknown	B.1.1.7	Alpha
5707	hCoV-19/England/QEUH-1444546/2021	2021-03-22	United Kingdom	genome	unknown	B.1.1.7	Alpha
5708	hCoV-19/England/QEUH-145658D/2021	2021-03-22	United Kingdom	genome	unknown	B.1.1.7	Alpha
5709	hCoV-19/England/ALDP-145A3E9/2021	2021-03-22	United Kingdom	genome	unknown	B.1.1.7	Alpha
5710	hCoV-19/England/QEUH-144A8FC/2021	2021-03-22	United Kingdom	genome	unknown	B.1.1.7	Alpha
5711	hCoV-19/England/QEUH-1450FB2/2021	2021-03-22	United Kingdom	genome	unknown	B.1.1.7	Alpha
5712	hCoV-19/England/ALDP-1450741/2021	2021-03-22	United Kingdom	genome	unknown	B.1.1.7	Alpha
5713	hCoV-19/Scotland/QEUH-14547D4/2021	2021-03-22	United Kingdom	genome	unknown	B.1.1.7	Alpha
5714	hCoV-19/Scotland/QEUH-144CEF8/2021	2021-03-22	United Kingdom	genome	unknown	B.1.1.7	Alpha
5715	hCoV-19/England/CAMC-144C353/2021	2021-03-22	United Kingdom	genome	unknown	B.1.1.7	Alpha
5716	hCoV-19/England/ALDP-145914A/2021	2021-03-22	United Kingdom	genome	unknown	B.1.1.7	Alpha
5717	hCoV-19/England/QEUH-1453386/2021	2021-03-22	United Kingdom	genome	unknown	B.1.1.7	Alpha
5718	hCoV-19/England/ALDP-14583CD/2021	2021-03-22	United Kingdom	genome	unknown	B.1.1.7	Alpha
5719	hCoV-19/England/QEUH-144908C/2021	2021-03-22	United Kingdom	genome	unknown	B.1.1.7	Alpha
5720	hCoV-19/England/ALDP-145A3DA/2021	2021-03-22	United Kingdom	genome	unknown	B.1.1.7	Alpha
5721	hCoV-19/England/MILK-145730A/2021	2021-03-22	United Kingdom	genome	unknown	B.1.1.7	Alpha
5722	hCoV-19/Scotland/QEUH-145522D/2021	2021-03-22	United Kingdom	genome	unknown	B.1.1.7	Alpha
5723	hCoV-19/England/QEUH-144CEDA/2021	2021-03-22	United Kingdom	genome	unknown	B.1.1.7	Alpha
5724	hCoV-19/England/QEUH-144CD37/2021	2021-03-22	United Kingdom	genome	unknown	B.1.1.7	Alpha
5725	hCoV-19/England/QEUH-144EFC6/2021	2021-03-22	United Kingdom	genome	unknown	B.1.1.7	Alpha
5726	hCoV-19/England/QEUH-144ECFC/2021	2021-03-22	United Kingdom	genome	unknown	B.1.1.7	Alpha
5727	hCoV-19/England/QEUH-144CD46/2021	2021-03-22	United Kingdom	genome	unknown	B.1.1.7	Alpha
5728	hCoV-19/Scotland/QEUH-144F10B/2021	2021-03-22	United Kingdom	genome	unknown	B.1.1.7	Alpha
5729	hCoV-19/England/ALDP-14507D8/2021	2021-03-22	United Kingdom	genome	unknown	B.1.1.7	Alpha
5730	hCoV-19/England/QEUH-145117F/2021	2021-03-22	United Kingdom	genome	unknown	B.1.1.7	Alpha
5731	hCoV-19/England/QEUH-14513C4/2021	2021-03-22	United Kingdom	genome	unknown	B.1.1.7	Alpha
5732	hCoV-19/England/MILK-1455F35/2021	2021-03-22	United Kingdom	genome	unknown	B.1.1.7	Alpha
5733	hCoV-19/England/ALDP-14518B6/2021	2021-03-22	United Kingdom	genome	unknown	B.1.1.7	Alpha
5734	hCoV-19/Scotland/QEUH-14555AC/2021	2021-03-22	United Kingdom	genome	unknown	B.1.1.7	Alpha
5735	hCoV-19/Scotland/QEUH-1455472/2021	2021-03-22	United Kingdom	genome	unknown	B.1.1.7	Alpha
5736	hCoV-19/Scotland/QEUH-145325C/2021	2021-03-22	United Kingdom	genome	unknown	B.1.1.7	Alpha
5737	hCoV-19/England/QEUH-144CF9B/2021	2021-03-22	United Kingdom	genome	unknown	B.1.1.7	Alpha
5738	hCoV-19/England/ALDP-14691CF/2021	2021-03-23	United Kingdom	genome	unknown	B.1.1.7	Alpha
5739	hCoV-19/England/ALDP-1468324/2021	2021-03-23	United Kingdom	genome	unknown	B.1.1.7	Alpha
5740	hCoV-19/England/ALDP-14675C5/2021	2021-03-23	United Kingdom	genome	unknown	B.1.1.7	Alpha
5741	hCoV-19/England/ALDP-1467352/2021	2021-03-23	United Kingdom	genome	unknown	B.1.1.7	Alpha
5742	hCoV-19/England/MILK-1465F9C/2021	2021-03-23	United Kingdom	genome	unknown	B.1.1.7	Alpha
5743	hCoV-19/England/ALDP-147736E/2021	2021-03-23	United Kingdom	genome	unknown	B.1.1.7	Alpha
5744	hCoV-19/England/ALDP-1468F4E/2021	2021-03-23	United Kingdom	genome	unknown	B.1.1.7	Alpha
5745	hCoV-19/England/ALDP-14693F6/2021	2021-03-23	United Kingdom	genome	unknown	B.1.1.7	Alpha
5746	hCoV-19/England/ALDP-147AD30/2021	2021-03-23	United Kingdom	genome	unknown	B.1.1.7	Alpha
5747	hCoV-19/England/QEUH-145F821/2021	2021-03-23	United Kingdom	genome	unknown	B.1.1.7	Alpha
5748	hCoV-19/England/ALDP-1467D63/2021	2021-03-23	United Kingdom	genome	unknown	B.1.1.7	Alpha
5749	hCoV-19/England/ALDP-146CD6E/2021	2021-03-23	United Kingdom	genome	unknown	B.1.1.7	Alpha
5750	hCoV-19/England/QEUH-145DB93/2021	2021-03-23	United Kingdom	genome	unknown	B.1.1.7	Alpha
5751	hCoV-19/England/ALDP-146C584/2021	2021-03-23	United Kingdom	genome	unknown	B.1.1.7	Alpha
5752	hCoV-19/England/ALDP-1469235/2021	2021-03-23	United Kingdom	genome	unknown	B.1.1.7	Alpha
5753	hCoV-19/England/ALDP-146D5DE/2021	2021-03-23	United Kingdom	genome	unknown	B.1.1.7	Alpha
5754	hCoV-19/England/ALDP-146EE0F/2021	2021-03-23	United Kingdom	genome	unknown	B.1.1.7	Alpha
5755	hCoV-19/England/ALDP-146761D/2021	2021-03-23	United Kingdom	genome	unknown	B.1.1.7	Alpha
5756	hCoV-19/England/ALDP-14672CE/2021	2021-03-23	United Kingdom	genome	unknown	B.1.1.7	Alpha
5757	hCoV-19/England/ALDP-146F2B7/2021	2021-03-23	United Kingdom	genome	unknown	B.1.1.7	Alpha
5758	hCoV-19/England/MILK-1470532/2021	2021-03-23	United Kingdom	genome	unknown	B.1.1.7	Alpha
5759	hCoV-19/England/ALDP-146F0F9/2021	2021-03-23	United Kingdom	genome	unknown	B.1.1.7	Alpha
5760	hCoV-19/England/ALDP-1470B7C/2021	2021-03-23	United Kingdom	genome	unknown	B.1.1.7	Alpha
5761	hCoV-19/England/PHEC-301ED5/2021	2021-03-23	United Kingdom	genome	unknown	B.1.1.7	Alpha
5762	hCoV-19/England/ALDP-1470DC1/2021	2021-03-23	United Kingdom	genome	unknown	B.1.1.7	Alpha
5763	hCoV-19/England/QEUH-145FC61/2021	2021-03-23	United Kingdom	genome	unknown	B.1.1.7	Alpha
5764	hCoV-19/England/ALDP-14743E9/2021	2021-03-23	United Kingdom	genome	unknown	B.1.1.7	Alpha
5765	hCoV-19/England/PHEC-3020CF/2021	2021-03-23	United Kingdom	genome	unknown	B.1.1.7	Alpha
5766	hCoV-19/England/QEUH-14613EF/2021	2021-03-23	United Kingdom	genome	unknown	B.1.1.7	Alpha
5767	hCoV-19/Scotland/QEUH-145AD36/2021	2021-03-23	United Kingdom	genome	unknown	B.1.1.7	Alpha
5768	hCoV-19/Scotland/QEUH-145E00C/2021	2021-03-23	United Kingdom	genome	unknown	B.1.1.7	Alpha
5769	hCoV-19/Scotland/QEUH-1459818/2021	2021-03-23	United Kingdom	genome	unknown	B.1.1.7	Alpha
5770	hCoV-19/England/ALDP-1470D49/2021	2021-03-23	United Kingdom	genome	unknown	B.1.1.7	Alpha
5771	hCoV-19/England/MILK-1466186/2021	2021-03-23	United Kingdom	genome	unknown	B.1.1.7	Alpha
5772	hCoV-19/England/ALDP-1466C58/2021	2021-03-23	United Kingdom	genome	unknown	B.1.1.7	Alpha
5773	hCoV-19/Scotland/CVR7415/2021	2021-03-23	United Kingdom	genome	unknown	B.1.1.7	Alpha
5774	hCoV-19/England/MILK-1465819/2021	2021-03-23	United Kingdom	genome	unknown	B.1.1.7	Alpha
5775	hCoV-19/Wales/PHWC-PYBAYC/2021	2021-03-23	United Kingdom	genome	unknown	B.1.1.7	Alpha
5776	hCoV-19/Wales/PHWC-PYNCJR/2021	2021-03-23	United Kingdom	genome	unknown	B.1.1.7	Alpha
5777	hCoV-19/Scotland/QEUH-14552D2/2021	2021-03-23	United Kingdom	genome	unknown	B.1.1.7	Alpha
5778	hCoV-19/England/QEUH-145EAD1/2021	2021-03-23	United Kingdom	genome	unknown	B.1.1.7	Alpha
5779	hCoV-19/Scotland/QEUH-145E94D/2021	2021-03-23	United Kingdom	genome	unknown	B.1.1.7	Alpha
5780	hCoV-19/Scotland/QEUH-1459AA9/2021	2021-03-23	United Kingdom	genome	unknown	B.1.1.7	Alpha
5781	hCoV-19/England/MILK-147159B/2021	2021-03-24	United Kingdom	genome	unknown	B.1.1.7	Alpha
5782	hCoV-19/England/ALDP-146C539/2021	2021-03-24	United Kingdom	genome	unknown	B.1.1.7	Alpha
5783	hCoV-19/Scotland/QEUH-150025D/2021	2021-03-24	United Kingdom	genome	unknown	B.1.1.7	Alpha
5784	hCoV-19/Wales/PHWC-PYNCUX/2021	2021-03-24	United Kingdom	genome	unknown	B.1.1.7	Alpha
5785	hCoV-19/NorthernIreland/NIRE-0015c7/2021	2021-03-24	United Kingdom	genome	unknown	B.1.1.7	Alpha
5786	hCoV-19/England/ALDP-147A0CE/2021	2021-03-24	United Kingdom	genome	unknown	B.1.1.7	Alpha
5787	hCoV-19/England/MILK-14A3F47/2021	2021-03-24	United Kingdom	genome	unknown	B.1.1.7	Alpha
5788	hCoV-19/NorthernIreland/NIRE-00162c/2021	2021-03-24	United Kingdom	genome	unknown	B.1.1.7	Alpha
5789	hCoV-19/Wales/PHWC-PYNXRM/2021	2021-03-24	United Kingdom	genome	unknown	B.1.1.7	Alpha
5790	hCoV-19/England/MILK-1470A42/2021	2021-03-24	United Kingdom	genome	unknown	B.1.1.7	Alpha
5791	hCoV-19/England/MILK-1472460/2021	2021-03-24	United Kingdom	genome	unknown	B.1.1.7	Alpha
5792	hCoV-19/England/ALDP-146AEC7/2021	2021-03-24	United Kingdom	genome	unknown	B.1.1.7	Alpha
5793	hCoV-19/England/ALDP-146AFD3/2021	2021-03-24	United Kingdom	genome	unknown	B.1.1.7	Alpha
5794	hCoV-19/England/QEUH-146BE99/2021	2021-03-24	United Kingdom	genome	unknown	B.1.1.7	Alpha
5795	hCoV-19/England/ALDP-146B7CB/2021	2021-03-24	United Kingdom	genome	unknown	B.1.1.7	Alpha
5796	hCoV-19/England/QEUH-146C2C9/2021	2021-03-24	United Kingdom	genome	unknown	B.1.1.7	Alpha
5797	hCoV-19/England/MILK-14722C0/2021	2021-03-24	United Kingdom	genome	unknown	B.1.1.7	Alpha
5798	hCoV-19/England/ALDP-14771FB/2021	2021-03-24	United Kingdom	genome	unknown	B.1.1.7	Alpha
5799	hCoV-19/England/QEUH-146A29E/2021	2021-03-24	United Kingdom	genome	unknown	B.1.1.7	Alpha
5800	hCoV-19/England/ALDP-149334E/2021	2021-03-24	United Kingdom	genome	unknown	B.1.1.7	Alpha
5801	hCoV-19/England/ALDP-1478AA4/2021	2021-03-24	United Kingdom	genome	unknown	B.1.1.7	Alpha
5802	hCoV-19/England/PHWC-PYNCOI/2021	2021-03-24	United Kingdom	genome	unknown	B.1.1.7	Alpha
5803	hCoV-19/England/ALDP-1477DE8/2021	2021-03-24	United Kingdom	genome	unknown	B.1.1.7	Alpha
5804	hCoV-19/Scotland/QEUH-145F065/2021	2021-03-24	United Kingdom	genome	unknown	B.1.1.7	Alpha
5805	hCoV-19/Scotland/QEUH-145F3A8/2021	2021-03-24	United Kingdom	genome	unknown	B.1.1.7	Alpha
5806	hCoV-19/England/QEUH-145A1C1/2021	2021-03-24	United Kingdom	genome	unknown	B.1.1.7	Alpha
5807	hCoV-19/England/ALDP-147448C/2021	2021-03-24	United Kingdom	genome	unknown	B.1.1.7	Alpha
5808	hCoV-19/England/ALDP-1473F40/2021	2021-03-24	United Kingdom	genome	unknown	B.1.1.7	Alpha
5809	hCoV-19/England/ALDP-147654B/2021	2021-03-24	United Kingdom	genome	unknown	B.1.1.7	Alpha
5810	hCoV-19/England/ALDP-14781CD/2021	2021-03-24	United Kingdom	genome	unknown	B.1.1.7	Alpha
5811	hCoV-19/England/ALDP-147A574/2021	2021-03-24	United Kingdom	genome	unknown	B.1.1.7	Alpha
5812	hCoV-19/England/ALDP-147885F/2021	2021-03-24	United Kingdom	genome	unknown	B.1.1.7	Alpha
5813	hCoV-19/England/ALDP-1478FC3/2021	2021-03-24	United Kingdom	genome	unknown	B.1.1.7	Alpha
5814	hCoV-19/England/ALDP-1478C17/2021	2021-03-24	United Kingdom	genome	unknown	B.1.1.7	Alpha
5815	hCoV-19/England/QEUH-146BCAE/2021	2021-03-24	United Kingdom	genome	unknown	B.1.1.7	Alpha
5816	hCoV-19/England/QEUH-1468685/2021	2021-03-24	United Kingdom	genome	unknown	B.1.1.7	Alpha
5817	hCoV-19/Scotland/QEUH-145FF95/2021	2021-03-24	United Kingdom	genome	unknown	B.1.1.7	Alpha
5818	hCoV-19/England/QEUH-1469BB2/2021	2021-03-24	United Kingdom	genome	unknown	B.1.1.7	Alpha
5819	hCoV-19/England/QEUH-1468579/2021	2021-03-24	United Kingdom	genome	unknown	B.1.1.7	Alpha
5820	hCoV-19/England/QEUH-147C985/2021	2021-03-25	United Kingdom	genome	unknown	B.1.1.7	Alpha
5821	hCoV-19/Scotland/QEUH-146F8A6/2021	2021-03-25	United Kingdom	genome	unknown	B.1.1.7	Alpha
5822	hCoV-19/England/QEUH-146A085/2021	2021-03-25	United Kingdom	genome	unknown	B.1.1.7	Alpha
5823	hCoV-19/England/QEUH-147D09E/2021	2021-03-25	United Kingdom	genome	unknown	B.1.1.7	Alpha
5824	hCoV-19/England/ALDP-147A0DD/2021	2021-03-25	United Kingdom	genome	unknown	B.1.1.7	Alpha
5825	hCoV-19/England/QEUH-147C642/2021	2021-03-25	United Kingdom	genome	unknown	B.1.1.7	Alpha
5826	hCoV-19/England/CAMC-1459FD7/2021	2021-03-25	United Kingdom	genome	unknown	B.1.1.7	Alpha
5827	hCoV-19/England/PHEC-301EF3/2021	2021-03-25	United Kingdom	genome	unknown	B.1.1.7	Alpha
5828	hCoV-19/Scotland/QEUH-146C171/2021	2021-03-25	United Kingdom	genome	unknown	B.1.1.7	Alpha
5829	hCoV-19/Scotland/QEUH-146C250/2021	2021-03-25	United Kingdom	genome	unknown	B.1.1.7	Alpha
5830	hCoV-19/England/ALDP-1479645/2021	2021-03-25	United Kingdom	genome	unknown	B.1.1.7	Alpha
5831	hCoV-19/Scotland/QEUH-146A5B3/2021	2021-03-25	United Kingdom	genome	unknown	B.1.1.7	Alpha
5832	hCoV-19/NorthernIreland/NIRE-0016c4/2021	2021-03-25	United Kingdom	genome	unknown	B.1.1.7	Alpha
5833	hCoV-19/England/QEUH-147C369/2021	2021-03-25	United Kingdom	genome	unknown	B.1.1.7	Alpha
5834	hCoV-19/England/QEUH-147C35A/2021	2021-03-25	United Kingdom	genome	unknown	B.1.1.7	Alpha
5835	hCoV-19/Wales/PHWC-PYNTOO/2021	2021-03-25	United Kingdom	genome	unknown	B.1.1.7	Alpha
5836	hCoV-19/England/ALDP-1490EAA/2021	2021-03-25	United Kingdom	genome	unknown	B.1.1.7	Alpha
5837	hCoV-19/England/ALDP-1490DDA/2021	2021-03-25	United Kingdom	genome	unknown	B.1.1.7	Alpha
5838	hCoV-19/England/MILK-14A41AA/2021	2021-03-25	United Kingdom	genome	unknown	B.1.1.7	Alpha
5839	hCoV-19/England/ALDP-147A617/2021	2021-03-25	United Kingdom	genome	unknown	B.1.1.7	Alpha
5840	hCoV-19/England/MILK-14A3DB6/2021	2021-03-25	United Kingdom	genome	unknown	B.1.1.7	Alpha
5841	hCoV-19/England/ALDP-14906FD/2021	2021-03-25	United Kingdom	genome	unknown	B.1.1.7	Alpha
5842	hCoV-19/England/SHEF-10E7C71/2021	2021-03-25	United Kingdom	genome	unknown	B.1.1.7	Alpha
5843	hCoV-19/England/QEUH-1469CBF/2021	2021-03-25	United Kingdom	genome	unknown	B.1.1.7	Alpha
5844	hCoV-19/England/ALDP-14922F7/2021	2021-03-25	United Kingdom	genome	unknown	B.1.1.7	Alpha
5845	hCoV-19/England/QEUH-146E93B/2021	2021-03-25	United Kingdom	genome	unknown	B.1.1.7	Alpha
5846	hCoV-19/England/MILK-14B9500/2021	2021-03-25	United Kingdom	genome	unknown	B.1.1.7	Alpha
5847	hCoV-19/England/QEUH-146A4B6/2021	2021-03-25	United Kingdom	genome	unknown	B.1.1.7	Alpha
5848	hCoV-19/England/ALDP-1477BEE/2021	2021-03-25	United Kingdom	genome	unknown	B.1.1.7	Alpha
5849	hCoV-19/England/ALDP-1478910/2021	2021-03-25	United Kingdom	genome	unknown	B.1.1.7	Alpha
5850	hCoV-19/England/ALDP-14948A8/2021	2021-03-25	United Kingdom	genome	unknown	B.1.1.7	Alpha
5851	hCoV-19/England/ALDP-148FBD4/2021	2021-03-26	United Kingdom	genome	unknown	B.1.1.7	Alpha
5852	hCoV-19/England/QEUH-1479D6E/2021	2021-03-26	United Kingdom	genome	unknown	B.1.1.7	Alpha
5853	hCoV-19/England/ALDP-1499964/2021	2021-03-26	United Kingdom	genome	unknown	B.1.1.7	Alpha
5854	hCoV-19/England/ALDP-148D9CD/2021	2021-03-26	United Kingdom	genome	unknown	B.1.1.7	Alpha
5855	hCoV-19/England/ALDP-148AD1F/2021	2021-03-26	United Kingdom	genome	unknown	B.1.1.7	Alpha
5856	hCoV-19/England/QEUH-1477920/2021	2021-03-26	United Kingdom	genome	unknown	B.1.1.7	Alpha
5857	hCoV-19/England/ALDP-1489AEC/2021	2021-03-26	United Kingdom	genome	unknown	B.1.1.7	Alpha
5858	hCoV-19/England/ALDP-1489897/2021	2021-03-26	United Kingdom	genome	unknown	B.1.1.7	Alpha
5859	hCoV-19/England/RAND-1485CF9/2021	2021-03-26	United Kingdom	genome	unknown	B.1.1.7	Alpha
5860	hCoV-19/England/ALDP-1495FDF/2021	2021-03-26	United Kingdom	genome	unknown	B.1.1.7	Alpha
5861	hCoV-19/England/ALDP-1489994/2021	2021-03-26	United Kingdom	genome	unknown	B.1.1.7	Alpha
5862	hCoV-19/NorthernIreland/RAND-14903BA/2021	2021-03-26	United Kingdom	genome	unknown	B.1.1.7	Alpha
5863	hCoV-19/NorthernIreland/NIRE-001670/2021	2021-03-26	United Kingdom	genome	unknown	B.1.1.7	Alpha
5864	hCoV-19/England/QEUH-147DC8B/2021	2021-03-26	United Kingdom	genome	unknown	B.1.1.7	Alpha
5865	hCoV-19/England/QEUH-1479D9B/2021	2021-03-26	United Kingdom	genome	unknown	B.1.1.7	Alpha
5866	hCoV-19/England/QEUH-147DB9D/2021	2021-03-26	United Kingdom	genome	unknown	B.1.1.7	Alpha
5867	hCoV-19/Scotland/QEUH-147D2E3/2021	2021-03-26	United Kingdom	genome	unknown	B.1.1.7	Alpha
5868	hCoV-19/NorthernIreland/NIRE-001679/2021	2021-03-26	United Kingdom	genome	unknown	B.1.1.7	Alpha
5869	hCoV-19/England/MILK-148C050/2021	2021-03-26	United Kingdom	genome	unknown	B.1.1.7	Alpha
5870	hCoV-19/Wales/ALDP-148DAAC/2021	2021-03-26	United Kingdom	genome	unknown	B.1.1.7	Alpha
5871	hCoV-19/England/QEUH-147F82B/2021	2021-03-26	United Kingdom	genome	unknown	B.1.1.7	Alpha
5872	hCoV-19/Scotland/QEUH-1468430/2021	2021-03-26	United Kingdom	genome	unknown	B.1.1.7	Alpha
5873	hCoV-19/England/MILK-148A32C/2021	2021-03-26	United Kingdom	genome	unknown	B.1.1.7	Alpha
5874	hCoV-19/England/ALDP-1496F83/2021	2021-03-26	United Kingdom	genome	unknown	B.1.1.7	Alpha
5875	hCoV-19/Scotland/QEUH-14894DF/2021	2021-03-26	United Kingdom	genome	unknown	B.1.1.7	Alpha
5876	hCoV-19/England/ALDP-149719B/2021	2021-03-26	United Kingdom	genome	unknown	B.1.1.7	Alpha
5877	hCoV-19/England/ALDP-14982B5/2021	2021-03-26	United Kingdom	genome	unknown	B.1.1.7	Alpha
5878	hCoV-19/England/ALDP-148AB7F/2021	2021-03-26	United Kingdom	genome	unknown	B.1.1.7	Alpha
5879	hCoV-19/England/MILK-148A1F5/2021	2021-03-26	United Kingdom	genome	unknown	Q.1	Alpha
5880	hCoV-19/Scotland/QEUH-147C31E/2021	2021-03-26	United Kingdom	genome	unknown	B.1.1.7	Alpha
5881	hCoV-19/England/ALDP-148BA26/2021	2021-03-26	United Kingdom	genome	unknown	B.1.1.7	Alpha
5882	hCoV-19/Wales/PHWC-PYN4F6/2021	2021-03-26	United Kingdom	genome	unknown	B.1.1.7	Alpha
5883	hCoV-19/England/ALDP-148B25B/2021	2021-03-26	United Kingdom	genome	unknown	B.1.1.7	Alpha
5884	hCoV-19/Scotland/QEUH-146A5FF/2021	2021-03-26	United Kingdom	genome	unknown	B.1.1.7	Alpha
5885	hCoV-19/England/ALDP-14982A6/2021	2021-03-26	United Kingdom	genome	unknown	B.1.1.7	Alpha
5886	hCoV-19/England/RAND-1492D32/2021	2021-03-26	United Kingdom	genome	unknown	B.1.1.7	Alpha
5887	hCoV-19/England/BIRM-BCBN7U/2021	2021-03-26	United Kingdom	genome	unknown	B.1.1.7	Alpha
5888	hCoV-19/England/ALDP-148DDC1/2021	2021-03-26	United Kingdom	genome	unknown	B.1.1.7	Alpha
5889	hCoV-19/England/QEUH-147F6E5/2021	2021-03-26	United Kingdom	genome	unknown	B.1.1.7	Alpha
5890	hCoV-19/England/MILK-14C23A0/2021	2021-03-26	United Kingdom	genome	unknown	B.1.1.7	Alpha
5891	hCoV-19/England/CAMC-147B19D/2021	2021-03-26	United Kingdom	genome	unknown	B.1.1.7	Alpha
5892	hCoV-19/England/CAMC-147B27C/2021	2021-03-26	United Kingdom	genome	unknown	B.1.1.7	Alpha
5893	hCoV-19/Scotland/QEUH-147C053/2021	2021-03-26	United Kingdom	genome	unknown	B.1.1.7	Alpha
5894	hCoV-19/Wales/PHWC-PYNWTM/2021	2021-03-26	United Kingdom	genome	unknown	B.1.1.7	Alpha
5895	hCoV-19/Scotland/QEUH-146B998/2021	2021-03-26	United Kingdom	genome	unknown	B.1.1.7	Alpha
5896	hCoV-19/Scotland/QEUH-147BCF6/2021	2021-03-26	United Kingdom	genome	unknown	B.1.1.7	Alpha
5897	hCoV-19/England/QEUH-147EAEA/2021	2021-03-26	United Kingdom	genome	unknown	B.1.1.7	Alpha
5898	hCoV-19/England/ALDP-148DAD9/2021	2021-03-26	United Kingdom	genome	unknown	B.1.1.7	Alpha
5899	hCoV-19/England/QEUH-148783F/2021	2021-03-27	United Kingdom	genome	unknown	B.1.1.7	Alpha
5900	hCoV-19/Scotland/QEUH-147D8F0/2021	2021-03-27	United Kingdom	genome	unknown	B.1.1.7	Alpha
5901	hCoV-19/England/MILK-148CCB6/2021	2021-03-27	United Kingdom	genome	unknown	B.1.1.7	Alpha
5902	hCoV-19/England/MILK-148D1C5/2021	2021-03-27	United Kingdom	genome	unknown	B.1.1.7	Alpha
5903	hCoV-19/England/ALDP-148D4EA/2021	2021-03-27	United Kingdom	genome	unknown	B.1.1.7	Alpha
5904	hCoV-19/England/ALDP-149427D/2021	2021-03-27	United Kingdom	genome	unknown	B.1.1.7	Alpha
5905	hCoV-19/England/ALDP-149393D/2021	2021-03-27	United Kingdom	genome	unknown	B.1.1.7	Alpha
5906	hCoV-19/England/ALDP-14969FE/2021	2021-03-27	United Kingdom	genome	unknown	B.1.1.7	Alpha
5907	hCoV-19/England/ALDP-1493DAA/2021	2021-03-27	United Kingdom	genome	unknown	B.1.1.7	Alpha
5908	hCoV-19/NorthernIreland/RAND-149BF33/2021	2021-03-27	United Kingdom	genome	unknown	B.1.1.7	Alpha
5909	hCoV-19/England/ALDP-1498B9C/2021	2021-03-27	United Kingdom	genome	unknown	B.1.1.7	Alpha
5910	hCoV-19/England/CAMC-147B29A/2021	2021-03-27	United Kingdom	genome	unknown	B.1.1.7	Alpha
5911	hCoV-19/England/ALDP-148D71E/2021	2021-03-27	United Kingdom	genome	unknown	B.1.1.7	Alpha
5912	hCoV-19/England/MILK-1493214/2021	2021-03-27	United Kingdom	genome	unknown	B.1.1.7	Alpha
5913	hCoV-19/England/ALDP-148D4DB/2021	2021-03-27	United Kingdom	genome	unknown	B.1.1.7	Alpha
5914	hCoV-19/England/ALDP-14997A6/2021	2021-03-27	United Kingdom	genome	unknown	B.1.1.7	Alpha
5915	hCoV-19/England/QEUH-148113A/2021	2021-03-27	United Kingdom	genome	unknown	B.1.1.7	Alpha
5916	hCoV-19/Scotland/QEUH-148154D/2021	2021-03-27	United Kingdom	genome	unknown	B.1.1.7	Alpha
5917	hCoV-19/England/MILK-148F943/2021	2021-03-27	United Kingdom	genome	unknown	B.1.1.7	Alpha
5918	hCoV-19/England/MILK-148C6E5/2021	2021-03-27	United Kingdom	genome	unknown	B.1.1.7	Alpha
5919	hCoV-19/England/MILK-148CBAA/2021	2021-03-27	United Kingdom	genome	unknown	B.1.1.7	Alpha
5920	hCoV-19/England/QEUH-1480FE6/2021	2021-03-27	United Kingdom	genome	unknown	B.1.1.7	Alpha
5921	hCoV-19/England/MILK-148F9DA/2021	2021-03-27	United Kingdom	genome	unknown	B.1.1.7	Alpha
5922	hCoV-19/England/ALDP-148DFCB/2021	2021-03-27	United Kingdom	genome	unknown	B.1.1.7	Alpha
5923	hCoV-19/England/ALDP-148E15B/2021	2021-03-27	United Kingdom	genome	unknown	B.1.1.7	Alpha
5924	hCoV-19/England/MILK-148CFF9/2021	2021-03-27	United Kingdom	genome	unknown	B.1.1.7	Alpha
5925	hCoV-19/England/PHEC-U307UD3C/2021	2021-03-27	United Kingdom	genome	unknown	B.1.1.7	Alpha
5926	hCoV-19/England/ALDP-148D295/2021	2021-03-27	United Kingdom	genome	unknown	B.1.1.7	Alpha
5927	hCoV-19/NorthernIreland/NIRE-0016cf/2021	2021-03-27	United Kingdom	genome	unknown	B.1.1.7	Alpha
5928	hCoV-19/Scotland/CVR7492/2021	2021-03-27	United Kingdom	genome	unknown	B.1.1.7	Alpha
5929	hCoV-19/England/ALDP-1494DC7/2021	2021-03-27	United Kingdom	genome	unknown	B.1.1.7	Alpha
5930	hCoV-19/England/QEUH-1480F7D/2021	2021-03-27	United Kingdom	genome	unknown	B.1.1.7	Alpha
5931	hCoV-19/England/ALDP-1495397/2021	2021-03-27	United Kingdom	genome	unknown	B.1.1.7	Alpha
5932	hCoV-19/NorthernIreland/NIRE-0016d7/2021	2021-03-28	United Kingdom	genome	unknown	B.1.1.7	Alpha
5933	hCoV-19/England/ALDP-149F60D/2021	2021-03-28	United Kingdom	genome	unknown	B.1.1.7	Alpha
5934	hCoV-19/England/ALDP-149E228/2021	2021-03-28	United Kingdom	genome	unknown	B.1.1.7	Alpha
5935	hCoV-19/England/ALDP-149DDBF/2021	2021-03-28	United Kingdom	genome	unknown	B.1.1.7	Alpha
5936	hCoV-19/Scotland/QEUH-1488494/2021	2021-03-28	United Kingdom	genome	unknown	B.1.1.7	Alpha
5937	hCoV-19/England/CAMC-14A690A/2021	2021-03-28	United Kingdom	genome	unknown	B.1.1.7	Alpha
5938	hCoV-19/NorthernIreland/RAND-149129E/2021	2021-03-28	United Kingdom	genome	unknown	B.1.1.7	Alpha
5939	hCoV-19/England/QEUH-149884A/2021	2021-03-28	United Kingdom	genome	unknown	B.1.1.7	Alpha
5940	hCoV-19/England/ALDP-149BA05/2021	2021-03-28	United Kingdom	genome	unknown	B.1.1.7	Alpha
5941	hCoV-19/England/ALDP-149B698/2021	2021-03-28	United Kingdom	genome	unknown	B.1.1.7	Alpha
5942	hCoV-19/England/QEUH-1498F18/2021	2021-03-28	United Kingdom	genome	unknown	B.1.1.7	Alpha
5943	hCoV-19/England/QEUH-14866FA/2021	2021-03-28	United Kingdom	genome	unknown	B.1.1.7	Alpha
5944	hCoV-19/England/ALDP-1493FB3/2021	2021-03-28	United Kingdom	genome	unknown	B.1.1.7	Alpha
5945	hCoV-19/England/ALDP-149434D/2021	2021-03-28	United Kingdom	genome	unknown	B.1.1.7	Alpha
5946	hCoV-19/England/QEUH-1495B17/2021	2021-03-28	United Kingdom	genome	unknown	B.1.1.7	Alpha
5947	hCoV-19/England/CAMC-14861F9/2021	2021-03-28	United Kingdom	genome	unknown	B.1.1.7	Alpha
5948	hCoV-19/England/CAMC-1489E2C/2021	2021-03-28	United Kingdom	genome	unknown	B.1.1.7	Alpha
5949	hCoV-19/England/ALDP-149B8CF/2021	2021-03-28	United Kingdom	genome	unknown	B.1.1.7	Alpha
5950	hCoV-19/England/QEUH-1486654/2021	2021-03-28	United Kingdom	genome	unknown	B.1.1.7	Alpha
5951	hCoV-19/England/CAMC-1486311/2021	2021-03-28	United Kingdom	genome	unknown	B.1.1.7	Alpha
5952	hCoV-19/England/ALDP-149429B/2021	2021-03-28	United Kingdom	genome	unknown	B.1.1.7	Alpha
5953	hCoV-19/England/ALDP-14A904E/2021	2021-03-28	United Kingdom	genome	unknown	B.1.1.7	Alpha
5954	hCoV-19/England/ALDP-149AE64/2021	2021-03-28	United Kingdom	genome	unknown	B.1.1.7	Alpha
5955	hCoV-19/England/ALDP-14A1073/2021	2021-03-28	United Kingdom	genome	unknown	B.1.1.7	Alpha
5956	hCoV-19/England/CAMC-149BA7E/2021	2021-03-28	United Kingdom	genome	unknown	B.1.1.7	Alpha
5957	hCoV-19/Scotland/QEUH-1486E6B/2021	2021-03-28	United Kingdom	genome	unknown	B.1.1.7	Alpha
5958	hCoV-19/England/ALDP-149F940/2021	2021-03-28	United Kingdom	genome	unknown	B.1.1.7	Alpha
5959	hCoV-19/England/ALDP-149DF9B/2021	2021-03-28	United Kingdom	genome	unknown	B.1.1.7	Alpha
5960	hCoV-19/England/MILK-14B1553/2021	2021-03-28	United Kingdom	genome	unknown	B.1.1.7	Alpha
5961	hCoV-19/England/QEUH-14A3035/2021	2021-03-28	United Kingdom	genome	unknown	B.1.1.7	Alpha
5962	hCoV-19/England/RAND-149BF7F/2021	2021-03-28	United Kingdom	genome	unknown	B.1.1.7	Alpha
5963	hCoV-19/England/QEUH-148869E/2021	2021-03-28	United Kingdom	genome	unknown	B.1.1.7	Alpha
5964	hCoV-19/Scotland/QEUH-148732F/2021	2021-03-28	United Kingdom	genome	unknown	B.1.1.7	Alpha
5965	hCoV-19/England/QEUH-1488810/2021	2021-03-28	United Kingdom	genome	unknown	B.1.1.7	Alpha
5966	hCoV-19/England/QEUH-1498EFD/2021	2021-03-29	United Kingdom	genome	unknown	B.1.1.7	Alpha
5967	hCoV-19/England/QEUH-149881D/2021	2021-03-29	United Kingdom	genome	unknown	B.1.1.7	Alpha
5968	hCoV-19/England/QEUH-149957F/2021	2021-03-29	United Kingdom	genome	unknown	B.1.1.7	Alpha
5969	hCoV-19/Scotland/QEUH-149DC2B/2021	2021-03-29	United Kingdom	genome	unknown	B.1.1.7	Alpha
5970	hCoV-19/Scotland/QEUH-149DD0A/2021	2021-03-29	United Kingdom	genome	unknown	B.1.1.7	Alpha
5971	hCoV-19/Scotland/QEUH-14A9460/2021	2021-03-29	United Kingdom	genome	unknown	B.1.1.7	Alpha
5972	hCoV-19/Scotland/QEUH-14A49B1/2021	2021-03-29	United Kingdom	genome	unknown	B.1.1.7	Alpha
5973	hCoV-19/Scotland/QEUH-14A4BD9/2021	2021-03-29	United Kingdom	genome	unknown	B.1.1.7	Alpha
5974	hCoV-19/England/QEUH-14967D6/2021	2021-03-29	United Kingdom	genome	unknown	B.1.1.7	Alpha
5975	hCoV-19/England/QEUH-149D65A/2021	2021-03-29	United Kingdom	genome	unknown	B.1.1.7	Alpha
5976	hCoV-19/England/ALDP-149D07A/2021	2021-03-29	United Kingdom	genome	unknown	B.1.1.7	Alpha
5977	hCoV-19/England/MILK-149A550/2021	2021-03-29	United Kingdom	genome	unknown	B.1.1.7	Alpha
5978	hCoV-19/England/SHEF-10CF87B/2021	2021-03-29	United Kingdom	genome	unknown	B.1.1.7	Alpha
5979	hCoV-19/England/MILK-149EE15/2021	2021-03-29	United Kingdom	genome	unknown	B.1.1.7	Alpha
5980	hCoV-19/England/MILK-149EAD5/2021	2021-03-29	United Kingdom	genome	unknown	B.1.1.7	Alpha
5981	hCoV-19/England/MILK-149ED72/2021	2021-03-29	United Kingdom	genome	unknown	B.1.1.7	Alpha
5982	hCoV-19/England/QEUH-149DB79/2021	2021-03-29	United Kingdom	genome	unknown	B.1.1.7	Alpha
5983	hCoV-19/England/QEUH-14A3062/2021	2021-03-29	United Kingdom	genome	unknown	B.1.1.7	Alpha
5984	hCoV-19/England/CAMC-1499E92/2021	2021-03-29	United Kingdom	genome	unknown	B.1.1.7	Alpha
5985	hCoV-19/England/MILK-14B13C2/2021	2021-03-29	United Kingdom	genome	unknown	B.1.1.7	Alpha
5986	hCoV-19/England/MILK-14B12D4/2021	2021-03-29	United Kingdom	genome	unknown	B.1.1.7	Alpha
5987	hCoV-19/England/MILK-14B1465/2021	2021-03-29	United Kingdom	genome	unknown	B.1.1.7	Alpha
5988	hCoV-19/England/RAND-149DA8B/2021	2021-03-29	United Kingdom	genome	unknown	B.1.1.7	Alpha
5989	hCoV-19/Scotland/QEUH-1497993/2021	2021-03-29	United Kingdom	genome	unknown	B.1.1.7	Alpha
5990	hCoV-19/England/MILK-149EE33/2021	2021-03-29	United Kingdom	genome	unknown	B.1.1.7	Alpha
5991	hCoV-19/Scotland/QEUH-1498FDC/2021	2021-03-29	United Kingdom	genome	unknown	B.1.1.7	Alpha
5992	hCoV-19/England/CAMC-1489FA1/2021	2021-03-29	United Kingdom	genome	unknown	B.1.1.7	Alpha
5993	hCoV-19/England/CAMC-1489F92/2021	2021-03-29	United Kingdom	genome	unknown	B.1.1.7	Alpha
5994	hCoV-19/England/CAMC-14A65BB/2021	2021-03-29	United Kingdom	genome	unknown	B.1.1.7	Alpha
5995	hCoV-19/England/ALDP-149C415/2021	2021-03-29	United Kingdom	genome	unknown	B.1.1.7	Alpha
5996	hCoV-19/England/CAMC-14890DB/2021	2021-03-29	United Kingdom	genome	unknown	B.1.1.7	Alpha
5997	hCoV-19/England/QEUH-1495B26/2021	2021-03-29	United Kingdom	genome	unknown	B.1.1.7	Alpha
5998	hCoV-19/England/QEUH-1496518/2021	2021-03-29	United Kingdom	genome	unknown	B.1.1.7	Alpha
5999	hCoV-19/England/QEUH-149D5C6/2021	2021-03-29	United Kingdom	genome	unknown	B.1.1.7	Alpha
6000	hCoV-19/England/ALDP-149B425/2021	2021-03-29	United Kingdom	genome	unknown	B.1.1.7	Alpha
6001	hCoV-19/England/ALDP-149E4D7/2021	2021-03-29	United Kingdom	genome	unknown	B.1.1.7	Alpha
6002	hCoV-19/England/MILK-149A839/2021	2021-03-29	United Kingdom	genome	unknown	B.1.1.7	Alpha
6003	hCoV-19/England/MILK-14A243A/2021	2021-03-29	United Kingdom	genome	unknown	B.1.1.7	Alpha
6004	hCoV-19/England/MILK-14A2555/2021	2021-03-29	United Kingdom	genome	unknown	B.1.1.7	Alpha
6005	hCoV-19/England/QEUH-14A2018/2021	2021-03-29	United Kingdom	genome	unknown	B.1.1.7	Alpha
6006	hCoV-19/England/QEUH-14C17E1/2021	2021-03-29	United Kingdom	genome	unknown	B.1.1.7	Alpha
6007	hCoV-19/NorthernIreland/NIRE-0013b3/2021	2021-03-29	United Kingdom	genome	unknown	B.1.1.7	Alpha
6008	hCoV-19/NorthernIreland/NIRE-00133c/2021	2021-03-29	United Kingdom	genome	unknown	B.1.1.7	Alpha
6009	hCoV-19/England/PHEC-U307UC6C/2021	2021-03-29	United Kingdom	genome	unknown	B.1.1.7	Alpha
6010	hCoV-19/NorthernIreland/NIRE-0013de/2021	2021-03-29	United Kingdom	genome	unknown	B.1.1.7	Alpha
6011	hCoV-19/England/ALDP-14A6D3B/2021	2021-03-29	United Kingdom	genome	unknown	B.1.1.7	Alpha
6012	hCoV-19/England/ALDP-14A8689/2021	2021-03-29	United Kingdom	genome	unknown	B.1.1.7	Alpha
6013	hCoV-19/England/ALDP-14B2D78/2021	2021-03-29	United Kingdom	genome	unknown	B.1.1.7	Alpha
6014	hCoV-19/England/QEUH-14A4CC7/2021	2021-03-29	United Kingdom	genome	unknown	B.1.1.7	Alpha
6015	hCoV-19/England/ALDP-14A874A/2021	2021-03-29	United Kingdom	genome	unknown	B.1.1.7	Alpha
6016	hCoV-19/England/ALDP-14A8698/2021	2021-03-29	United Kingdom	genome	unknown	B.1.1.7	Alpha
6017	hCoV-19/England/ALDP-14A857D/2021	2021-03-29	United Kingdom	genome	unknown	B.1.1.7	Alpha
6018	hCoV-19/England/QEUH-14C1550/2021	2021-03-29	United Kingdom	genome	unknown	B.1.1.7	Alpha
6019	hCoV-19/England/ALDP-14B2EB1/2021	2021-03-29	United Kingdom	genome	unknown	B.1.1.7	Alpha
6020	hCoV-19/England/ALDP-14B358E/2021	2021-03-29	United Kingdom	genome	unknown	B.1.1.7	Alpha
6021	hCoV-19/England/QEUH-14B47A5/2021	2021-03-29	United Kingdom	genome	unknown	B.1.1.7	Alpha
6022	hCoV-19/England/ALDP-14A79DC/2021	2021-03-29	United Kingdom	genome	unknown	B.1.1.7	Alpha
6023	hCoV-19/England/ALDP-14B119B/2021	2021-03-30	United Kingdom	genome	unknown	B.1.1.7	Alpha
6024	hCoV-19/England/MILK-14B1535/2021	2021-03-30	United Kingdom	genome	unknown	B.1.1.7	Alpha
6025	hCoV-19/England/QEUH-14B3928/2021	2021-03-30	United Kingdom	genome	unknown	B.1.1.7	Alpha
6026	hCoV-19/England/ALDP-14B62A2/2021	2021-03-30	United Kingdom	genome	unknown	B.1.1.7	Alpha
6027	hCoV-19/England/QEUH-14B4A15/2021	2021-03-30	United Kingdom	genome	unknown	B.1.1.7	Alpha
6028	hCoV-19/England/QEUH-14B4A06/2021	2021-03-30	United Kingdom	genome	unknown	B.1.1.7	Alpha
6029	hCoV-19/England/QEUH-14A9415/2021	2021-03-30	United Kingdom	genome	unknown	B.1.1.7	Alpha
6030	hCoV-19/England/ALDP-14B3524/2021	2021-03-30	United Kingdom	genome	unknown	B.1.1.7	Alpha
6031	hCoV-19/England/PHEC-3092C2/2021	2021-03-30	United Kingdom	genome	unknown	B.1.1.7	Alpha
6032	hCoV-19/Scotland/QEUH-14B3CD4/2021	2021-03-30	United Kingdom	genome	unknown	B.1.1.7	Alpha
6033	hCoV-19/England/CAMC-14ACC38/2021	2021-03-30	United Kingdom	genome	unknown	B.1.1.7	Alpha
6034	hCoV-19/England/MILK-14BFB26/2021	2021-03-30	United Kingdom	genome	unknown	B.1.1.7	Alpha
6035	hCoV-19/England/QEUH-14A80F4/2021	2021-03-30	United Kingdom	genome	unknown	B.1.1.7	Alpha
6036	hCoV-19/England/QEUH-14A8D66/2021	2021-03-30	United Kingdom	genome	unknown	B.1.1.7	Alpha
6037	hCoV-19/England/QEUH-14A9CE0/2021	2021-03-30	United Kingdom	genome	unknown	B.1.1.7	Alpha
6038	hCoV-19/England/ALDP-14AF691/2021	2021-03-30	United Kingdom	genome	unknown	B.1.1.7	Alpha
6039	hCoV-19/Scotland/QEUH-14A5F36/2021	2021-03-30	United Kingdom	genome	unknown	B.1.1.7	Alpha
6040	hCoV-19/Scotland/QEUH-14A94F7/2021	2021-03-30	United Kingdom	genome	unknown	B.1.1.7	Alpha
6041	hCoV-19/Wales/ALDP-14AECAF/2021	2021-03-30	United Kingdom	genome	unknown	B.1.1.7	Alpha
6042	hCoV-19/Scotland/QEUH-14A61A8/2021	2021-03-30	United Kingdom	genome	unknown	B.1.1.7	Alpha
6043	hCoV-19/England/ALDP-14AF7CB/2021	2021-03-30	United Kingdom	genome	unknown	B.1.1.7	Alpha
6044	hCoV-19/Scotland/QEUH-14A7EEC/2021	2021-03-30	United Kingdom	genome	unknown	B.1.1.7	Alpha
6045	hCoV-19/England/QEUH-14CDE3B/2021	2021-03-30	United Kingdom	genome	unknown	B.1.1.7	Alpha
6046	hCoV-19/NorthernIreland/NIRE-0013b6/2021	2021-03-30	United Kingdom	genome	unknown	B.1.1.7	Alpha
6047	hCoV-19/England/QEUH-14B467B/2021	2021-03-30	United Kingdom	genome	unknown	B.1.1.7	Alpha
6048	hCoV-19/England/QEUH-14B3EB0/2021	2021-03-30	United Kingdom	genome	unknown	B.1.1.7	Alpha
6049	hCoV-19/England/ALDP-14AC0D2/2021	2021-03-30	United Kingdom	genome	unknown	B.1.1.7	Alpha
6050	hCoV-19/England/RAND-14AE2AD/2021	2021-03-30	United Kingdom	genome	unknown	B.1.1.7	Alpha
6051	hCoV-19/Scotland/QEUH-14A0108/2021	2021-03-30	United Kingdom	genome	unknown	B.1.1.7	Alpha
6052	hCoV-19/Scotland/QEUH-14A1F76/2021	2021-03-30	United Kingdom	genome	unknown	B.1.1.7	Alpha
6053	hCoV-19/England/ALDP-14ACAD4/2021	2021-03-30	United Kingdom	genome	unknown	B.1.1.7	Alpha
6054	hCoV-19/Scotland/QEUH-149D62D/2021	2021-03-30	United Kingdom	genome	unknown	B.1.1.7	Alpha
6055	hCoV-19/England/ALDP-14ACFA8/2021	2021-03-30	United Kingdom	genome	unknown	B.1.1.7	Alpha
6056	hCoV-19/England/QEUH-14AA669/2021	2021-03-30	United Kingdom	genome	unknown	B.1.1.7	Alpha
6057	hCoV-19/England/QEUH-14C1A8E/2021	2021-03-30	United Kingdom	genome	unknown	B.1.1.7	Alpha
6058	hCoV-19/England/ALDP-14AC6C1/2021	2021-03-30	United Kingdom	genome	unknown	B.1.1.7	Alpha
6059	hCoV-19/England/ALDP-14AC227/2021	2021-03-30	United Kingdom	genome	unknown	B.1.1.7	Alpha
6060	hCoV-19/England/ALDP-14AED9D/2021	2021-03-30	United Kingdom	genome	unknown	B.1.1.7	Alpha
6061	hCoV-19/England/ALDP-14AED7F/2021	2021-03-30	United Kingdom	genome	unknown	B.1.1.7	Alpha
6062	hCoV-19/England/ALDP-14AC9F5/2021	2021-03-30	United Kingdom	genome	unknown	B.1.1.7	Alpha
6063	hCoV-19/NorthernIreland/NIRE-001396/2021	2021-03-30	United Kingdom	genome	unknown	B.1.1.7	Alpha
6064	hCoV-19/England/QEUH-14B41B6/2021	2021-03-31	United Kingdom	genome	unknown	B.1.1.7	Alpha
6065	hCoV-19/England/QEUH-14B4BC7/2021	2021-03-31	United Kingdom	genome	unknown	B.1.1.7	Alpha
6066	hCoV-19/England/ALDP-14B6E08/2021	2021-03-31	United Kingdom	genome	unknown	B.1.1.7	Alpha
6067	hCoV-19/England/CAMC-14B5A8D/2021	2021-03-31	United Kingdom	genome	unknown	B.1.1.7	Alpha
6068	hCoV-19/England/ALDP-14B6D47/2021	2021-03-31	United Kingdom	genome	unknown	B.1.1.7	Alpha
6069	hCoV-19/England/ALDP-14B70C5/2021	2021-03-31	United Kingdom	genome	unknown	B.1.1.7	Alpha
6070	hCoV-19/England/ALDP-14B5795/2021	2021-03-31	United Kingdom	genome	unknown	B.1.1.7	Alpha
6071	hCoV-19/England/ALDP-14B56D4/2021	2021-03-31	United Kingdom	genome	unknown	B.1.1.7	Alpha
6072	hCoV-19/England/ALDP-14B6EAE/2021	2021-03-31	United Kingdom	genome	unknown	B.1.1.7	Alpha
6073	hCoV-19/England/QEUH-14B41A7/2021	2021-03-31	United Kingdom	genome	unknown	B.1.1.7	Alpha
6074	hCoV-19/England/QEUH-14B44AE/2021	2021-03-31	United Kingdom	genome	unknown	B.1.1.7	Alpha
6075	hCoV-19/England/QEUH-14AF42E/2021	2021-03-31	United Kingdom	genome	unknown	B.1.1.7	Alpha
6076	hCoV-19/England/QEUH-14AF260/2021	2021-03-31	United Kingdom	genome	unknown	B.1.1.7	Alpha
6077	hCoV-19/England/ALDP-14AB62C/2021	2021-03-31	United Kingdom	genome	unknown	B.1.1.7	Alpha
6078	hCoV-19/England/RAND-14ADDAD/2021	2021-03-31	United Kingdom	genome	unknown	B.1.1.7	Alpha
6079	hCoV-19/England/QEUH-14B4778/2021	2021-03-31	United Kingdom	genome	unknown	B.1.1.7	Alpha
6080	hCoV-19/England/ALDP-14B54BC/2021	2021-03-31	United Kingdom	genome	unknown	B.1.1.7	Alpha
6081	hCoV-19/England/ALDP-14B7D55/2021	2021-03-31	United Kingdom	genome	unknown	B.1.1.7	Alpha
6082	hCoV-19/England/ALDP-14AB4D7/2021	2021-03-31	United Kingdom	genome	unknown	B.1.1.7	Alpha
6083	hCoV-19/England/QEUH-14B0BDA/2021	2021-03-31	United Kingdom	genome	unknown	B.1.1.7	Alpha
6084	hCoV-19/England/PHEC-305949/2021	2021-03-31	United Kingdom	genome	unknown	B.1.1.7	Alpha
6085	hCoV-19/Scotland/QEUH-14A9CC2/2021	2021-03-31	United Kingdom	genome	unknown	B.1.1.7	Alpha
6086	hCoV-19/Scotland/QEUH-14A8DA2/2021	2021-03-31	United Kingdom	genome	unknown	B.1.1.7	Alpha
6087	hCoV-19/Scotland/QEUH-14AF163/2021	2021-03-31	United Kingdom	genome	unknown	B.1.1.7	Alpha
6088	hCoV-19/Scotland/GGC178/2021	2021-03-31	United Kingdom	genome	unknown	B.1.1.7	Alpha
6089	hCoV-19/England/QEUH-14AD3C9/2021	2021-03-31	United Kingdom	genome	unknown	B.1.1.7	Alpha
6090	hCoV-19/England/QEUH-14B1CB8/2021	2021-03-31	United Kingdom	genome	unknown	B.1.1.7	Alpha
6091	hCoV-19/England/QEUH-14B225B/2021	2021-03-31	United Kingdom	genome	unknown	B.1.1.7	Alpha
6092	hCoV-19/England/QEUH-14B091C/2021	2021-03-31	United Kingdom	genome	unknown	B.1.1.7	Alpha
6093	hCoV-19/England/CAMC-14A4F82/2021	2021-03-31	United Kingdom	genome	unknown	B.1.1.7	Alpha
6094	hCoV-19/England/QEUH-14B0369/2021	2021-03-31	United Kingdom	genome	unknown	B.1.1.7	Alpha
6095	hCoV-19/England/QEUH-14B0AFB/2021	2021-03-31	United Kingdom	genome	unknown	B.1.1.7	Alpha
6096	hCoV-19/England/QEUH-14B2798/2021	2021-03-31	United Kingdom	genome	unknown	B.1.1.7	Alpha
6097	hCoV-19/England/RAND-14AD147/2021	2021-03-31	United Kingdom	genome	unknown	B.1.1.7	Alpha
6098	hCoV-19/England/QEUH-14AEFD3/2021	2021-03-31	United Kingdom	genome	unknown	B.1.1.7	Alpha
6099	hCoV-19/England/RAND-14AD0D1/2021	2021-03-31	United Kingdom	genome	unknown	B.1.1.7	Alpha
6100	hCoV-19/Wales/PHWC-PYDPSG/2021	2021-03-31	United Kingdom	genome	unknown	B.1.1.7	Alpha
6101	hCoV-19/Scotland/QEUH-14B09C1/2021	2021-03-31	United Kingdom	genome	unknown	B.1.1.7	Alpha
6102	hCoV-19/Scotland/QEUH-14B4B5E/2021	2021-03-31	United Kingdom	genome	unknown	B.1.1.7	Alpha
6103	hCoV-19/England/MILK-14B8B78/2021	2021-03-31	United Kingdom	genome	unknown	B.1.1.7	Alpha
6104	hCoV-19/Scotland/QEUH-14A9BA7/2021	2021-03-31	United Kingdom	genome	unknown	B.1.1.7	Alpha
6105	hCoV-19/England/CAMC-14B5E54/2021	2021-03-31	United Kingdom	genome	unknown	B.1.1.7	Alpha
6106	hCoV-19/Scotland/QEUH-14B268C/2021	2021-03-31	United Kingdom	genome	unknown	B.1.1.7	Alpha
6107	hCoV-19/Scotland/QEUH-14B07B8/2021	2021-03-31	United Kingdom	genome	unknown	B.1.1.7	Alpha
6108	hCoV-19/Scotland/QEUH-14B27E3/2021	2021-03-31	United Kingdom	genome	unknown	B.1.1.7	Alpha
6109	hCoV-19/England/CAMC-14C9A0E/2021	2021-03-31	United Kingdom	genome	unknown	B.1.1.7	Alpha
6110	hCoV-19/England/MILK-14BF8E3/2021	2021-03-31	United Kingdom	genome	unknown	B.1.1.7	Alpha
6111	hCoV-19/England/QEUH-14B9F99/2021	2021-04-01	United Kingdom	genome	unknown	B.1.1.7	Alpha
6112	hCoV-19/England/RAND-14C2BD5/2021	2021-04-01	United Kingdom	genome	unknown	B.1.1.7	Alpha
6113	hCoV-19/England/ALDP-14C3AE6/2021	2021-04-01	United Kingdom	genome	unknown	B.1.1.7	Alpha
6114	hCoV-19/England/ALDP-14C361F/2021	2021-04-01	United Kingdom	genome	unknown	B.1.1.7	Alpha
6115	hCoV-19/England/ALDP-14C52CE/2021	2021-04-01	United Kingdom	genome	unknown	B.1.1.7	Alpha
6116	hCoV-19/England/QEUH-14BA208/2021	2021-04-01	United Kingdom	genome	unknown	B.1.1.7	Alpha
6117	hCoV-19/England/QEUH-14BA9B8/2021	2021-04-01	United Kingdom	genome	unknown	B.1.1.7	Alpha
6118	hCoV-19/Scotland/QEUH-14B2279/2021	2021-04-01	United Kingdom	genome	unknown	B.1.1.7	Alpha
6119	hCoV-19/England/QEUH-14B910C/2021	2021-04-01	United Kingdom	genome	unknown	B.1.1.7	Alpha
6120	hCoV-19/England/ALDP-14C30B7/2021	2021-04-01	United Kingdom	genome	unknown	B.1.1.7	Alpha
6121	hCoV-19/England/QEUH-14BE26E/2021	2021-04-01	United Kingdom	genome	unknown	B.1.1.7	Alpha
6122	hCoV-19/England/RAND-14BE50B/2021	2021-04-01	United Kingdom	genome	unknown	B.1.1.7	Alpha
6123	hCoV-19/England/QEUH-14BE0A0/2021	2021-04-01	United Kingdom	genome	unknown	B.1.1.7	Alpha
6124	hCoV-19/England/MILK-14CCE78/2021	2021-04-01	United Kingdom	genome	unknown	B.1.1.7	Alpha
6125	hCoV-19/England/CAMC-14B19DF/2021	2021-04-01	United Kingdom	genome	unknown	B.1.1.7	Alpha
6126	hCoV-19/Scotland/QEUH-14BD478/2021	2021-04-01	United Kingdom	genome	unknown	B.1.1.7	Alpha
6127	hCoV-19/Scotland/QEUH-14BBA3C/2021	2021-04-01	United Kingdom	genome	unknown	B.1.1.7	Alpha
6128	hCoV-19/England/MILK-14C571A/2021	2021-04-01	United Kingdom	genome	unknown	B.1.1.7	Alpha
6129	hCoV-19/England/RAND-14B8668/2021	2021-04-01	United Kingdom	genome	unknown	B.1.1.7	Alpha
6130	hCoV-19/England/PHWC-PYDD7N/2021	2021-04-01	United Kingdom	genome	unknown	B.1.1.7	Alpha
6131	hCoV-19/England/PHEC-305ADD/2021	2021-04-01	United Kingdom	genome	unknown	B.1.1.7	Alpha
6132	hCoV-19/NorthernIreland/NIRE-001579/2021	2021-04-01	United Kingdom	genome	unknown	B.1.1.7	Alpha
6133	hCoV-19/NorthernIreland/NIRE-00153a/2021	2021-04-01	United Kingdom	genome	unknown	B.1.1.7	Alpha
6134	hCoV-19/England/MILK-14BB37D/2021	2021-04-01	United Kingdom	genome	unknown	B.1.1.7	Alpha
6135	hCoV-19/Scotland/QEUH-14B4B21/2021	2021-04-01	United Kingdom	genome	unknown	B.1.1.7	Alpha
6136	hCoV-19/England/QEUH-14BB01C/2021	2021-04-01	United Kingdom	genome	unknown	B.1.1.7	Alpha
6137	hCoV-19/England/QEUH-14BC85F/2021	2021-04-01	United Kingdom	genome	unknown	B.1.1.7	Alpha
6138	hCoV-19/England/QEUH-14BE1E9/2021	2021-04-01	United Kingdom	genome	unknown	B.1.1.7	Alpha
6139	hCoV-19/England/QEUH-14BBC63/2021	2021-04-01	United Kingdom	genome	unknown	B.1.1.7	Alpha
6140	hCoV-19/England/PHEC-U308U384/2021	2021-04-01	United Kingdom	genome	unknown	B.1.1.7	Alpha
6141	hCoV-19/England/PHEC-U308U58E/2021	2021-04-01	United Kingdom	genome	unknown	B.1.1.7	Alpha
6142	hCoV-19/Scotland/QEUH-14B8F7C/2021	2021-04-01	United Kingdom	genome	unknown	B.1.1.7	Alpha
6143	hCoV-19/Scotland/QEUH-14C7F98/2021	2021-04-01	United Kingdom	genome	unknown	B.1.1.7	Alpha
6144	hCoV-19/England/MILK-14BDA76/2021	2021-04-01	United Kingdom	genome	unknown	B.1.1.7	Alpha
6145	hCoV-19/England/MILK-14BFD3F/2021	2021-04-01	United Kingdom	genome	unknown	B.1.1.7	Alpha
6146	hCoV-19/England/MILK-14BF995/2021	2021-04-01	United Kingdom	genome	unknown	B.1.1.7	Alpha
6147	hCoV-19/England/MILK-14BDF95/2021	2021-04-01	United Kingdom	genome	unknown	B.1.1.7	Alpha
6148	hCoV-19/England/MILK-14BDCF8/2021	2021-04-01	United Kingdom	genome	unknown	B.1.1.7	Alpha
6149	hCoV-19/England/QEUH-14D012D/2021	2021-04-02	United Kingdom	genome	unknown	B.1.1.7	Alpha
6150	hCoV-19/England/QEUH-14D006C/2021	2021-04-02	United Kingdom	genome	unknown	B.1.1.7	Alpha
6151	hCoV-19/England/QEUH-14BC94D/2021	2021-04-02	United Kingdom	genome	unknown	B.1.1.7	Alpha
6152	hCoV-19/England/QEUH-14CEC03/2021	2021-04-02	United Kingdom	genome	unknown	B.1.1.7	Alpha
6153	hCoV-19/Scotland/QEUH-14C6E8D/2021	2021-04-02	United Kingdom	genome	unknown	B.1.1.7	Alpha
6154	hCoV-19/England/RAND-14CE2D4/2021	2021-04-02	United Kingdom	genome	unknown	B.1.1.7	Alpha
6155	hCoV-19/England/QEUH-14BC989/2021	2021-04-02	United Kingdom	genome	unknown	B.1.1.7	Alpha
6156	hCoV-19/England/QEUH-14BD320/2021	2021-04-02	United Kingdom	genome	unknown	B.1.1.7	Alpha
6157	hCoV-19/Scotland/QEUH-14BAF4D/2021	2021-04-02	United Kingdom	genome	unknown	B.1.1.7	Alpha
6158	hCoV-19/Scotland/QEUH-14C8A4B/2021	2021-04-02	United Kingdom	genome	unknown	B.1.1.7	Alpha
6159	hCoV-19/England/QEUH-14CFC99/2021	2021-04-02	United Kingdom	genome	unknown	B.1.1.7	Alpha
6160	hCoV-19/Scotland/QEUH-14CA302/2021	2021-04-02	United Kingdom	genome	unknown	B.1.1.7	Alpha
6161	hCoV-19/Scotland/QEUH-14C8C18/2021	2021-04-02	United Kingdom	genome	unknown	B.1.1.7	Alpha
6162	hCoV-19/Scotland/QEUH-14BE35C/2021	2021-04-02	United Kingdom	genome	unknown	B.1.1.7	Alpha
6163	hCoV-19/England/MILK-14C7A2E/2021	2021-04-02	United Kingdom	genome	unknown	B.1.1.7	Alpha
6164	hCoV-19/England/QEUH-14C6BFF/2021	2021-04-02	United Kingdom	genome	unknown	B.1.1.7	Alpha
6165	hCoV-19/Scotland/QEUH-14BD00B/2021	2021-04-02	United Kingdom	genome	unknown	B.1.1.7	Alpha
6166	hCoV-19/England/QEUH-14C6B1D/2021	2021-04-02	United Kingdom	genome	unknown	B.1.1.7	Alpha
6167	hCoV-19/England/MILK-14C839B/2021	2021-04-02	United Kingdom	genome	unknown	Q.1	Alpha
6168	hCoV-19/England/ALDP-14CBD21/2021	2021-04-02	United Kingdom	genome	unknown	B.1.1.7	Alpha
6169	hCoV-19/England/QEUH-14C3257/2021	2021-04-02	United Kingdom	genome	unknown	B.1.1.7	Alpha
6170	hCoV-19/England/QEUH-14C4168/2021	2021-04-02	United Kingdom	genome	unknown	B.1.1.7	Alpha
6171	hCoV-19/England/ALDP-14C4B79/2021	2021-04-02	United Kingdom	genome	unknown	B.1.1.7	Alpha
6172	hCoV-19/England/ALDP-14C4784/2021	2021-04-02	United Kingdom	genome	unknown	B.1.1.7	Alpha
6173	hCoV-19/England/ALDP-14C3B01/2021	2021-04-02	United Kingdom	genome	unknown	B.1.1.7	Alpha
6174	hCoV-19/Scotland/CAMC-14C2CA5/2021	2021-04-02	United Kingdom	genome	unknown	B.1.1.7	Alpha
6175	hCoV-19/England/ALDP-14C4AC7/2021	2021-04-02	United Kingdom	genome	unknown	B.1.1.7	Alpha
6176	hCoV-19/England/ALDP-14C4863/2021	2021-04-02	United Kingdom	genome	unknown	B.1.1.7	Alpha
6177	hCoV-19/England/ALDP-14C3002/2021	2021-04-02	United Kingdom	genome	unknown	B.1.1.7	Alpha
6178	hCoV-19/England/QEUH-14CA1DB/2021	2021-04-02	United Kingdom	genome	unknown	B.1.1.7	Alpha
6179	hCoV-19/England/MILK-14BF40D/2021	2021-04-02	United Kingdom	genome	unknown	B.1.1.7	Alpha
6180	hCoV-19/England/MILK-14BF7C8/2021	2021-04-02	United Kingdom	genome	unknown	B.1.1.7	Alpha
6181	hCoV-19/England/QEUH-14CA1F9/2021	2021-04-02	United Kingdom	genome	unknown	B.1.1.7	Alpha
6182	hCoV-19/England/CAMC-14B5DA2/2021	2021-04-02	United Kingdom	genome	unknown	B.1.1.7	Alpha
6183	hCoV-19/England/QEUH-14D0293/2021	2021-04-02	United Kingdom	genome	unknown	B.1.1.7	Alpha
6184	hCoV-19/England/ALDP-14C9549/2021	2021-04-03	United Kingdom	genome	unknown	B.1.1.7	Alpha
6185	hCoV-19/England/CAMC-14C9CBD/2021	2021-04-03	United Kingdom	genome	unknown	B.1.1.7	Alpha
6186	hCoV-19/England/QEUH-14CA223/2021	2021-04-03	United Kingdom	genome	unknown	B.1.1.7	Alpha
6187	hCoV-19/England/ALDP-14C5228/2021	2021-04-03	United Kingdom	genome	unknown	B.1.1.7	Alpha
6188	hCoV-19/England/QEUH-14CA399/2021	2021-04-03	United Kingdom	genome	unknown	B.1.1.7	Alpha
6189	hCoV-19/England/CAMC-14C99B6/2021	2021-04-03	United Kingdom	genome	unknown	B.1.1.7	Alpha
6190	hCoV-19/England/CAMC-14C9A1D/2021	2021-04-03	United Kingdom	genome	unknown	B.1.1.7	Alpha
6191	hCoV-19/England/MILK-14CC8F2/2021	2021-04-03	United Kingdom	genome	unknown	B.1.1.7	Alpha
6192	hCoV-19/Scotland/QEUH-14C752D/2021	2021-04-03	United Kingdom	genome	unknown	B.1.1.7	Alpha
6193	hCoV-19/England/QEUH-14CF1A9/2021	2021-04-03	United Kingdom	genome	unknown	B.1.1.7	Alpha
6194	hCoV-19/England/RAND-14CE201/2021	2021-04-03	United Kingdom	genome	unknown	B.1.1.7	Alpha
6195	hCoV-19/England/QEUH-14CF613/2021	2021-04-03	United Kingdom	genome	unknown	B.1.1.7	Alpha
6196	hCoV-19/Wales/PHWC-PYDCTT/2021	2021-04-03	United Kingdom	genome	unknown	B.1.1.7	Alpha
6197	hCoV-19/Scotland/QEUH-14CF947/2021	2021-04-03	United Kingdom	genome	unknown	B.1.1.7	Alpha
6198	hCoV-19/England/MILK-14CE614/2021	2021-04-03	United Kingdom	genome	unknown	B.1.1.7	Alpha
6199	hCoV-19/Scotland/QEUH-14C50A6/2021	2021-04-03	United Kingdom	genome	unknown	B.1.1.7	Alpha
6200	hCoV-19/Scotland/QEUH-14C8C81/2021	2021-04-03	United Kingdom	genome	unknown	B.1.1.7	Alpha
6201	hCoV-19/Scotland/QEUH-14C6B86/2021	2021-04-03	United Kingdom	genome	unknown	B.1.1.7	Alpha
6202	hCoV-19/England/QEUH-14CF112/2021	2021-04-03	United Kingdom	genome	unknown	B.1.1.7	Alpha
6203	hCoV-19/England/QEUH-14CF2D3/2021	2021-04-03	United Kingdom	genome	unknown	B.1.1.7	Alpha
6204	hCoV-19/England/ALDP-14C60A5/2021	2021-04-03	United Kingdom	genome	unknown	B.1.1.7	Alpha
6205	hCoV-19/England/ALDP-14C6852/2021	2021-04-03	United Kingdom	genome	unknown	B.1.1.7	Alpha
6206	hCoV-19/England/ALDP-14C8F5B/2021	2021-04-03	United Kingdom	genome	unknown	B.1.1.7	Alpha
6207	hCoV-19/England/ALDP-14C91AF/2021	2021-04-03	United Kingdom	genome	unknown	B.1.1.7	Alpha
6208	hCoV-19/England/QEUH-14C7E22/2021	2021-04-03	United Kingdom	genome	unknown	B.1.1.7	Alpha
6209	hCoV-19/England/QEUH-14C7FC5/2021	2021-04-03	United Kingdom	genome	unknown	B.1.1.7	Alpha
6210	hCoV-19/England/ALDP-14C5F03/2021	2021-04-03	United Kingdom	genome	unknown	B.1.1.7	Alpha
6211	hCoV-19/England/RAND-14C5D36/2021	2021-04-03	United Kingdom	genome	unknown	B.1.1.7	Alpha
6212	hCoV-19/England/MILK-14C888D/2021	2021-04-03	United Kingdom	genome	unknown	B.1.1.7	Alpha
6213	hCoV-19/England/MILK-14C7A97/2021	2021-04-03	United Kingdom	genome	unknown	B.1.1.7	Alpha
6214	hCoV-19/Scotland/QEUH-14CA496/2021	2021-04-03	United Kingdom	genome	unknown	B.1.1.7	Alpha
6215	hCoV-19/England/MILK-14C7B49/2021	2021-04-03	United Kingdom	genome	unknown	B.1.1.7	Alpha
6216	hCoV-19/England/MILK-14C76C0/2021	2021-04-03	United Kingdom	genome	unknown	B.1.1.7	Alpha
6217	hCoV-19/England/RAND-14C5D90/2021	2021-04-03	United Kingdom	genome	unknown	B.1.1.7	Alpha
6218	hCoV-19/England/ALDP-14CBF67/2021	2021-04-03	United Kingdom	genome	unknown	B.1.1.7	Alpha
6219	hCoV-19/Scotland/EDB17169/2021	2021-04-03	United Kingdom	genome	unknown	B.1.1.7	Alpha
6220	hCoV-19/Scotland/QEUH-14DC060/2021	2021-04-03	United Kingdom	genome	unknown	B.1.1.7	Alpha
6221	hCoV-19/England/PHWC-PYDIDF/2021	2021-04-03	United Kingdom	genome	unknown	B.1.1.7	Alpha
6222	hCoV-19/England/MILK-14CB547/2021	2021-04-04	United Kingdom	genome	unknown	B.1.1.7	Alpha
6223	hCoV-19/England/MILK-14CB310/2021	2021-04-04	United Kingdom	genome	unknown	B.1.1.7	Alpha
6224	hCoV-19/England/MILK-14CD299/2021	2021-04-04	United Kingdom	genome	unknown	B.1.1.7	Alpha
6225	hCoV-19/England/ALDP-14C9075/2021	2021-04-04	United Kingdom	genome	unknown	B.1.1.7	Alpha
6226	hCoV-19/England/MILK-14CD606/2021	2021-04-04	United Kingdom	genome	unknown	B.1.1.7	Alpha
6227	hCoV-19/England/MILK-14CD4A2/2021	2021-04-04	United Kingdom	genome	unknown	B.1.1.7	Alpha
6228	hCoV-19/England/ALDP-14CA672/2021	2021-04-04	United Kingdom	genome	unknown	B.1.1.7	Alpha
6229	hCoV-19/England/MILK-14CD527/2021	2021-04-04	United Kingdom	genome	unknown	B.1.1.7	Alpha
6230	hCoV-19/England/QEUH-14CD7B8/2021	2021-04-04	United Kingdom	genome	unknown	B.1.1.7	Alpha
6231	hCoV-19/England/MILK-14CC2E5/2021	2021-04-04	United Kingdom	genome	unknown	B.1.1.7	Alpha
6232	hCoV-19/England/QEUH-14D0B4D/2021	2021-04-04	United Kingdom	genome	unknown	B.1.1.7	Alpha
6233	hCoV-19/England/QEUH-14CEFCE/2021	2021-04-04	United Kingdom	genome	unknown	B.1.1.7	Alpha
6234	hCoV-19/England/QEUH-14CEA63/2021	2021-04-04	United Kingdom	genome	unknown	B.1.1.7	Alpha
6235	hCoV-19/England/MILK-14CC670/2021	2021-04-04	United Kingdom	genome	unknown	B.1.1.7	Alpha
6236	hCoV-19/England/QEUH-14D0E71/2021	2021-04-04	United Kingdom	genome	unknown	B.1.1.7	Alpha
6237	hCoV-19/England/QEUH-14CEB24/2021	2021-04-04	United Kingdom	genome	unknown	B.1.1.7	Alpha
6238	hCoV-19/England/QEUH-14CF710/2021	2021-04-04	United Kingdom	genome	unknown	B.1.1.7	Alpha
6239	hCoV-19/England/QEUH-14CFA80/2021	2021-04-04	United Kingdom	genome	unknown	B.1.1.7	Alpha
6240	hCoV-19/England/QEUH-14CF006/2021	2021-04-04	United Kingdom	genome	unknown	B.1.1.7	Alpha
6241	hCoV-19/NorthernIreland/NIRE-001523/2021	2021-04-04	United Kingdom	genome	unknown	B.1.1.7	Alpha
6242	hCoV-19/England/QEUH-14CEF73/2021	2021-04-04	United Kingdom	genome	unknown	B.1.1.7	Alpha
6243	hCoV-19/Scotland/QEUH-14D92C7/2021	2021-04-04	United Kingdom	genome	unknown	B.1.1.7	Alpha
6244	hCoV-19/England/SHEF-10E9DB8/2021	2021-04-04	United Kingdom	genome	unknown	B.1.1.7	Alpha
6245	hCoV-19/Scotland/QEUH-14CFA62/2021	2021-04-04	United Kingdom	genome	unknown	B.1.1.7	Alpha
6246	hCoV-19/England/QEUH-14D2B78/2021	2021-04-04	United Kingdom	genome	unknown	B.1.1.7	Alpha
6247	hCoV-19/Scotland/QEUH-14CF6D7/2021	2021-04-04	United Kingdom	genome	unknown	B.1.1.7	Alpha
6248	hCoV-19/England/ALDP-14D4930/2021	2021-04-04	United Kingdom	genome	unknown	B.1.1.7	Alpha
6249	hCoV-19/Scotland/QEUH-14D0E80/2021	2021-04-04	United Kingdom	genome	unknown	B.1.1.7	Alpha
6250	hCoV-19/England/QEUH-14D160F/2021	2021-04-04	United Kingdom	genome	unknown	B.1.1.7	Alpha
6251	hCoV-19/England/QEUH-14D04F7/2021	2021-04-04	United Kingdom	genome	unknown	B.1.1.7	Alpha
6252	hCoV-19/England/ALDP-14D4A5B/2021	2021-04-05	United Kingdom	genome	unknown	B.1.1.7	Alpha
6253	hCoV-19/England/MILK-14D6682/2021	2021-04-05	United Kingdom	genome	unknown	B.1.1.7	Alpha
6254	hCoV-19/England/QEUH-14D70CF/2021	2021-04-05	United Kingdom	genome	unknown	B.1.1.7	Alpha
6255	hCoV-19/England/CAMC-14D5C36/2021	2021-04-05	United Kingdom	genome	unknown	B.1.1.7	Alpha
6256	hCoV-19/England/MILK-14D65C1/2021	2021-04-05	United Kingdom	genome	unknown	B.1.1.7	Alpha
6257	hCoV-19/England/QEUH-14D60B1/2021	2021-04-05	United Kingdom	genome	unknown	B.1.1.7	Alpha
6258	hCoV-19/England/QEUH-14D2ED9/2021	2021-04-05	United Kingdom	genome	unknown	B.1.1.7	Alpha
6259	hCoV-19/England/ALDP-14D7609/2021	2021-04-05	United Kingdom	genome	unknown	B.1.1.7	Alpha
6260	hCoV-19/England/ALDP-14D7557/2021	2021-04-05	United Kingdom	genome	unknown	B.1.1.7	Alpha
6261	hCoV-19/England/QEUH-14D7056/2021	2021-04-05	United Kingdom	genome	unknown	B.1.1.7	Alpha
6262	hCoV-19/England/QEUH-14D71AE/2021	2021-04-05	United Kingdom	genome	unknown	B.1.1.7	Alpha
6263	hCoV-19/England/QEUH-14D72D8/2021	2021-04-05	United Kingdom	genome	unknown	B.1.1.7	Alpha
6264	hCoV-19/England/QEUH-14D1854/2021	2021-04-05	United Kingdom	genome	unknown	B.1.1.7	Alpha
6265	hCoV-19/England/QEUH-14D2695/2021	2021-04-05	United Kingdom	genome	unknown	B.1.1.7	Alpha
6266	hCoV-19/England/CAMC-14D1CB2/2021	2021-04-05	United Kingdom	genome	unknown	B.1.1.7	Alpha
6267	hCoV-19/Scotland/QEUH-14D3F5D/2021	2021-04-05	United Kingdom	genome	unknown	B.1.1.7	Alpha
6268	hCoV-19/Scotland/QEUH-14D17EE/2021	2021-04-05	United Kingdom	genome	unknown	B.1.1.7	Alpha
6269	hCoV-19/England/QEUH-14DC367/2021	2021-04-05	United Kingdom	genome	unknown	B.1.1.7	Alpha
6270	hCoV-19/England/BIRM-BCDYUF/2021	2021-04-05	United Kingdom	genome	unknown	B.1.1.7	Alpha
6271	hCoV-19/Scotland/QEUH-14D2808/2021	2021-04-05	United Kingdom	genome	unknown	B.1.1.7	Alpha
6272	hCoV-19/Scotland/QEUH-14D2C66/2021	2021-04-05	United Kingdom	genome	unknown	B.1.1.7	Alpha
6273	hCoV-19/England/ALDP-14E9B9C/2021	2021-04-05	United Kingdom	genome	unknown	B.1.1.7	Alpha
6274	hCoV-19/England/QEUH-14DC24C/2021	2021-04-05	United Kingdom	genome	unknown	B.1.1.7	Alpha
6275	hCoV-19/England/QEUH-14DC15E/2021	2021-04-05	United Kingdom	genome	unknown	B.1.1.7	Alpha
6276	hCoV-19/England/MILK-14DCB32/2021	2021-04-05	United Kingdom	genome	unknown	B.1.1.7	Alpha
6277	hCoV-19/Scotland/QEUH-14DBB06/2021	2021-04-05	United Kingdom	genome	unknown	B.1.1.7	Alpha
6278	hCoV-19/England/MILK-14DCBD8/2021	2021-04-05	United Kingdom	genome	unknown	B.1.1.7	Alpha
6279	hCoV-19/England/MILK-14DCE93/2021	2021-04-05	United Kingdom	genome	unknown	B.1.1.7	Alpha
6280	hCoV-19/England/MILK-14DCF90/2021	2021-04-05	United Kingdom	genome	unknown	B.1.1.7	Alpha
6281	hCoV-19/England/MILK-14DCD96/2021	2021-04-05	United Kingdom	genome	unknown	B.1.1.7	Alpha
6282	hCoV-19/England/RAND-14DD3C0/2021	2021-04-05	United Kingdom	genome	unknown	B.1.1.7	Alpha
6283	hCoV-19/England/MILK-14DCCD5/2021	2021-04-05	United Kingdom	genome	unknown	B.1.1.7	Alpha
6284	hCoV-19/England/MILK-14DCC8A/2021	2021-04-05	United Kingdom	genome	unknown	B.1.1.7	Alpha
6285	hCoV-19/England/QEUH-14DB9EE/2021	2021-04-05	United Kingdom	genome	unknown	B.1.1.7	Alpha
6286	hCoV-19/England/CAMC-14E51BC/2021	2021-04-05	United Kingdom	genome	unknown	B.1.1.7	Alpha
6287	hCoV-19/England/ALDP-14E3EA8/2021	2021-04-05	United Kingdom	genome	unknown	B.1.1.7	Alpha
6288	hCoV-19/England/ALDP-14D4E8C/2021	2021-04-05	United Kingdom	genome	unknown	B.1.1.7	Alpha
6289	hCoV-19/England/ALDP-14D4D9E/2021	2021-04-05	United Kingdom	genome	unknown	B.1.1.7	Alpha
6290	hCoV-19/England/ALDP-14D4EC8/2021	2021-04-05	United Kingdom	genome	unknown	B.1.1.7	Alpha
6291	hCoV-19/England/PHWC-PYDXTQ/2021	2021-04-05	United Kingdom	genome	unknown	B.1.1.7	Alpha
6292	hCoV-19/England/ALDP-14D54F2/2021	2021-04-05	United Kingdom	genome	unknown	B.1.1.7	Alpha
6293	hCoV-19/England/MILK-151CB71/2021	2021-04-05	United Kingdom	genome	unknown	B.1.1.7	Alpha
6294	hCoV-19/England/MILK-151DED1/2021	2021-04-05	United Kingdom	genome	unknown	B.1.1.7	Alpha
6295	hCoV-19/England/RAND-14D44F3/2021	2021-04-05	United Kingdom	genome	unknown	B.1.1.7	Alpha
6296	hCoV-19/England/PHWC-PYDW6X/2021	2021-04-05	United Kingdom	genome	unknown	B.1.1.7	Alpha
6297	hCoV-19/England/QEUH-14D0E17/2021	2021-04-05	United Kingdom	genome	unknown	B.1.1.7	Alpha
6298	hCoV-19/England/QEUH-14D0BD4/2021	2021-04-05	United Kingdom	genome	unknown	B.1.1.7	Alpha
6299	hCoV-19/England/RAND-14DD348/2021	2021-04-06	United Kingdom	genome	unknown	B.1.1.7	Alpha
6300	hCoV-19/England/MILK-14DDF71/2021	2021-04-06	United Kingdom	genome	unknown	B.1.1.7	Alpha
6301	hCoV-19/Wales/PHWC-PYDT61/2021	2021-04-06	United Kingdom	genome	unknown	B.1.1.7	Alpha
6302	hCoV-19/England/RAND-14DE462/2021	2021-04-06	United Kingdom	genome	unknown	B.1.1.7	Alpha
6303	hCoV-19/England/MILK-14DC622/2021	2021-04-06	United Kingdom	genome	unknown	B.1.1.7	Alpha
6304	hCoV-19/Scotland/QEUH-14D9072/2021	2021-04-06	United Kingdom	genome	unknown	B.1.1.7	Alpha
6305	hCoV-19/England/QEUH-14DC3FE/2021	2021-04-06	United Kingdom	genome	unknown	B.1.1.7	Alpha
6306	hCoV-19/Scotland/QEUH-14D91AC/2021	2021-04-06	United Kingdom	genome	unknown	B.1.1.7	Alpha
6307	hCoV-19/England/QEUH-14DDBC8/2021	2021-04-06	United Kingdom	genome	unknown	B.1.1.7	Alpha
6308	hCoV-19/Scotland/QEUH-14D94C1/2021	2021-04-06	United Kingdom	genome	unknown	B.1.1.7	Alpha
6309	hCoV-19/England/RAND-14DE523/2021	2021-04-06	United Kingdom	genome	unknown	B.1.1.7	Alpha
6310	hCoV-19/England/ALDP-14D56CF/2021	2021-04-06	United Kingdom	genome	unknown	B.1.1.7	Alpha
6311	hCoV-19/England/MILK-14DC91A/2021	2021-04-06	United Kingdom	genome	unknown	B.1.1.7	Alpha
6312	hCoV-19/England/MILK-151CDF3/2021	2021-04-06	United Kingdom	genome	unknown	B.1.1.7	Alpha
6313	hCoV-19/England/MILK-14DC9A1/2021	2021-04-06	United Kingdom	genome	unknown	B.1.1.7	Alpha
6314	hCoV-19/England/RAND-14DD436/2021	2021-04-06	United Kingdom	genome	unknown	B.1.1.7	Alpha
6315	hCoV-19/NorthernIreland/NIRE-001499/2021	2021-04-06	United Kingdom	genome	unknown	B.1.1.7	Alpha
6316	hCoV-19/England/ALDP-14D5A2D/2021	2021-04-06	United Kingdom	genome	unknown	B.1.1.7	Alpha
6317	hCoV-19/England/EKHU-261239D/2021	2021-04-06	United Kingdom	genome	unknown	B.1.1.7	Alpha
6318	hCoV-19/England/RAND-14DE848/2021	2021-04-06	United Kingdom	genome	unknown	B.1.1.7	Alpha
6319	hCoV-19/England/MILK-151CD11/2021	2021-04-06	United Kingdom	genome	unknown	B.1.1.7	Alpha
6320	hCoV-19/England/RAND-14DE514/2021	2021-04-06	United Kingdom	genome	unknown	B.1.1.7	Alpha
6321	hCoV-19/England/RAND-14DE620/2021	2021-04-06	United Kingdom	genome	unknown	B.1.1.7	Alpha
6322	hCoV-19/England/ALDP-14D510A/2021	2021-04-06	United Kingdom	genome	unknown	B.1.1.7	Alpha
6323	hCoV-19/England/ALDP-14D58BA/2021	2021-04-06	United Kingdom	genome	unknown	B.1.1.7	Alpha
6324	hCoV-19/England/MILK-151DD10/2021	2021-04-06	United Kingdom	genome	unknown	B.1.1.7	Alpha
6325	hCoV-19/England/CAMC-14F250B/2021	2021-04-06	United Kingdom	genome	unknown	B.1.1.7	Alpha
6326	hCoV-19/NorthernIreland/NIRE-0014a3/2021	2021-04-06	United Kingdom	genome	unknown	B.1.1.7	Alpha
6327	hCoV-19/Scotland/QEUH-14D6B74/2021	2021-04-06	United Kingdom	genome	unknown	B.1.1.7	Alpha
6328	hCoV-19/England/QEUH-14DFCD2/2021	2021-04-06	United Kingdom	genome	unknown	B.1.1.7	Alpha
6329	hCoV-19/England/MILK-151DE2C/2021	2021-04-06	United Kingdom	genome	unknown	B.1.1.7	Alpha
6330	hCoV-19/England/QEUH-14DF62F/2021	2021-04-06	United Kingdom	genome	unknown	B.1.1.7	Alpha
6331	hCoV-19/Wales/PHWC-PYDZNF/2021	2021-04-06	United Kingdom	genome	unknown	B.1.1.7	Alpha
6332	hCoV-19/England/MILK-151F16D/2021	2021-04-06	United Kingdom	genome	unknown	B.1.1.7	Alpha
6333	hCoV-19/England/MILK-14E2B48/2021	2021-04-06	United Kingdom	genome	unknown	B.1.1.7	Alpha
6334	hCoV-19/England/QEUH-14D92D6/2021	2021-04-06	United Kingdom	genome	unknown	B.1.1.7	Alpha
6335	hCoV-19/England/ALDP-14E4C16/2021	2021-04-06	United Kingdom	genome	unknown	B.1.1.7	Alpha
6336	hCoV-19/England/ALDP-14E496A/2021	2021-04-06	United Kingdom	genome	unknown	B.1.1.7	Alpha
6337	hCoV-19/England/ALDP-14E48D6/2021	2021-04-06	United Kingdom	genome	unknown	B.1.1.7	Alpha
6338	hCoV-19/England/QEUH-14DAE77/2021	2021-04-06	United Kingdom	genome	unknown	B.1.1.7	Alpha
6339	hCoV-19/England/MILK-151CB9F/2021	2021-04-06	United Kingdom	genome	unknown	B.1.1.7	Alpha
6340	hCoV-19/England/QEUH-14D9519/2021	2021-04-06	United Kingdom	genome	unknown	B.1.1.7	Alpha
6341	hCoV-19/England/ALDP-14E46CD/2021	2021-04-06	United Kingdom	genome	unknown	B.1.1.7	Alpha
6342	hCoV-19/England/MILK-14E0360/2021	2021-04-06	United Kingdom	genome	unknown	B.1.1.7	Alpha
6343	hCoV-19/England/MILK-14E0324/2021	2021-04-06	United Kingdom	genome	unknown	B.1.1.7	Alpha
6344	hCoV-19/England/QEUH-14E777C/2021	2021-04-06	United Kingdom	genome	unknown	B.1.1.7	Alpha
6345	hCoV-19/England/QEUH-14DBB33/2021	2021-04-06	United Kingdom	genome	unknown	B.1.1.7	Alpha
6346	hCoV-19/England/MILK-151BC15/2021	2021-04-06	United Kingdom	genome	unknown	B.1.1.7	Alpha
6347	hCoV-19/England/QEUH-14DAE3B/2021	2021-04-06	United Kingdom	genome	unknown	B.1.1.7	Alpha
6348	hCoV-19/Scotland/QEUH-14DDC6B/2021	2021-04-06	United Kingdom	genome	unknown	B.1.1.7	Alpha
6349	hCoV-19/Scotland/QEUH-14DBEA3/2021	2021-04-06	United Kingdom	genome	unknown	B.1.1.7	Alpha
6350	hCoV-19/Scotland/QEUH-14DBAEB/2021	2021-04-06	United Kingdom	genome	unknown	B.1.1.7	Alpha
6351	hCoV-19/Scotland/QEUH-14DC1B8/2021	2021-04-06	United Kingdom	genome	unknown	B.1.1.7	Alpha
6352	hCoV-19/Wales/PHWC-PYDAI7/2021	2021-04-07	United Kingdom	genome	unknown	B.1.1.7	Alpha
6353	hCoV-19/Wales/PHWC-PYDW4Z/2021	2021-04-07	United Kingdom	genome	unknown	B.1.1.7	Alpha
6354	hCoV-19/England/MILK-154053A/2021	2021-04-07	United Kingdom	genome	unknown	B.1.1.7	Alpha
6355	hCoV-19/England/ALDP-14F292D/2021	2021-04-07	United Kingdom	genome	unknown	B.1.1.7	Alpha
6356	hCoV-19/England/QEUH-14E84B0/2021	2021-04-07	United Kingdom	genome	unknown	B.1.1.7	Alpha
6357	hCoV-19/England/ALDP-14F2A48/2021	2021-04-07	United Kingdom	genome	unknown	B.1.1.7	Alpha
6358	hCoV-19/England/QEUH-14DBF73/2021	2021-04-07	United Kingdom	genome	unknown	B.1.1.7	Alpha
6359	hCoV-19/England/CAMC-14E7DE3/2021	2021-04-07	United Kingdom	genome	unknown	B.1.1.7	Alpha
6360	hCoV-19/NorthernIreland/RAND-14DE8A2/2021	2021-04-07	United Kingdom	genome	unknown	B.1.1.7	Alpha
6361	hCoV-19/NorthernIreland/RAND-14DE541/2021	2021-04-07	United Kingdom	genome	unknown	B.1.1.7	Alpha
6362	hCoV-19/Scotland/QEUH-14E2717/2021	2021-04-07	United Kingdom	genome	unknown	B.1.1.7	Alpha
6363	hCoV-19/England/ALDP-14E9AEA/2021	2021-04-07	United Kingdom	genome	unknown	B.1.1.7	Alpha
6364	hCoV-19/England/CAMC-14E80CB/2021	2021-04-07	United Kingdom	genome	unknown	B.1.1.7	Alpha
6365	hCoV-19/England/ALDP-14E9B23/2021	2021-04-07	United Kingdom	genome	unknown	B.1.1.7	Alpha
6366	hCoV-19/Scotland/QEUH-14DA9A3/2021	2021-04-07	United Kingdom	genome	unknown	B.1.1.7	Alpha
6367	hCoV-19/Scotland/QEUH-14DAC04/2021	2021-04-07	United Kingdom	genome	unknown	B.1.1.7	Alpha
6368	hCoV-19/Scotland/QEUH-14DA888/2021	2021-04-07	United Kingdom	genome	unknown	B.1.1.7	Alpha
6369	hCoV-19/NorthernIreland/NIRE-0014ad/2021	2021-04-07	United Kingdom	genome	unknown	B.1.1.7	Alpha
6370	hCoV-19/Scotland/QEUH-14E0D26/2021	2021-04-07	United Kingdom	genome	unknown	B.1.1.7	Alpha
6371	hCoV-19/England/CAMC-14E7D89/2021	2021-04-07	United Kingdom	genome	unknown	B.1.1.7	Alpha
6372	hCoV-19/Scotland/QEUH-14DABCB/2021	2021-04-07	United Kingdom	genome	unknown	B.1.1.7	Alpha
6373	hCoV-19/Scotland/QEUH-14DDC2F/2021	2021-04-07	United Kingdom	genome	unknown	B.1.1.7	Alpha
6374	hCoV-19/England/QEUH-14DACC8/2021	2021-04-07	United Kingdom	genome	unknown	B.1.1.7	Alpha
6375	hCoV-19/Scotland/QEUH-14DFB3F/2021	2021-04-07	United Kingdom	genome	unknown	B.1.1.7	Alpha
6376	hCoV-19/Scotland/QEUH-14DFC0F/2021	2021-04-07	United Kingdom	genome	unknown	B.1.1.7	Alpha
6377	hCoV-19/Scotland/QEUH-14E24D4/2021	2021-04-07	United Kingdom	genome	unknown	B.1.1.7	Alpha
6378	hCoV-19/England/MILK-154EA00/2021	2021-04-07	United Kingdom	genome	unknown	B.1.1.7	Alpha
6379	hCoV-19/England/PHEC-U308U9BF/2021	2021-04-07	United Kingdom	genome	unknown	B.1.1.7	Alpha
6380	hCoV-19/Scotland/QEUH-14DFE18/2021	2021-04-07	United Kingdom	genome	unknown	B.1.1.7	Alpha
6381	hCoV-19/Scotland/QEUH-14E5EE2/2021	2021-04-07	United Kingdom	genome	unknown	B.1.1.7	Alpha
6382	hCoV-19/Scotland/QEUH-14DF80B/2021	2021-04-07	United Kingdom	genome	unknown	B.1.1.7	Alpha
6383	hCoV-19/Scotland/QEUH-14DF522/2021	2021-04-07	United Kingdom	genome	unknown	B.1.1.7	Alpha
6384	hCoV-19/Scotland/QEUH-14DFCF0/2021	2021-04-07	United Kingdom	genome	unknown	B.1.1.7	Alpha
6385	hCoV-19/England/QEUH-14E14A8/2021	2021-04-07	United Kingdom	genome	unknown	B.1.1.7	Alpha
6386	hCoV-19/England/MILK-15415EE/2021	2021-04-07	United Kingdom	genome	unknown	B.1.1.7	Alpha
6387	hCoV-19/England/MILK-1542BAF/2021	2021-04-07	United Kingdom	genome	unknown	B.1.1.7	Alpha
6388	hCoV-19/England/QEUH-14E0C47/2021	2021-04-07	United Kingdom	genome	unknown	B.1.1.7	Alpha
6389	hCoV-19/England/QEUH-14E85EA/2021	2021-04-07	United Kingdom	genome	unknown	B.1.1.7	Alpha
6390	hCoV-19/England/ALDP-14F27AB/2021	2021-04-07	United Kingdom	genome	unknown	B.1.1.7	Alpha
6391	hCoV-19/Wales/PHWC-PYD1RG/2021	2021-04-07	United Kingdom	genome	unknown	B.1.1.7	Alpha
6392	hCoV-19/England/CAMC-14D2000/2021	2021-04-07	United Kingdom	genome	unknown	B.1.1.7	Alpha
6393	hCoV-19/England/ALDP-14E1C0A/2021	2021-04-07	United Kingdom	genome	unknown	B.1.1.7	Alpha
6394	hCoV-19/England/QEUH-14DFFAC/2021	2021-04-07	United Kingdom	genome	unknown	B.1.1.7	Alpha
6395	hCoV-19/England/QEUH-14DF461/2021	2021-04-07	United Kingdom	genome	unknown	B.1.1.7	Alpha
6396	hCoV-19/England/QEUH-14DFDEE/2021	2021-04-07	United Kingdom	genome	unknown	B.1.1.7	Alpha
6397	hCoV-19/England/QEUH-14E137E/2021	2021-04-07	United Kingdom	genome	unknown	B.1.1.7	Alpha
6398	hCoV-19/England/ALDP-14E6CF6/2021	2021-04-07	United Kingdom	genome	unknown	B.1.1.7	Alpha
6399	hCoV-19/England/QEUH-14E0CCF/2021	2021-04-07	United Kingdom	genome	unknown	B.1.1.7	Alpha
6400	hCoV-19/England/ALDP-14E1BD0/2021	2021-04-07	United Kingdom	genome	unknown	B.1.1.7	Alpha
6401	hCoV-19/England/CAMC-14DED76/2021	2021-04-07	United Kingdom	genome	unknown	B.1.1.7	Alpha
6402	hCoV-19/England/MILK-154EA6A/2021	2021-04-07	United Kingdom	genome	unknown	B.1.1.7	Alpha
6403	hCoV-19/England/RAND-14E1F01/2021	2021-04-07	United Kingdom	genome	unknown	B.1.1.7	Alpha
6404	hCoV-19/England/CAMC-14D1E8F/2021	2021-04-07	United Kingdom	genome	unknown	B.1.1.7	Alpha
6405	hCoV-19/England/MILK-154FCAF/2021	2021-04-07	United Kingdom	genome	unknown	B.1.1.7	Alpha
6406	hCoV-19/England/ALDP-14E1851/2021	2021-04-07	United Kingdom	genome	unknown	B.1.1.7	Alpha
6407	hCoV-19/England/ALDP-14E196D/2021	2021-04-07	United Kingdom	genome	unknown	B.1.1.7	Alpha
6408	hCoV-19/England/MILK-14E29B7/2021	2021-04-07	United Kingdom	genome	unknown	B.1.1.7	Alpha
6409	hCoV-19/England/CAMC-14DEB9A/2021	2021-04-07	United Kingdom	genome	unknown	B.1.1.7	Alpha
6410	hCoV-19/England/QEUH-14E26DE/2021	2021-04-07	United Kingdom	genome	unknown	B.1.1.7	Alpha
6411	hCoV-19/Scotland/QEUH-14DF601/2021	2021-04-08	United Kingdom	genome	unknown	B.1.1.7	Alpha
6412	hCoV-19/England/QEUH-14E82D4/2021	2021-04-08	United Kingdom	genome	unknown	B.1.1.7	Alpha
6413	hCoV-19/Scotland/QEUH-14DF610/2021	2021-04-08	United Kingdom	genome	unknown	B.1.1.7	Alpha
6414	hCoV-19/England/QEUH-14E41BD/2021	2021-04-08	United Kingdom	genome	unknown	B.1.1.7	Alpha
6415	hCoV-19/Scotland/QEUH-14E6E5A/2021	2021-04-08	United Kingdom	genome	unknown	B.1.1.7	Alpha
6416	hCoV-19/Scotland/QEUH-14DF55F/2021	2021-04-08	United Kingdom	genome	unknown	B.1.1.7	Alpha
6417	hCoV-19/England/ALDP-14E9A17/2021	2021-04-08	United Kingdom	genome	unknown	B.1.1.7	Alpha
6418	hCoV-19/England/CAMC-14E7D4D/2021	2021-04-08	United Kingdom	genome	unknown	B.1.1.7	Alpha
6419	hCoV-19/Scotland/QEUH-14E819B/2021	2021-04-08	United Kingdom	genome	unknown	B.1.1.7	Alpha
6420	hCoV-19/England/QEUH-14E0816/2021	2021-04-08	United Kingdom	genome	unknown	B.1.1.7	Alpha
6421	hCoV-19/England/QEUH-14E4CCB/2021	2021-04-08	United Kingdom	genome	unknown	B.1.1.7	Alpha
6422	hCoV-19/England/QEUH-14E4EA7/2021	2021-04-08	United Kingdom	genome	unknown	B.1.1.7	Alpha
6423	hCoV-19/England/ALDP-14EF10D/2021	2021-04-08	United Kingdom	genome	unknown	B.1.1.7	Alpha
6424	hCoV-19/England/CAMC-14F3977/2021	2021-04-08	United Kingdom	genome	unknown	B.1.1.7	Alpha
6425	hCoV-19/Scotland/QEUH-14E4E6B/2021	2021-04-08	United Kingdom	genome	unknown	B.1.1.7	Alpha
6426	hCoV-19/Scotland/QEUH-14E64C1/2021	2021-04-08	United Kingdom	genome	unknown	B.1.1.7	Alpha
6427	hCoV-19/England/RAND-14EB57E/2021	2021-04-08	United Kingdom	genome	unknown	B.1.1.7	Alpha
6428	hCoV-19/England/ALDP-14E533E/2021	2021-04-08	United Kingdom	genome	unknown	B.1.1.7	Alpha
6429	hCoV-19/England/QEUH-14E4302/2021	2021-04-08	United Kingdom	genome	unknown	B.1.1.7	Alpha
6430	hCoV-19/England/MILK-14E8BAC/2021	2021-04-08	United Kingdom	genome	unknown	B.1.1.7	Alpha
6431	hCoV-19/England/MILK-14EA6C7/2021	2021-04-08	United Kingdom	genome	unknown	B.1.1.7	Alpha
6432	hCoV-19/Scotland/QEUH-14E154B/2021	2021-04-08	United Kingdom	genome	unknown	B.1.1.7	Alpha
6433	hCoV-19/Scotland/GGC292/2021	2021-04-08	United Kingdom	genome	unknown	B.1.1.7	Alpha
6434	hCoV-19/England/SHEF-10DE6F7/2021	2021-04-08	United Kingdom	genome	unknown	B.1.1.7	Alpha
6435	hCoV-19/England/RAND-14EB2A4/2021	2021-04-08	United Kingdom	genome	unknown	B.1.1.7	Alpha
6436	hCoV-19/England/QEUH-14DF443/2021	2021-04-08	United Kingdom	genome	unknown	B.1.1.7	Alpha
6437	hCoV-19/England/QEUH-14DF48F/2021	2021-04-08	United Kingdom	genome	unknown	B.1.1.7	Alpha
6438	hCoV-19/England/QEUH-14DF795/2021	2021-04-08	United Kingdom	genome	unknown	B.1.1.7	Alpha
6439	hCoV-19/England/QEUH-14E44C3/2021	2021-04-08	United Kingdom	genome	unknown	B.1.1.7	Alpha
6440	hCoV-19/England/QEUH-14E5E4C/2021	2021-04-08	United Kingdom	genome	unknown	B.1.1.7	Alpha
6441	hCoV-19/England/MILK-152A33C/2021	2021-04-08	United Kingdom	genome	unknown	B.1.1.7	Alpha
6442	hCoV-19/England/QEUH-14E61E8/2021	2021-04-08	United Kingdom	genome	unknown	B.1.1.7	Alpha
6443	hCoV-19/England/QEUH-14E636A/2021	2021-04-08	United Kingdom	genome	unknown	B.1.1.7	Alpha
6444	hCoV-19/England/QEUH-14E2D8E/2021	2021-04-08	United Kingdom	genome	unknown	B.1.1.7	Alpha
6445	hCoV-19/England/QEUH-14E63A6/2021	2021-04-08	United Kingdom	genome	unknown	B.1.1.7	Alpha
6446	hCoV-19/England/QEUH-14E63C4/2021	2021-04-08	United Kingdom	genome	unknown	B.1.1.7	Alpha
6447	hCoV-19/England/QEUH-14E7062/2021	2021-04-08	United Kingdom	genome	unknown	B.1.1.7	Alpha
6448	hCoV-19/Wales/PHWC-PYDUMZ/2021	2021-04-08	United Kingdom	genome	unknown	B.1.1.7	Alpha
6449	hCoV-19/Wales/PHWC-PYDARY/2021	2021-04-08	United Kingdom	genome	unknown	B.1.1.7	Alpha
6450	hCoV-19/England/PHWC-PYDIYM/2021	2021-04-08	United Kingdom	genome	unknown	B.1.1.7	Alpha
6451	hCoV-19/England/QEUH-14E247A/2021	2021-04-08	United Kingdom	genome	unknown	B.1.1.7	Alpha
6452	hCoV-19/England/MILK-14E90BB/2021	2021-04-08	United Kingdom	genome	unknown	B.1.1.7	Alpha
6453	hCoV-19/England/CAMC-14D1CFE/2021	2021-04-08	United Kingdom	genome	unknown	B.1.1.7	Alpha
6454	hCoV-19/Scotland/QEUH-14E6546/2021	2021-04-09	United Kingdom	genome	unknown	B.1.1.7	Alpha
6455	hCoV-19/England/MILK-1529A83/2021	2021-04-09	United Kingdom	genome	unknown	B.1.1.7	Alpha
6456	hCoV-19/England/QEUH-14E6616/2021	2021-04-09	United Kingdom	genome	unknown	B.1.1.7	Alpha
6457	hCoV-19/England/ALDP-14F4590/2021	2021-04-09	United Kingdom	genome	unknown	B.1.1.7	Alpha
6458	hCoV-19/England/QEUH-14EBC6A/2021	2021-04-09	United Kingdom	genome	unknown	B.1.1.7	Alpha
6459	hCoV-19/England/PHEC-30674E/2021	2021-04-09	United Kingdom	genome	unknown	B.1.1.7	Alpha
6460	hCoV-19/England/QEUH-14EBC88/2021	2021-04-09	United Kingdom	genome	unknown	B.1.1.7	Alpha
6461	hCoV-19/England/MILK-1529E87/2021	2021-04-09	United Kingdom	genome	unknown	B.1.1.7	Alpha
6462	hCoV-19/England/ALDP-14F48A6/2021	2021-04-09	United Kingdom	genome	unknown	B.1.1.7	Alpha
6463	hCoV-19/Scotland/QEUH-14EBDB2/2021	2021-04-09	United Kingdom	genome	unknown	B.1.1.7	Alpha
6464	hCoV-19/England/MILK-1529F57/2021	2021-04-09	United Kingdom	genome	unknown	B.1.1.7	Alpha
6465	hCoV-19/Scotland/QEUH-14EA339/2021	2021-04-09	United Kingdom	genome	unknown	B.1.1.7	Alpha
6466	hCoV-19/Scotland/QEUH-14EC09A/2021	2021-04-09	United Kingdom	genome	unknown	B.1.1.7	Alpha
6467	hCoV-19/Scotland/QEUH-14EBF52/2021	2021-04-09	United Kingdom	genome	unknown	B.1.1.7	Alpha
6468	hCoV-19/England/MILK-1529968/2021	2021-04-09	United Kingdom	genome	unknown	B.1.1.7	Alpha
6469	hCoV-19/Scotland/QEUH-14EAF62/2021	2021-04-09	United Kingdom	genome	unknown	B.1.1.7	Alpha
6470	hCoV-19/England/PHEC-U308UB04/2021	2021-04-09	United Kingdom	genome	unknown	B.1.1.7	Alpha
6471	hCoV-19/England/MILK-14E8B51/2021	2021-04-09	United Kingdom	genome	unknown	B.1.1.7	Alpha
6472	hCoV-19/England/QEUH-14E9D3C/2021	2021-04-09	United Kingdom	genome	unknown	B.1.1.7	Alpha
6473	hCoV-19/England/QEUH-14EA490/2021	2021-04-09	United Kingdom	genome	unknown	B.1.1.7	Alpha
6474	hCoV-19/England/ALDP-14EF1A3/2021	2021-04-09	United Kingdom	genome	unknown	B.1.1.7	Alpha
6475	hCoV-19/England/QEUH-14EA366/2021	2021-04-09	United Kingdom	genome	unknown	B.1.1.7	Alpha
6476	hCoV-19/England/MILK-15296CB/2021	2021-04-09	United Kingdom	genome	unknown	B.1.1.7	Alpha
6477	hCoV-19/England/MILK-1529BAE/2021	2021-04-09	United Kingdom	genome	unknown	B.1.1.7	Alpha
6478	hCoV-19/England/RAND-14F194C/2021	2021-04-09	United Kingdom	genome	unknown	B.1.1.7	Alpha
6479	hCoV-19/England/MILK-1529F39/2021	2021-04-09	United Kingdom	genome	unknown	B.1.1.7	Alpha
6480	hCoV-19/England/MILK-1529B9F/2021	2021-04-09	United Kingdom	genome	unknown	B.1.1.7	Alpha
6481	hCoV-19/England/MILK-1529E2D/2021	2021-04-09	United Kingdom	genome	unknown	B.1.1.7	Alpha
6482	hCoV-19/England/RAND-14F196A/2021	2021-04-09	United Kingdom	genome	unknown	B.1.1.7	Alpha
6483	hCoV-19/England/QEUH-14EC06D/2021	2021-04-09	United Kingdom	genome	unknown	B.1.1.7	Alpha
6484	hCoV-19/England/QEUH-14EA3EE/2021	2021-04-09	United Kingdom	genome	unknown	B.1.1.7	Alpha
6485	hCoV-19/England/QEUH-14EA0D8/2021	2021-04-09	United Kingdom	genome	unknown	B.1.1.7	Alpha
6486	hCoV-19/England/QEUH-14EA111/2021	2021-04-09	United Kingdom	genome	unknown	B.1.1.7	Alpha
6487	hCoV-19/England/QEUH-14EB12F/2021	2021-04-09	United Kingdom	genome	unknown	B.1.1.7	Alpha
6488	hCoV-19/England/RAND-14F1979/2021	2021-04-09	United Kingdom	genome	unknown	B.1.1.7	Alpha
6489	hCoV-19/England/QEUH-14EA348/2021	2021-04-09	United Kingdom	genome	unknown	B.1.1.7	Alpha
6490	hCoV-19/Scotland/QEUH-1504909/2021	2021-04-09	United Kingdom	genome	unknown	B.1.1.7	Alpha
6491	hCoV-19/England/QEUH-14EC188/2021	2021-04-09	United Kingdom	genome	unknown	B.1.1.7	Alpha
6492	hCoV-19/Wales/PHWC-PYDU1E/2021	2021-04-10	United Kingdom	genome	unknown	B.1.1.7	Alpha
6493	hCoV-19/Wales/PHWC-PYDU6O/2021	2021-04-10	United Kingdom	genome	unknown	B.1.1.7	Alpha
6494	hCoV-19/Wales/PHWC-PYDZ9K/2021	2021-04-10	United Kingdom	genome	unknown	B.1.1.7	Alpha
6495	hCoV-19/Wales/PHWC-PYDAW9/2021	2021-04-10	United Kingdom	genome	unknown	B.1.1.7	Alpha
6496	hCoV-19/NorthernIreland/RAND-14EB417/2021	2021-04-10	United Kingdom	genome	unknown	B.1.1.7	Alpha
6497	hCoV-19/England/PHEC-U308UB7D/2021	2021-04-10	United Kingdom	genome	unknown	B.1.1.7	Alpha
6498	hCoV-19/Scotland/QEUH-14E9EA2/2021	2021-04-10	United Kingdom	genome	unknown	B.1.1.7	Alpha
6499	hCoV-19/Scotland/QEUH-14E9F54/2021	2021-04-10	United Kingdom	genome	unknown	B.1.1.7	Alpha
6500	hCoV-19/England/QEUH-14EAE74/2021	2021-04-10	United Kingdom	genome	unknown	B.1.1.7	Alpha
6501	hCoV-19/England/QEUH-14EB1E3/2021	2021-04-10	United Kingdom	genome	unknown	B.1.1.7	Alpha
6502	hCoV-19/England/QEUH-14EB17A/2021	2021-04-10	United Kingdom	genome	unknown	B.1.1.7	Alpha
6503	hCoV-19/Scotland/QEUH-14EB0AA/2021	2021-04-10	United Kingdom	genome	unknown	B.1.1.7	Alpha
6504	hCoV-19/England/ALDP-14EE60F/2021	2021-04-10	United Kingdom	genome	unknown	B.1.1.7	Alpha
6505	hCoV-19/Scotland/QEUH-14EABB9/2021	2021-04-10	United Kingdom	genome	unknown	B.1.1.7	Alpha
6506	hCoV-19/Scotland/QEUH-14E91C7/2021	2021-04-10	United Kingdom	genome	unknown	B.1.1.7	Alpha
6507	hCoV-19/England/ALDP-14EDD83/2021	2021-04-10	United Kingdom	genome	unknown	B.1.1.7	Alpha
6508	hCoV-19/England/ALDP-14EF06A/2021	2021-04-10	United Kingdom	genome	unknown	B.1.1.7	Alpha
6509	hCoV-19/England/ALDP-14EDEEA/2021	2021-04-10	United Kingdom	genome	unknown	B.1.1.7	Alpha
6510	hCoV-19/England/ALDP-14EE2A1/2021	2021-04-10	United Kingdom	genome	unknown	B.1.1.7	Alpha
6511	hCoV-19/England/ALDP-14EE48D/2021	2021-04-10	United Kingdom	genome	unknown	B.1.1.7	Alpha
6512	hCoV-19/England/MILK-15330A2/2021	2021-04-10	United Kingdom	genome	unknown	B.1.1.7	Alpha
6513	hCoV-19/Scotland/OXON-F80C14/2021	2021-04-10	United Kingdom	genome	unknown	B.1.1.7	Alpha
6514	hCoV-19/England/BHRT-24BB2AA/2021	2021-04-10	United Kingdom	genome	unknown	B.1.1.7	Alpha
6515	hCoV-19/England/LOND-E6352/2021	2021-04-10	United Kingdom	genome	unknown	B.1.1.7	Alpha
6516	hCoV-19/England/MILK-14FAD92/2021	2021-04-10	United Kingdom	genome	unknown	B.1.1.7	Alpha
6517	hCoV-19/Scotland/QEUH-14EAE0B/2021	2021-04-10	United Kingdom	genome	unknown	B.1.1.7	Alpha
6518	hCoV-19/England/MILK-153AE29/2021	2021-04-10	United Kingdom	genome	unknown	B.1.1.7	Alpha
6519	hCoV-19/England/QEUH-15067B2/2021	2021-04-11	United Kingdom	genome	unknown	B.1.1.7	Alpha
6520	hCoV-19/England/ALDP-14F432D/2021	2021-04-11	United Kingdom	genome	unknown	B.1.1.7	Alpha
6521	hCoV-19/Scotland/QEUH-14F9E72/2021	2021-04-11	United Kingdom	genome	unknown	B.1.1.7	Alpha
6522	hCoV-19/Scotland/QEUH-14F6ACC/2021	2021-04-11	United Kingdom	genome	unknown	B.1.1.7	Alpha
6523	hCoV-19/England/MILK-14F54FC/2021	2021-04-11	United Kingdom	genome	unknown	B.1.1.7	Alpha
6524	hCoV-19/England/ALDP-14F424E/2021	2021-04-11	United Kingdom	genome	unknown	B.1.1.7	Alpha
6525	hCoV-19/England/SHEF-10E2B97/2021	2021-04-11	United Kingdom	genome	unknown	B.1.1.7	Alpha
6526	hCoV-19/Scotland/EDB17760/2021	2021-04-11	United Kingdom	genome	unknown	B.1.1.7	Alpha
6527	hCoV-19/Wales/PHWC-PYDA6M/2021	2021-04-11	United Kingdom	genome	unknown	B.1.1.7	Alpha
6528	hCoV-19/England/QEUH-14F2E5B/2021	2021-04-11	United Kingdom	genome	unknown	B.1.1.7	Alpha
6529	hCoV-19/Wales/PHWC-PYDSYK/2021	2021-04-11	United Kingdom	genome	unknown	B.1.1.7	Alpha
6530	hCoV-19/England/ALDP-14F4150/2021	2021-04-11	United Kingdom	genome	unknown	B.1.1.7	Alpha
6531	hCoV-19/England/RAND-14F1D5F/2021	2021-04-11	United Kingdom	genome	unknown	B.1.1.7	Alpha
6532	hCoV-19/England/CAMC-15035AC/2021	2021-04-11	United Kingdom	genome	unknown	B.1.1.7	Alpha
6533	hCoV-19/England/CAMC-1503506/2021	2021-04-11	United Kingdom	genome	unknown	B.1.1.7	Alpha
6534	hCoV-19/England/HSLL-150FB08/2021	2021-04-11	United Kingdom	genome	unknown	B.1.1.7	Alpha
6535	hCoV-19/England/MILK-150123E/2021	2021-04-11	United Kingdom	genome	unknown	B.1.1.7	Alpha
6536	hCoV-19/England/CAMC-14E7B34/2021	2021-04-11	United Kingdom	genome	unknown	B.1.1.7	Alpha
6537	hCoV-19/England/QEUH-14F680E/2021	2021-04-11	United Kingdom	genome	unknown	B.1.1.7	Alpha
6538	hCoV-19/England/RAND-14FD290/2021	2021-04-11	United Kingdom	genome	unknown	B.1.1.7	Alpha
6539	hCoV-19/England/MILK-14F9540/2021	2021-04-11	United Kingdom	genome	unknown	B.1.1.7	Alpha
6540	hCoV-19/Wales/PHWC-PYDWA5/2021	2021-04-11	United Kingdom	genome	unknown	B.1.1.7	Alpha
6541	hCoV-19/England/MILK-14F61D6/2021	2021-04-11	United Kingdom	genome	unknown	B.1.1.7	Alpha
6542	hCoV-19/England/QEUH-14F6C02/2021	2021-04-11	United Kingdom	genome	unknown	B.1.1.7	Alpha
6543	hCoV-19/England/QEUH-14F58B4/2021	2021-04-11	United Kingdom	genome	unknown	B.1.1.7	Alpha
6544	hCoV-19/England/MILK-14F3DE4/2021	2021-04-11	United Kingdom	genome	unknown	B.1.1.7	Alpha
6545	hCoV-19/England/MILK-14F5FCE/2021	2021-04-11	United Kingdom	genome	unknown	B.1.1.7	Alpha
6546	hCoV-19/England/ALDP-14F492B/2021	2021-04-11	United Kingdom	genome	unknown	B.1.1.7	Alpha
6547	hCoV-19/England/QEUH-14F69DE/2021	2021-04-11	United Kingdom	genome	unknown	B.1.1.7	Alpha
6548	hCoV-19/England/MILK-14F94F8/2021	2021-04-11	United Kingdom	genome	unknown	B.1.1.7	Alpha
6549	hCoV-19/England/MILK-14F83FC/2021	2021-04-11	United Kingdom	genome	unknown	B.1.1.7	Alpha
6550	hCoV-19/England/ALDP-14FC598/2021	2021-04-11	United Kingdom	genome	unknown	B.1.1.7	Alpha
6551	hCoV-19/NorthernIreland/RAND-14F1C16/2021	2021-04-11	United Kingdom	genome	unknown	B.1.1.7	Alpha
6552	hCoV-19/Scotland/QEUH-14EEAC7/2021	2021-04-11	United Kingdom	genome	unknown	B.1.1.7	Alpha
6553	hCoV-19/England/MILK-151E7A8/2021	2021-04-11	United Kingdom	genome	unknown	B.1.1.7	Alpha
6554	hCoV-19/England/ALDP-14FC729/2021	2021-04-11	United Kingdom	genome	unknown	B.1.1.7	Alpha
6555	hCoV-19/England/MILK-151E9FD/2021	2021-04-11	United Kingdom	genome	unknown	B.1.1.7	Alpha
6556	hCoV-19/England/QEUH-14FB0F2/2021	2021-04-12	United Kingdom	genome	unknown	B.1.1.7	Alpha
6557	hCoV-19/England/MILK-14FA442/2021	2021-04-12	United Kingdom	genome	unknown	B.1.1.7	Alpha
6558	hCoV-19/England/ALDP-150317B/2021	2021-04-12	United Kingdom	genome	unknown	B.1.1.7	Alpha
6559	hCoV-19/Scotland/QEUH-1500DE3/2021	2021-04-12	United Kingdom	genome	unknown	B.1.1.7	Alpha
6560	hCoV-19/England/QEUH-14F4E4A/2021	2021-04-12	United Kingdom	genome	unknown	B.1.1.7	Alpha
6561	hCoV-19/England/QEUH-14F4BBC/2021	2021-04-12	United Kingdom	genome	unknown	B.1.1.7	Alpha
6562	hCoV-19/England/QEUH-14FB256/2021	2021-04-12	United Kingdom	genome	unknown	B.1.1.7	Alpha
6563	hCoV-19/England/MILK-14FA415/2021	2021-04-12	United Kingdom	genome	unknown	B.1.1.7	Alpha
6564	hCoV-19/England/QEUH-14FB1FF/2021	2021-04-12	United Kingdom	genome	unknown	B.1.1.7	Alpha
6565	hCoV-19/England/ALDP-1505030/2021	2021-04-12	United Kingdom	genome	unknown	B.1.1.7	Alpha
6566	hCoV-19/England/ALDP-14FCF21/2021	2021-04-12	United Kingdom	genome	unknown	B.1.1.7	Alpha
6567	hCoV-19/England/QEUH-14F2DE5/2021	2021-04-12	United Kingdom	genome	unknown	B.1.1.7	Alpha
6568	hCoV-19/England/QEUH-14F3230/2021	2021-04-12	United Kingdom	genome	unknown	B.1.1.7	Alpha
6569	hCoV-19/England/ALDP-14FFA4B/2021	2021-04-12	United Kingdom	genome	unknown	B.1.1.7	Alpha
6570	hCoV-19/England/MILK-14F930A/2021	2021-04-12	United Kingdom	genome	unknown	B.1.1.7	Alpha
6571	hCoV-19/England/MILK-150108F/2021	2021-04-12	United Kingdom	genome	unknown	B.1.1.7	Alpha
6572	hCoV-19/England/QEUH-14F2E1F/2021	2021-04-12	United Kingdom	genome	unknown	B.1.1.7	Alpha
6573	hCoV-19/Wales/ALDP-14FC6B3/2021	2021-04-12	United Kingdom	genome	unknown	B.1.1.7	Alpha
6574	hCoV-19/England/QEUH-14F4DB6/2021	2021-04-12	United Kingdom	genome	unknown	B.1.1.7	Alpha
6575	hCoV-19/England/MILK-14FA512/2021	2021-04-12	United Kingdom	genome	unknown	B.1.1.7	Alpha
6576	hCoV-19/England/QEUH-14F9935/2021	2021-04-12	United Kingdom	genome	unknown	B.1.1.7	Alpha
6577	hCoV-19/England/MILK-15046D5/2021	2021-04-12	United Kingdom	genome	unknown	B.1.1.7	Alpha
6578	hCoV-19/England/ALDP-14FB6C3/2021	2021-04-12	United Kingdom	genome	unknown	B.1.1.7	Alpha
6579	hCoV-19/England/ALDP-1504FF8/2021	2021-04-12	United Kingdom	genome	unknown	B.1.1.7	Alpha
6580	hCoV-19/England/MILK-1505276/2021	2021-04-12	United Kingdom	genome	unknown	B.1.1.7	Alpha
6581	hCoV-19/Scotland/QEUH-14F69ED/2021	2021-04-12	United Kingdom	genome	unknown	B.1.1.7	Alpha
6582	hCoV-19/Wales/PHWC-PYD5TN/2021	2021-04-12	United Kingdom	genome	unknown	B.1.1.7	Alpha
6583	hCoV-19/England/NORT-1BA3FE6/2021	2021-04-12	United Kingdom	genome	unknown	B.1.1.7	Alpha
6584	hCoV-19/England/QEUH-14F62C4/2021	2021-04-12	United Kingdom	genome	unknown	B.1.1.7	Alpha
6585	hCoV-19/England/QEUH-14FA1B4/2021	2021-04-12	United Kingdom	genome	unknown	B.1.1.7	Alpha
6586	hCoV-19/England/QEUH-14F9CA5/2021	2021-04-12	United Kingdom	genome	unknown	B.1.1.7	Alpha
6587	hCoV-19/England/QEUH-14F585A/2021	2021-04-12	United Kingdom	genome	unknown	B.1.1.7	Alpha
6588	hCoV-19/England/CAMC-150D5A2/2021	2021-04-12	United Kingdom	genome	unknown	B.1.1.7	Alpha
6589	hCoV-19/England/QEUH-14FD500/2021	2021-04-12	United Kingdom	genome	unknown	B.1.1.7	Alpha
6590	hCoV-19/Scotland/QEUH-14F9A50/2021	2021-04-12	United Kingdom	genome	unknown	B.1.1.7	Alpha
6591	hCoV-19/England/RAND-14FD245/2021	2021-04-12	United Kingdom	genome	unknown	B.1.1.7	Alpha
6592	hCoV-19/England/QEUH-14F7EED/2021	2021-04-12	United Kingdom	genome	unknown	B.1.1.7	Alpha
6593	hCoV-19/England/MILK-153327F/2021	2021-04-12	United Kingdom	genome	unknown	B.1.1.7	Alpha
6594	hCoV-19/England/CAMC-14F865D/2021	2021-04-13	United Kingdom	genome	unknown	B.1.1.7	Alpha
6595	hCoV-19/Scotland/QEUH-1502604/2021	2021-04-13	United Kingdom	genome	unknown	B.1.1.7	Alpha
6596	hCoV-19/Scotland/QEUH-1502CE4/2021	2021-04-13	United Kingdom	genome	unknown	B.1.1.7	Alpha
6597	hCoV-19/England/CAMC-14F8505/2021	2021-04-13	United Kingdom	genome	unknown	B.1.1.7	Alpha
6598	hCoV-19/England/QEUH-15001BA/2021	2021-04-13	United Kingdom	genome	unknown	B.1.1.7	Alpha
6599	hCoV-19/England/CAMC-14F1B73/2021	2021-04-13	United Kingdom	genome	unknown	B.1.1.7	Alpha
6600	hCoV-19/England/ALDP-1504417/2021	2021-04-13	United Kingdom	genome	unknown	B.1.1.7	Alpha
6601	hCoV-19/England/HSLL-150FC41/2021	2021-04-13	United Kingdom	genome	unknown	B.1.1.7	Alpha
6602	hCoV-19/England/QEUH-150226A/2021	2021-04-13	United Kingdom	genome	unknown	B.1.1.7	Alpha
6603	hCoV-19/Scotland/QEUH-1500BF8/2021	2021-04-13	United Kingdom	genome	unknown	B.1.1.7	Alpha
6604	hCoV-19/England/ALDP-15031B7/2021	2021-04-13	United Kingdom	genome	unknown	B.1.1.7	Alpha
6605	hCoV-19/England/QEUH-1502640/2021	2021-04-13	United Kingdom	genome	unknown	B.1.1.7	Alpha
6606	hCoV-19/England/QEUH-15021C7/2021	2021-04-13	United Kingdom	genome	unknown	B.1.1.7	Alpha
6607	hCoV-19/England/QEUH-150240A/2021	2021-04-13	United Kingdom	genome	unknown	B.1.1.7	Alpha
6608	hCoV-19/England/ALDP-1502E0C/2021	2021-04-13	United Kingdom	genome	unknown	B.1.1.7	Alpha
6609	hCoV-19/England/ALDP-1502DC3/2021	2021-04-13	United Kingdom	genome	unknown	B.1.1.7	Alpha
6610	hCoV-19/England/ALDP-1502E93/2021	2021-04-13	United Kingdom	genome	unknown	B.1.1.7	Alpha
6611	hCoV-19/England/ALDP-1504435/2021	2021-04-13	United Kingdom	genome	unknown	B.1.1.7	Alpha
6612	hCoV-19/England/ALDP-1502E84/2021	2021-04-13	United Kingdom	genome	unknown	B.1.1.7	Alpha
6613	hCoV-19/Wales/PHWC-PYD7R5/2021	2021-04-13	United Kingdom	genome	unknown	B.1.1.7	Alpha
6614	hCoV-19/England/ALDP-14FB371/2021	2021-04-13	United Kingdom	genome	unknown	B.1.1.7	Alpha
6615	hCoV-19/Scotland/QEUH-1502428/2021	2021-04-13	United Kingdom	genome	unknown	B.1.1.7	Alpha
6616	hCoV-19/Scotland/QEUH-1500606/2021	2021-04-13	United Kingdom	genome	unknown	B.1.1.7	Alpha
6617	hCoV-19/England/ALDP-14FB432/2021	2021-04-13	United Kingdom	genome	unknown	B.1.1.7	Alpha
6618	hCoV-19/England/ALDP-14FB696/2021	2021-04-13	United Kingdom	genome	unknown	B.1.1.7	Alpha
6619	hCoV-19/Wales/PHWC-PYDHW5/2021	2021-04-13	United Kingdom	genome	unknown	B.1.1.7	Alpha
6620	hCoV-19/Scotland/QEUH-1500C8C/2021	2021-04-13	United Kingdom	genome	unknown	B.1.1.7	Alpha
6621	hCoV-19/England/ALDP-15032D2/2021	2021-04-13	United Kingdom	genome	unknown	B.1.1.7	Alpha
6622	hCoV-19/England/QEUH-1501EC1/2021	2021-04-13	United Kingdom	genome	unknown	B.1.1.7	Alpha
6623	hCoV-19/England/MILK-14FFCCD/2021	2021-04-13	United Kingdom	genome	unknown	B.1.1.7	Alpha
6624	hCoV-19/England/MILK-1503BD7/2021	2021-04-13	United Kingdom	genome	unknown	B.1.1.7	Alpha
6625	hCoV-19/England/RAND-150699E/2021	2021-04-13	United Kingdom	genome	unknown	B.1.1.7	Alpha
6626	hCoV-19/England/MILK-1506916/2021	2021-04-13	United Kingdom	genome	unknown	B.1.1.7	Alpha
6627	hCoV-19/England/QEUH-14FF47A/2021	2021-04-13	United Kingdom	genome	unknown	B.1.1.7	Alpha
6628	hCoV-19/England/QEUH-1501D1F/2021	2021-04-13	United Kingdom	genome	unknown	B.1.1.7	Alpha
6629	hCoV-19/England/MILK-1506943/2021	2021-04-13	United Kingdom	genome	unknown	B.1.1.7	Alpha
6630	hCoV-19/England/QEUH-1500C6E/2021	2021-04-13	United Kingdom	genome	unknown	B.1.1.7	Alpha
6631	hCoV-19/England/QEUH-1501FBF/2021	2021-04-13	United Kingdom	genome	unknown	B.1.1.7	Alpha
6632	hCoV-19/England/ALDP-1508686/2021	2021-04-13	United Kingdom	genome	unknown	B.1.1.7	Alpha
6633	hCoV-19/England/QEUH-1500062/2021	2021-04-13	United Kingdom	genome	unknown	B.1.1.7	Alpha
6634	hCoV-19/England/MILK-15095F1/2021	2021-04-13	United Kingdom	genome	unknown	B.1.1.7	Alpha
6635	hCoV-19/England/QEUH-1501C7C/2021	2021-04-13	United Kingdom	genome	unknown	B.1.1.7	Alpha
6636	hCoV-19/England/QEUH-14FFE12/2021	2021-04-13	United Kingdom	genome	unknown	B.1.1.7	Alpha
6637	hCoV-19/Scotland/QEUH-150034B/2021	2021-04-13	United Kingdom	genome	unknown	B.1.1.7	Alpha
6638	hCoV-19/NorthernIreland/NIRE-0019d0/2021	2021-04-13	United Kingdom	genome	unknown	B.1.1.7	Alpha
6639	hCoV-19/NorthernIreland/NIRE-0019da/2021	2021-04-13	United Kingdom	genome	unknown	B.1.1.7	Alpha
6640	hCoV-19/England/ALDP-1504F43/2021	2021-04-13	United Kingdom	genome	unknown	B.1.1.7	Alpha
6641	hCoV-19/England/MILK-1505C96/2021	2021-04-13	United Kingdom	genome	unknown	B.1.1.7	Alpha
6642	hCoV-19/England/MILK-15054BC/2021	2021-04-13	United Kingdom	genome	unknown	B.1.1.7	Alpha
6643	hCoV-19/England/ALDP-1504B8B/2021	2021-04-13	United Kingdom	genome	unknown	B.1.1.7	Alpha
6644	hCoV-19/England/ALDP-15065B8/2021	2021-04-13	United Kingdom	genome	unknown	B.1.1.7	Alpha
6645	hCoV-19/England/MILK-150621B/2021	2021-04-13	United Kingdom	genome	unknown	B.1.1.7	Alpha
6646	hCoV-19/England/MILK-15057D1/2021	2021-04-13	United Kingdom	genome	unknown	B.1.1.7	Alpha
6647	hCoV-19/Scotland/QEUH-14FCA20/2021	2021-04-14	United Kingdom	genome	unknown	B.1.1.7	Alpha
6648	hCoV-19/England/ALDP-1509737/2021	2021-04-14	United Kingdom	genome	unknown	B.1.1.7	Alpha
6649	hCoV-19/England/ALDP-1508AC6/2021	2021-04-14	United Kingdom	genome	unknown	B.1.1.7	Alpha
6650	hCoV-19/England/CAMC-150D37B/2021	2021-04-14	United Kingdom	genome	unknown	B.1.1.7	Alpha
6651	hCoV-19/Scotland/QEUH-14FCC1B/2021	2021-04-14	United Kingdom	genome	unknown	B.1.1.7	Alpha
6652	hCoV-19/England/ALDP-150F810/2021	2021-04-14	United Kingdom	genome	unknown	B.1.1.7	Alpha
6653	hCoV-19/Scotland/QEUH-14FCB78/2021	2021-04-14	United Kingdom	genome	unknown	B.1.1.7	Alpha
6654	hCoV-19/England/SHEF-10DB44B/2021	2021-04-14	United Kingdom	genome	unknown	B.1.1.7	Alpha
6655	hCoV-19/England/MILK-150563E/2021	2021-04-14	United Kingdom	genome	unknown	B.1.1.7	Alpha
6656	hCoV-19/England/CAMC-1502A17/2021	2021-04-14	United Kingdom	genome	unknown	B.1.1.7	Alpha
6657	hCoV-19/England/QEUH-15048C0/2021	2021-04-14	United Kingdom	genome	unknown	B.1.1.7	Alpha
6658	hCoV-19/England/ALDP-1507432/2021	2021-04-14	United Kingdom	genome	unknown	B.1.1.7	Alpha
6659	hCoV-19/NorthernIreland/NIRE-0033b8/2021	2021-04-14	United Kingdom	genome	unknown	B.1.1.7	Alpha
6660	hCoV-19/England/ALDP-15086B3/2021	2021-04-14	United Kingdom	genome	unknown	B.1.1.7	Alpha
6661	hCoV-19/England/QEUH-14FE341/2021	2021-04-14	United Kingdom	genome	unknown	B.1.1.7	Alpha
6662	hCoV-19/England/QEUH-14FE4A8/2021	2021-04-14	United Kingdom	genome	unknown	B.1.1.7	Alpha
6663	hCoV-19/England/QEUH-14FE29F/2021	2021-04-14	United Kingdom	genome	unknown	B.1.1.7	Alpha
6664	hCoV-19/England/ALDP-15032C3/2021	2021-04-14	United Kingdom	genome	unknown	B.1.1.7	Alpha
6665	hCoV-19/England/QEUH-14FE39C/2021	2021-04-14	United Kingdom	genome	unknown	B.1.1.7	Alpha
6666	hCoV-19/England/QEUH-14FE44E/2021	2021-04-14	United Kingdom	genome	unknown	B.1.1.7	Alpha
6667	hCoV-19/England/QEUH-14FE0D1/2021	2021-04-14	United Kingdom	genome	unknown	B.1.1.7	Alpha
6668	hCoV-19/NorthernIreland/NIRE-0034a4/2021	2021-04-14	United Kingdom	genome	unknown	B.1.1.7	Alpha
6669	hCoV-19/England/QEUH-15016F6/2021	2021-04-14	United Kingdom	genome	unknown	B.1.1.7	Alpha
6670	hCoV-19/England/ALDP-15089BA/2021	2021-04-14	United Kingdom	genome	unknown	B.1.1.7	Alpha
6671	hCoV-19/England/MILK-1503B40/2021	2021-04-14	United Kingdom	genome	unknown	B.1.1.7	Alpha
6672	hCoV-19/England/QEUH-1505A05/2021	2021-04-14	United Kingdom	genome	unknown	B.1.1.7	Alpha
6673	hCoV-19/England/ALDP-150765A/2021	2021-04-14	United Kingdom	genome	unknown	B.1.1.7	Alpha
6674	hCoV-19/England/HSLL-150FD4E/2021	2021-04-14	United Kingdom	genome	unknown	B.1.1.7	Alpha
6675	hCoV-19/England/ALDP-150748D/2021	2021-04-14	United Kingdom	genome	unknown	B.1.1.7	Alpha
6676	hCoV-19/England/QEUH-150472D/2021	2021-04-14	United Kingdom	genome	unknown	B.1.1.7	Alpha
6677	hCoV-19/Scotland/QEUH-150702F/2021	2021-04-14	United Kingdom	genome	unknown	B.1.1.7	Alpha
6678	hCoV-19/Scotland/QEUH-15048A2/2021	2021-04-14	United Kingdom	genome	unknown	B.1.1.7	Alpha
6679	hCoV-19/Scotland/QEUH-1501948/2021	2021-04-14	United Kingdom	genome	unknown	B.1.1.7	Alpha
6680	hCoV-19/England/NORT-1BA4004/2021	2021-04-14	United Kingdom	genome	unknown	B.1.1.7	Alpha
6681	hCoV-19/England/QEUH-151F7B6/2021	2021-04-14	United Kingdom	genome	unknown	B.1.1.7	Alpha
6682	hCoV-19/England/QEUH-14FCCB1/2021	2021-04-14	United Kingdom	genome	unknown	B.1.1.7	Alpha
6683	hCoV-19/Scotland/QEUH-150177B/2021	2021-04-14	United Kingdom	genome	unknown	B.1.1.7	Alpha
6684	hCoV-19/Scotland/QEUH-1501650/2021	2021-04-14	United Kingdom	genome	unknown	B.1.1.7	Alpha
6685	hCoV-19/England/NOTT-253646/2021	2021-04-14	United Kingdom	genome	unknown	B.1.1.7	Alpha
6686	hCoV-19/NorthernIreland/NIRE-001ae3/2021	2021-04-14	United Kingdom	genome	unknown	B.1.1.7	Alpha
6687	hCoV-19/NorthernIreland/NIRE-001adc/2021	2021-04-14	United Kingdom	genome	unknown	B.1.1.7	Alpha
6688	hCoV-19/England/PHESW-YYBYI3Z/2021	2021-04-15	United Kingdom	genome	unknown	B.1.1.7	Alpha
6689	hCoV-19/England/PHEC-309796/2021	2021-04-15	United Kingdom	genome	unknown	B.1.1.7	Alpha
6690	hCoV-19/England/NORT-1BA4167/2021	2021-04-15	United Kingdom	genome	unknown	B.1.1.7	Alpha
6691	hCoV-19/England/ALDP-15189A8/2021	2021-04-15	United Kingdom	genome	unknown	B.1.1.7	Alpha
6692	hCoV-19/Scotland/QEUH-1506E44/2021	2021-04-15	United Kingdom	genome	unknown	B.1.1.7	Alpha
6693	hCoV-19/England/ALDP-150DBEC/2021	2021-04-15	United Kingdom	genome	unknown	B.1.1.7	Alpha
6694	hCoV-19/England/QEUH-150B2E9/2021	2021-04-15	United Kingdom	genome	unknown	B.1.1.7	Alpha
6695	hCoV-19/England/MILK-1512E81/2021	2021-04-15	United Kingdom	genome	unknown	B.1.1.7	Alpha
6696	hCoV-19/Scotland/QEUH-1509306/2021	2021-04-15	United Kingdom	genome	unknown	B.1.1.7	Alpha
6697	hCoV-19/England/QEUH-150B243/2021	2021-04-15	United Kingdom	genome	unknown	B.1.1.7	Alpha
6698	hCoV-19/England/CAMC-150D5C0/2021	2021-04-15	United Kingdom	genome	unknown	B.1.1.7	Alpha
6699	hCoV-19/England/QEUH-150B146/2021	2021-04-15	United Kingdom	genome	unknown	B.1.1.7	Alpha
6700	hCoV-19/England/QEUH-150B7F9/2021	2021-04-15	United Kingdom	genome	unknown	B.1.1.7	Alpha
6701	hCoV-19/England/QEUH-150B0A3/2021	2021-04-15	United Kingdom	genome	unknown	B.1.1.7	Alpha
6702	hCoV-19/England/QEUH-150B9C6/2021	2021-04-15	United Kingdom	genome	unknown	B.1.1.7	Alpha
6703	hCoV-19/England/QEUH-150AEC8/2021	2021-04-15	United Kingdom	genome	unknown	B.1.1.7	Alpha
6704	hCoV-19/England/QEUH-150B234/2021	2021-04-15	United Kingdom	genome	unknown	B.1.1.7	Alpha
6705	hCoV-19/England/QEUH-150C8C8/2021	2021-04-15	United Kingdom	genome	unknown	B.1.1.7	Alpha
6706	hCoV-19/England/QEUH-150C761/2021	2021-04-15	United Kingdom	genome	unknown	B.1.1.7	Alpha
6707	hCoV-19/England/ALDP-150D8D6/2021	2021-04-15	United Kingdom	genome	unknown	B.1.1.7	Alpha
6708	hCoV-19/England/QEUH-150C901/2021	2021-04-15	United Kingdom	genome	unknown	B.1.1.7	Alpha
6709	hCoV-19/England/ALDP-1514326/2021	2021-04-15	United Kingdom	genome	unknown	B.1.1.7	Alpha
6710	hCoV-19/England/QEUH-150C7F8/2021	2021-04-15	United Kingdom	genome	unknown	B.1.1.7	Alpha
6711	hCoV-19/England/CAMC-150D681/2021	2021-04-15	United Kingdom	genome	unknown	B.1.1.7	Alpha
6712	hCoV-19/England/QEUH-150C8D7/2021	2021-04-15	United Kingdom	genome	unknown	B.1.1.7	Alpha
6713	hCoV-19/England/MILK-150F995/2021	2021-04-15	United Kingdom	genome	unknown	B.1.1.7	Alpha
6714	hCoV-19/England/ALDP-150F7E6/2021	2021-04-15	United Kingdom	genome	unknown	B.1.1.7	Alpha
6715	hCoV-19/England/ALDP-151889C/2021	2021-04-15	United Kingdom	genome	unknown	B.1.1.7	Alpha
6716	hCoV-19/England/QEUH-150C998/2021	2021-04-15	United Kingdom	genome	unknown	B.1.1.7	Alpha
6717	hCoV-19/England/MILK-15150B5/2021	2021-04-15	United Kingdom	genome	unknown	B.1.1.7	Alpha
6718	hCoV-19/England/ALDP-150F7AA/2021	2021-04-15	United Kingdom	genome	unknown	B.1.1.7	Alpha
6719	hCoV-19/Scotland/QEUH-1509254/2021	2021-04-15	United Kingdom	genome	unknown	B.1.1.7	Alpha
6720	hCoV-19/Scotland/QEUH-1509236/2021	2021-04-15	United Kingdom	genome	unknown	B.1.1.7	Alpha
6721	hCoV-19/England/QEUH-150E0BF/2021	2021-04-15	United Kingdom	genome	unknown	B.1.1.7	Alpha
6722	hCoV-19/England/MILK-1514A03/2021	2021-04-15	United Kingdom	genome	unknown	B.1.1.7	Alpha
6723	hCoV-19/England/QEUH-150DE7A/2021	2021-04-15	United Kingdom	genome	unknown	B.1.1.7	Alpha
6724	hCoV-19/England/MILK-1514AB8/2021	2021-04-15	United Kingdom	genome	unknown	B.1.1.7	Alpha
6725	hCoV-19/England/MILK-1512BA8/2021	2021-04-15	United Kingdom	genome	unknown	B.1.1.7	Alpha
6726	hCoV-19/England/MILK-15093E8/2021	2021-04-15	United Kingdom	genome	unknown	B.1.1.7	Alpha
6727	hCoV-19/England/MILK-150A1B0/2021	2021-04-15	United Kingdom	genome	unknown	B.1.1.7	Alpha
6728	hCoV-19/England/QEUH-15090F0/2021	2021-04-15	United Kingdom	genome	unknown	B.1.1.7	Alpha
6729	hCoV-19/England/QEUH-150714A/2021	2021-04-15	United Kingdom	genome	unknown	B.1.1.7	Alpha
6730	hCoV-19/England/QEUH-1506EDB/2021	2021-04-15	United Kingdom	genome	unknown	B.1.1.7	Alpha
6731	hCoV-19/England/MILK-1509D17/2021	2021-04-15	United Kingdom	genome	unknown	B.1.1.7	Alpha
6732	hCoV-19/England/ALDP-15098F8/2021	2021-04-15	United Kingdom	genome	unknown	B.1.1.7	Alpha
6733	hCoV-19/England/RAND-150A46C/2021	2021-04-15	United Kingdom	genome	unknown	B.1.1.7	Alpha
6734	hCoV-19/Scotland/QEUH-150C628/2021	2021-04-15	United Kingdom	genome	unknown	B.1.1.7	Alpha
6735	hCoV-19/England/MILK-150A806/2021	2021-04-15	United Kingdom	genome	unknown	B.1.1.7	Alpha
6736	hCoV-19/Scotland/QEUH-150AE9B/2021	2021-04-15	United Kingdom	genome	unknown	B.1.1.7	Alpha
6737	hCoV-19/England/QEUH-1506E17/2021	2021-04-15	United Kingdom	genome	unknown	B.1.1.7	Alpha
6738	hCoV-19/Scotland/QEUH-150B780/2021	2021-04-15	United Kingdom	genome	unknown	B.1.1.7	Alpha
6739	hCoV-19/England/PORT-2F0F8C/2021	2021-04-15	United Kingdom	genome	unknown	B.1.1.7	Alpha
6740	hCoV-19/England/SHEF-10D9B0C/2021	2021-04-15	United Kingdom	genome	unknown	B.1.1.7	Alpha
6741	hCoV-19/Scotland/QEUH-150B46B/2021	2021-04-15	United Kingdom	genome	unknown	B.1.1.7	Alpha
6742	hCoV-19/Scotland/QEUH-150B173/2021	2021-04-15	United Kingdom	genome	unknown	B.1.1.7	Alpha
6743	hCoV-19/England/QEUH-150BB48/2021	2021-04-16	United Kingdom	genome	unknown	B.1.1.7	Alpha
6744	hCoV-19/England/QEUH-150BDBB/2021	2021-04-16	United Kingdom	genome	unknown	B.1.1.7	Alpha
6745	hCoV-19/England/QEUH-150BC81/2021	2021-04-16	United Kingdom	genome	unknown	B.1.1.7	Alpha
6746	hCoV-19/England/QEUH-150AE40/2021	2021-04-16	United Kingdom	genome	unknown	B.1.1.7	Alpha
6747	hCoV-19/England/CAMC-1507F40/2021	2021-04-16	United Kingdom	genome	unknown	B.1.1.7	Alpha
6748	hCoV-19/England/ALDP-151934F/2021	2021-04-16	United Kingdom	genome	unknown	B.1.1.7	Alpha
6749	hCoV-19/Wales/ALDP-1518E8B/2021	2021-04-16	United Kingdom	genome	unknown	B.1.1.7	Alpha
6750	hCoV-19/Scotland/QEUH-150CA2C/2021	2021-04-16	United Kingdom	genome	unknown	B.1.1.7	Alpha
6751	hCoV-19/Scotland/QEUH-150C97A/2021	2021-04-16	United Kingdom	genome	unknown	B.1.1.7	Alpha
6752	hCoV-19/England/CAMC-1508E7F/2021	2021-04-16	United Kingdom	genome	unknown	B.1.1.7	Alpha
6753	hCoV-19/England/LOND-128DC20/2021	2021-04-16	United Kingdom	genome	unknown	B.1.1.7	Alpha
6754	hCoV-19/England/OXON-F81509/2021	2021-04-16	United Kingdom	genome	unknown	B.1.1.7	Alpha
6755	hCoV-19/England/RAND-15158BD/2021	2021-04-16	United Kingdom	genome	unknown	B.1.1.7	Alpha
6756	hCoV-19/Scotland/QEUH-150A99A/2021	2021-04-16	United Kingdom	genome	unknown	B.1.1.7	Alpha
6757	hCoV-19/England/QEUH-15BE142/2021	2021-04-16	United Kingdom	genome	unknown	B.1.1.7	Alpha
6758	hCoV-19/Scotland/QEUH-150BCAF/2021	2021-04-16	United Kingdom	genome	unknown	B.1.1.7	Alpha
6759	hCoV-19/England/RAND-1515E24/2021	2021-04-16	United Kingdom	genome	unknown	B.1.1.7	Alpha
6760	hCoV-19/England/ALDP-1518559/2021	2021-04-16	United Kingdom	genome	unknown	B.1.1.7	Alpha
6761	hCoV-19/England/ALDP-151214C/2021	2021-04-16	United Kingdom	genome	unknown	B.1.1.7	Alpha
6762	hCoV-19/England/MILK-1512E36/2021	2021-04-16	United Kingdom	genome	unknown	B.1.1.7	Alpha
6763	hCoV-19/England/ALDP-1512258/2021	2021-04-16	United Kingdom	genome	unknown	B.1.1.7	Alpha
6764	hCoV-19/England/MILK-15152FB/2021	2021-04-16	United Kingdom	genome	unknown	B.1.1.7	Alpha
6765	hCoV-19/England/RAND-1515871/2021	2021-04-16	United Kingdom	genome	unknown	B.1.1.7	Alpha
6766	hCoV-19/England/QEUH-15BBEB7/2021	2021-04-17	United Kingdom	genome	unknown	B.1.1.7	Alpha
6767	hCoV-19/England/ALDP-151900C/2021	2021-04-17	United Kingdom	genome	unknown	B.1.1.7	Alpha
6768	hCoV-19/Scotland/QEUH-1516C74/2021	2021-04-17	United Kingdom	genome	unknown	B.1.1.7	Alpha
6769	hCoV-19/Scotland/QEUH-150E583/2021	2021-04-17	United Kingdom	genome	unknown	B.1.1.7	Alpha
6770	hCoV-19/Scotland/QEUH-150E486/2021	2021-04-17	United Kingdom	genome	unknown	B.1.1.7	Alpha
6771	hCoV-19/England/MILK-1517AD3/2021	2021-04-17	United Kingdom	genome	unknown	B.1.1.7	Alpha
6772	hCoV-19/Scotland/CAMC-15108A3/2021	2021-04-17	United Kingdom	genome	unknown	B.1.1.7	Alpha
6773	hCoV-19/England/MILK-1514089/2021	2021-04-17	United Kingdom	genome	unknown	B.1.1.7	Alpha
6774	hCoV-19/Scotland/QEUH-1516DCC/2021	2021-04-17	United Kingdom	genome	unknown	B.1.1.7	Alpha
6775	hCoV-19/England/MILK-15127B3/2021	2021-04-17	United Kingdom	genome	unknown	B.1.1.7	Alpha
6776	hCoV-19/England/MILK-1512E90/2021	2021-04-17	United Kingdom	genome	unknown	B.1.1.7	Alpha
6777	hCoV-19/England/MILK-1512777/2021	2021-04-17	United Kingdom	genome	unknown	B.1.1.7	Alpha
6778	hCoV-19/England/MILK-1514A5E/2021	2021-04-17	United Kingdom	genome	unknown	B.1.1.7	Alpha
6779	hCoV-19/England/ALDP-151362E/2021	2021-04-17	United Kingdom	genome	unknown	B.1.1.7	Alpha
6780	hCoV-19/England/MILK-1513D47/2021	2021-04-17	United Kingdom	genome	unknown	B.1.1.7	Alpha
6781	hCoV-19/England/MILK-1512B7B/2021	2021-04-17	United Kingdom	genome	unknown	B.1.1.7	Alpha
6782	hCoV-19/England/MILK-15125F5/2021	2021-04-17	United Kingdom	genome	unknown	B.1.1.7	Alpha
6783	hCoV-19/England/MILK-1513F41/2021	2021-04-17	United Kingdom	genome	unknown	B.1.1.7	Alpha
6784	hCoV-19/England/QEUH-150C224/2021	2021-04-17	United Kingdom	genome	unknown	B.1.1.7	Alpha
6785	hCoV-19/England/QEUH-150C242/2021	2021-04-17	United Kingdom	genome	unknown	B.1.1.7	Alpha
6786	hCoV-19/Scotland/QEUH-150C576/2021	2021-04-17	United Kingdom	genome	unknown	B.1.1.7	Alpha
6787	hCoV-19/England/QEUH-150C190/2021	2021-04-17	United Kingdom	genome	unknown	B.1.1.7	Alpha
6788	hCoV-19/England/ALDP-15139CB/2021	2021-04-17	United Kingdom	genome	unknown	B.1.1.7	Alpha
6789	hCoV-19/Scotland/EDB17859/2021	2021-04-17	United Kingdom	genome	unknown	B.1.1.7	Alpha
6790	hCoV-19/England/ALDP-15182F8/2021	2021-04-17	United Kingdom	genome	unknown	B.1.1.7	Alpha
6791	hCoV-19/England/ALDP-151847A/2021	2021-04-17	United Kingdom	genome	unknown	B.1.1.7	Alpha
6792	hCoV-19/England/MILK-1514924/2021	2021-04-17	United Kingdom	genome	unknown	B.1.1.7	Alpha
6793	hCoV-19/England/QEUH-150E5FC/2021	2021-04-17	United Kingdom	genome	unknown	B.1.1.7	Alpha
6794	hCoV-19/England/ALDP-1513873/2021	2021-04-17	United Kingdom	genome	unknown	B.1.1.7	Alpha
6795	hCoV-19/NorthernIreland/NIRE-001a3e/2021	2021-04-17	United Kingdom	genome	unknown	B.1.1.7	Alpha
6796	hCoV-19/NorthernIreland/NIRE-001a32/2021	2021-04-17	United Kingdom	genome	unknown	B.1.1.7	Alpha
6797	hCoV-19/England/QEUH-15BF949/2021	2021-04-17	United Kingdom	genome	unknown	B.1.1.7	Alpha
6798	hCoV-19/England/QEUH-15BF9D0/2021	2021-04-17	United Kingdom	genome	unknown	B.1.1.7	Alpha
6799	hCoV-19/England/QEUH-15BF985/2021	2021-04-17	United Kingdom	genome	unknown	B.1.1.7	Alpha
6800	hCoV-19/England/QEUH-15BF7B8/2021	2021-04-17	United Kingdom	genome	unknown	B.1.1.7	Alpha
6801	hCoV-19/NorthernIreland/NIRE-001a20/2021	2021-04-17	United Kingdom	genome	unknown	B.1.1.7	Alpha
6802	hCoV-19/England/QEUH-15104AF/2021	2021-04-17	United Kingdom	genome	unknown	B.1.1.7	Alpha
6803	hCoV-19/England/QEUH-1510E56/2021	2021-04-17	United Kingdom	genome	unknown	B.1.1.7	Alpha
6804	hCoV-19/England/QEUH-152296F/2021	2021-04-17	United Kingdom	genome	unknown	B.1.1.7	Alpha
6805	hCoV-19/England/ALDP-1522F03/2021	2021-04-17	United Kingdom	genome	unknown	B.1.1.7	Alpha
6806	hCoV-19/Scotland/QEUH-1510EFC/2021	2021-04-17	United Kingdom	genome	unknown	B.1.1.7	Alpha
6807	hCoV-19/Scotland/QEUH-1510D0E/2021	2021-04-17	United Kingdom	genome	unknown	B.1.1.7	Alpha
6808	hCoV-19/Scotland/QEUH-1510278/2021	2021-04-17	United Kingdom	genome	unknown	B.1.1.7	Alpha
6809	hCoV-19/England/HSLL-151953A/2021	2021-04-18	United Kingdom	genome	unknown	B.1.1.7	Alpha
6810	hCoV-19/England/ALDP-15182AD/2021	2021-04-18	United Kingdom	genome	unknown	B.1.1.7	Alpha
6811	hCoV-19/NorthernIreland/NIRE-001b79/2021	2021-04-18	United Kingdom	genome	unknown	B.1.1.7	Alpha
6812	hCoV-19/Scotland/QEUH-15169E6/2021	2021-04-18	United Kingdom	genome	unknown	B.1.1.7	Alpha
6813	hCoV-19/England/QEUH-1516B86/2021	2021-04-18	United Kingdom	genome	unknown	B.1.1.7	Alpha
6814	hCoV-19/England/QEUH-151601E/2021	2021-04-18	United Kingdom	genome	unknown	B.1.1.7	Alpha
6815	hCoV-19/England/NORW-22E019/2021	2021-04-18	United Kingdom	genome	unknown	B.1.1.7	Alpha
6816	hCoV-19/Scotland/QEUH-15BE29A/2021	2021-04-18	United Kingdom	genome	unknown	B.1.1.7	Alpha
6817	hCoV-19/England/QEUH-15BDF85/2021	2021-04-18	United Kingdom	genome	unknown	B.1.1.7	Alpha
6818	hCoV-19/England/ALDP-1519145/2021	2021-04-18	United Kingdom	genome	unknown	B.1.1.7	Alpha
6819	hCoV-19/England/MILK-1517772/2021	2021-04-18	United Kingdom	genome	unknown	B.1.1.7	Alpha
6820	hCoV-19/England/MILK-1517745/2021	2021-04-18	United Kingdom	genome	unknown	B.1.1.7	Alpha
6821	hCoV-19/Scotland/QEUH-1516861/2021	2021-04-18	United Kingdom	genome	unknown	B.1.1.7	Alpha
6822	hCoV-19/England/ALDP-1518902/2021	2021-04-18	United Kingdom	genome	unknown	B.1.1.7	Alpha
6823	hCoV-19/England/ALDP-1518D42/2021	2021-04-18	United Kingdom	genome	unknown	B.1.1.7	Alpha
6824	hCoV-19/England/QEUH-151109B/2021	2021-04-18	United Kingdom	genome	unknown	B.1.1.7	Alpha
6825	hCoV-19/Scotland/QEUH-15159D8/2021	2021-04-18	United Kingdom	genome	unknown	B.1.1.7	Alpha
6826	hCoV-19/England/ALDP-151729F/2021	2021-04-18	United Kingdom	genome	unknown	B.1.1.7	Alpha
6827	hCoV-19/England/PHEC-309BC7/2021	2021-04-18	United Kingdom	genome	unknown	B.1.1.7	Alpha
6828	hCoV-19/England/ALDP-1517138/2021	2021-04-18	United Kingdom	genome	unknown	B.1.1.7	Alpha
6829	hCoV-19/England/MILK-1517C55/2021	2021-04-18	United Kingdom	genome	unknown	B.1.1.7	Alpha
6830	hCoV-19/Wales/PHWC-PYRGEE/2021	2021-04-18	United Kingdom	genome	unknown	B.1.1.7	Alpha
6831	hCoV-19/Wales/PHWC-PYRGD1/2021	2021-04-18	United Kingdom	genome	unknown	B.1.1.7	Alpha
6832	hCoV-19/England/QEUH-151A126/2021	2021-04-19	United Kingdom	genome	unknown	B.1.1.7	Alpha
6833	hCoV-19/England/PHEC-309DD0/2021	2021-04-19	United Kingdom	genome	unknown	B.1.1.7	Alpha
6834	hCoV-19/England/MILK-151C476/2021	2021-04-19	United Kingdom	genome	unknown	B.1.1.7	Alpha
6835	hCoV-19/England/MILK-151C28B/2021	2021-04-19	United Kingdom	genome	unknown	B.1.1.7	Alpha
6836	hCoV-19/England/ALDP-1519084/2021	2021-04-19	United Kingdom	genome	unknown	B.1.1.7	Alpha
6837	hCoV-19/England/MILK-1516FB7/2021	2021-04-19	United Kingdom	genome	unknown	B.1.1.7	Alpha
6838	hCoV-19/England/MILK-151B5A1/2021	2021-04-19	United Kingdom	genome	unknown	B.1.1.7	Alpha
6839	hCoV-19/England/ALDP-1519B47/2021	2021-04-19	United Kingdom	genome	unknown	B.1.1.7	Alpha
6840	hCoV-19/England/QEUH-1519FE1/2021	2021-04-19	United Kingdom	genome	unknown	B.1.1.7	Alpha
6841	hCoV-19/England/QEUH-151A35D/2021	2021-04-19	United Kingdom	genome	unknown	B.1.1.7	Alpha
6842	hCoV-19/England/RAND-15203FA/2021	2021-04-19	United Kingdom	genome	unknown	B.1.1.7	Alpha
6843	hCoV-19/England/ALDP-1520293/2021	2021-04-19	United Kingdom	genome	unknown	B.1.1.7	Alpha
6844	hCoV-19/England/MILK-1517E7D/2021	2021-04-19	United Kingdom	genome	unknown	B.1.1.7	Alpha
6845	hCoV-19/England/QEUH-151BDF4/2021	2021-04-19	United Kingdom	genome	unknown	B.1.1.7	Alpha
6846	hCoV-19/England/QEUH-151D493/2021	2021-04-19	United Kingdom	genome	unknown	B.1.1.7	Alpha
6847	hCoV-19/England/QEUH-151AFA4/2021	2021-04-19	United Kingdom	genome	unknown	B.1.1.7	Alpha
6848	hCoV-19/England/QEUH-151BE97/2021	2021-04-19	United Kingdom	genome	unknown	B.1.1.7	Alpha
6849	hCoV-19/England/SHEF-10DBF0E/2021	2021-04-19	United Kingdom	genome	unknown	B.1.1.7	Alpha
6850	hCoV-19/England/SHEF-10DDA38/2021	2021-04-19	United Kingdom	genome	unknown	B.1.1.7	Alpha
6851	hCoV-19/England/QEUH-151AD5F/2021	2021-04-19	United Kingdom	genome	unknown	B.1.1.7	Alpha
6852	hCoV-19/England/ALDP-151AA0D/2021	2021-04-19	United Kingdom	genome	unknown	B.1.1.7	Alpha
6853	hCoV-19/England/MILK-152B82D/2021	2021-04-19	United Kingdom	genome	unknown	B.1.1.7	Alpha
6854	hCoV-19/England/ALDP-1519DE7/2021	2021-04-19	United Kingdom	genome	unknown	B.1.1.7	Alpha
6855	hCoV-19/England/MILK-151C634/2021	2021-04-19	United Kingdom	genome	unknown	B.1.1.7	Alpha
6856	hCoV-19/England/QEUH-151C124/2021	2021-04-19	United Kingdom	genome	unknown	B.1.1.7	Alpha
6857	hCoV-19/England/MILK-1516FF3/2021	2021-04-19	United Kingdom	genome	unknown	B.1.1.7	Alpha
6858	hCoV-19/England/QEUH-151D78B/2021	2021-04-19	United Kingdom	genome	unknown	B.1.1.7	Alpha
6859	hCoV-19/England/ALDP-1522C75/2021	2021-04-19	United Kingdom	genome	unknown	B.1.1.7	Alpha
6860	hCoV-19/England/ALDP-152301E/2021	2021-04-19	United Kingdom	genome	unknown	B.1.1.7	Alpha
6861	hCoV-19/England/ALDP-152304B/2021	2021-04-19	United Kingdom	genome	unknown	B.1.1.7	Alpha
6862	hCoV-19/England/QEUH-151C0CD/2021	2021-04-19	United Kingdom	genome	unknown	B.1.1.7	Alpha
6863	hCoV-19/England/BIRM-BCNON4/2021	2021-04-19	United Kingdom	genome	unknown	B.1.1.7	Alpha
6864	hCoV-19/England/BIRM-BCNOFW/2021	2021-04-19	United Kingdom	genome	unknown	B.1.1.7	Alpha
6865	hCoV-19/England/CAMC-151069A/2021	2021-04-19	United Kingdom	genome	unknown	B.1.1.7	Alpha
6866	hCoV-19/England/PHEC-K304KCBA/2021	2021-04-19	United Kingdom	genome	unknown	B.1.1.7	Alpha
6867	hCoV-19/England/ALDP-1522FB8/2021	2021-04-19	United Kingdom	genome	unknown	B.1.1.7	Alpha
6868	hCoV-19/England/QEUH-151F9CF/2021	2021-04-19	United Kingdom	genome	unknown	B.1.1.7	Alpha
6869	hCoV-19/England/RAND-152063D/2021	2021-04-19	United Kingdom	genome	unknown	B.1.1.7	Alpha
6870	hCoV-19/England/RAND-152B0E9/2021	2021-04-19	United Kingdom	genome	unknown	B.1.1.7	Alpha
6871	hCoV-19/England/MILK-1517860/2021	2021-04-19	United Kingdom	genome	unknown	B.1.1.7	Alpha
6872	hCoV-19/England/ALDP-151FF72/2021	2021-04-19	United Kingdom	genome	unknown	B.1.1.7	Alpha
6873	hCoV-19/England/QEUH-151F82C/2021	2021-04-19	United Kingdom	genome	unknown	B.1.1.7	Alpha
6874	hCoV-19/England/MILK-1525753/2021	2021-04-19	United Kingdom	genome	unknown	B.1.1.7	Alpha
6875	hCoV-19/England/MILK-15256A1/2021	2021-04-19	United Kingdom	genome	unknown	B.1.1.7	Alpha
6876	hCoV-19/England/MILK-1525850/2021	2021-04-19	United Kingdom	genome	unknown	B.1.1.7	Alpha
6877	hCoV-19/Scotland/QEUH-151D299/2021	2021-04-19	United Kingdom	genome	unknown	B.1.1.7	Alpha
6878	hCoV-19/Scotland/QEUH-151BF94/2021	2021-04-19	United Kingdom	genome	unknown	B.1.1.7	Alpha
6879	hCoV-19/Scotland/QEUH-151C160/2021	2021-04-19	United Kingdom	genome	unknown	B.1.1.7	Alpha
6880	hCoV-19/Scotland/QEUH-151D0EA/2021	2021-04-19	United Kingdom	genome	unknown	B.1.1.7	Alpha
6881	hCoV-19/Scotland/QEUH-151D114/2021	2021-04-19	United Kingdom	genome	unknown	B.1.1.7	Alpha
6882	hCoV-19/England/ALDP-1522C2A/2021	2021-04-19	United Kingdom	genome	unknown	B.1.1.7	Alpha
6883	hCoV-19/England/MILK-152694D/2021	2021-04-19	United Kingdom	genome	unknown	B.1.1.7	Alpha
6884	hCoV-19/England/QEUH-151CF75/2021	2021-04-19	United Kingdom	genome	unknown	B.1.1.7	Alpha
6885	hCoV-19/England/RAND-151F6E6/2021	2021-04-19	United Kingdom	genome	unknown	B.1.1.7	Alpha
6886	hCoV-19/England/QEUH-151D3B4/2021	2021-04-19	United Kingdom	genome	unknown	B.1.1.7	Alpha
6887	hCoV-19/England/ALDP-15250FE/2021	2021-04-19	United Kingdom	genome	unknown	B.1.1.7	Alpha
6888	hCoV-19/England/ALDP-1522CB1/2021	2021-04-19	United Kingdom	genome	unknown	B.1.1.7	Alpha
6889	hCoV-19/Scotland/QEUH-151A3F3/2021	2021-04-19	United Kingdom	genome	unknown	B.1.1.7	Alpha
6890	hCoV-19/Scotland/QEUH-151D82E/2021	2021-04-19	United Kingdom	genome	unknown	B.1.1.7	Alpha
6891	hCoV-19/England/NORT-1BA3A06/2021	2021-04-19	United Kingdom	genome	unknown	B.1.1.7	Alpha
6892	hCoV-19/England/ALDP-1522E06/2021	2021-04-19	United Kingdom	genome	unknown	B.1.1.7	Alpha
6893	hCoV-19/Scotland/QEUH-151B073/2021	2021-04-19	United Kingdom	genome	unknown	B.1.1.7	Alpha
6894	hCoV-19/Scotland/QEUH-151A029/2021	2021-04-19	United Kingdom	genome	unknown	B.1.1.7	Alpha
6895	hCoV-19/Scotland/QEUH-151A36C/2021	2021-04-19	United Kingdom	genome	unknown	B.1.1.7	Alpha
6896	hCoV-19/Scotland/QEUH-151BF0D/2021	2021-04-19	United Kingdom	genome	unknown	B.1.1.7	Alpha
6897	hCoV-19/England/NORT-1BA3A12/2021	2021-04-19	United Kingdom	genome	unknown	B.1.1.7	Alpha
6898	hCoV-19/Scotland/QEUH-151D448/2021	2021-04-19	United Kingdom	genome	unknown	B.1.1.7	Alpha
6899	hCoV-19/Scotland/QEUH-151D703/2021	2021-04-19	United Kingdom	genome	unknown	B.1.1.7	Alpha
6900	hCoV-19/England/QEUH-151B055/2021	2021-04-19	United Kingdom	genome	unknown	B.1.1.7	Alpha
6901	hCoV-19/England/QEUH-15BBCF9/2021	2021-04-19	United Kingdom	genome	unknown	B.1.1.7	Alpha
6902	hCoV-19/England/QEUH-151CE87/2021	2021-04-19	United Kingdom	genome	unknown	B.1.1.7	Alpha
6903	hCoV-19/Wales/PHWC-PYRDHN/2021	2021-04-19	United Kingdom	genome	unknown	B.1.1.7	Alpha
6904	hCoV-19/Wales/PHWC-PYRDUW/2021	2021-04-19	United Kingdom	genome	unknown	B.1.1.7	Alpha
6905	hCoV-19/Scotland/QEUH-15BBBFC/2021	2021-04-20	United Kingdom	genome	unknown	B.1.1.7	Alpha
6906	hCoV-19/England/MILK-15234C7/2021	2021-04-20	United Kingdom	genome	unknown	B.1.1.7	Alpha
6907	hCoV-19/England/NORW-2309DD/2021	2021-04-20	United Kingdom	genome	unknown	B.1.1.7	Alpha
6908	hCoV-19/England/ALDP-152CF81/2021	2021-04-20	United Kingdom	genome	unknown	B.1.1.7	Alpha
6909	hCoV-19/England/ALDP-152A6BB/2021	2021-04-20	United Kingdom	genome	unknown	B.1.1.7	Alpha
6910	hCoV-19/England/MILK-1523807/2021	2021-04-20	United Kingdom	genome	unknown	B.1.1.7	Alpha
6911	hCoV-19/England/MILK-1523B0E/2021	2021-04-20	United Kingdom	genome	unknown	B.1.1.7	Alpha
6912	hCoV-19/England/ALDP-152539B/2021	2021-04-20	United Kingdom	genome	unknown	B.1.1.7	Alpha
6913	hCoV-19/England/MILK-1523CDE/2021	2021-04-20	United Kingdom	genome	unknown	B.1.1.7	Alpha
6914	hCoV-19/England/MILK-152455A/2021	2021-04-20	United Kingdom	genome	unknown	B.1.1.7	Alpha
6915	hCoV-19/Wales/PHWC-PYRXTC/2021	2021-04-20	United Kingdom	genome	unknown	B.1.1.7	Alpha
6916	hCoV-19/England/RAND-1524332/2021	2021-04-20	United Kingdom	genome	unknown	B.1.1.7	Alpha
6917	hCoV-19/England/ALDP-1526154/2021	2021-04-20	United Kingdom	genome	unknown	B.1.1.7	Alpha
6918	hCoV-19/Scotland/QEUH-151F983/2021	2021-04-20	United Kingdom	genome	unknown	B.1.1.7	Alpha
6919	hCoV-19/England/MILK-1523746/2021	2021-04-20	United Kingdom	genome	unknown	B.1.1.7	Alpha
6920	hCoV-19/England/MILK-1524718/2021	2021-04-20	United Kingdom	genome	unknown	B.1.1.7	Alpha
6921	hCoV-19/Scotland/QEUH-1520D56/2021	2021-04-20	United Kingdom	genome	unknown	B.1.1.7	Alpha
6922	hCoV-19/England/ALDP-1526127/2021	2021-04-20	United Kingdom	genome	unknown	B.1.1.7	Alpha
6923	hCoV-19/NorthernIreland/ALDP-152538C/2021	2021-04-20	United Kingdom	genome	unknown	B.1.1.7	Alpha
6924	hCoV-19/England/HSLL-1532BC0/2021	2021-04-20	United Kingdom	genome	unknown	B.1.1.7	Alpha
6925	hCoV-19/Scotland/QEUH-1522BC3/2021	2021-04-20	United Kingdom	genome	unknown	B.1.1.7	Alpha
6926	hCoV-19/England/QEUH-1520C0E/2021	2021-04-20	United Kingdom	genome	unknown	B.1.1.7	Alpha
6927	hCoV-19/England/ALDP-152CFEB/2021	2021-04-20	United Kingdom	genome	unknown	B.1.1.7	Alpha
6928	hCoV-19/England/QEUH-1520B98/2021	2021-04-20	United Kingdom	genome	unknown	B.1.1.7	Alpha
6929	hCoV-19/England/ALDP-152CAF9/2021	2021-04-20	United Kingdom	genome	unknown	B.1.1.7	Alpha
6930	hCoV-19/England/HSLL-1532B93/2021	2021-04-20	United Kingdom	genome	unknown	B.1.1.7	Alpha
6931	hCoV-19/England/HSLL-153298A/2021	2021-04-20	United Kingdom	genome	unknown	B.1.1.7	Alpha
6932	hCoV-19/England/MILK-1523E8D/2021	2021-04-20	United Kingdom	genome	unknown	B.1.1.7	Alpha
6933	hCoV-19/England/ALDP-1526330/2021	2021-04-20	United Kingdom	genome	unknown	B.1.1.7	Alpha
6934	hCoV-19/NorthernIreland/NIRE-001bd3/2021	2021-04-20	United Kingdom	genome	unknown	B.1.1.7	Alpha
6935	hCoV-19/England/MILK-152446C/2021	2021-04-20	United Kingdom	genome	unknown	B.1.1.7	Alpha
6936	hCoV-19/England/MILK-15233AC/2021	2021-04-20	United Kingdom	genome	unknown	B.1.1.7	Alpha
6937	hCoV-19/England/QEUH-1522862/2021	2021-04-20	United Kingdom	genome	unknown	B.1.1.7	Alpha
6938	hCoV-19/England/ALDP-15254B6/2021	2021-04-20	United Kingdom	genome	unknown	B.1.1.7	Alpha
6939	hCoV-19/England/QEUH-1520AB9/2021	2021-04-20	United Kingdom	genome	unknown	B.1.1.7	Alpha
6940	hCoV-19/England/QEUH-151FB8D/2021	2021-04-20	United Kingdom	genome	unknown	B.1.1.7	Alpha
6941	hCoV-19/England/QEUH-152A17E/2021	2021-04-21	United Kingdom	genome	unknown	B.1.1.7	Alpha
6942	hCoV-19/NorthernIreland/NIRE-23A9E2/2021	2021-04-21	United Kingdom	genome	unknown	B.1.1.7	Alpha
6943	hCoV-19/England/QEUH-152F15B/2021	2021-04-21	United Kingdom	genome	unknown	B.1.1.7	Alpha
6944	hCoV-19/England/OXON-F81ADD/2021	2021-04-21	United Kingdom	genome	unknown	B.1.1.7	Alpha
6945	hCoV-19/England/ALDP-15265A3/2021	2021-04-21	United Kingdom	genome	unknown	B.1.1.7	Alpha
6946	hCoV-19/England/HSLL-15329D5/2021	2021-04-21	United Kingdom	genome	unknown	B.1.1.7	Alpha
6947	hCoV-19/England/MILK-1527AA3/2021	2021-04-21	United Kingdom	genome	unknown	B.1.1.7	Alpha
6948	hCoV-19/England/MILK-1527B19/2021	2021-04-21	United Kingdom	genome	unknown	B.1.1.7	Alpha
6949	hCoV-19/England/MILK-1527C70/2021	2021-04-21	United Kingdom	genome	unknown	B.1.1.7	Alpha
6950	hCoV-19/Wales/ALDP-152CB8D/2021	2021-04-21	United Kingdom	genome	unknown	B.1.1.7	Alpha
6951	hCoV-19/NorthernIreland/RAND-152B4A1/2021	2021-04-21	United Kingdom	genome	unknown	B.1.1.7	Alpha
6952	hCoV-19/England/ALDP-15269C5/2021	2021-04-21	United Kingdom	genome	unknown	B.1.1.7	Alpha
6953	hCoV-19/England/QEUH-1528EF1/2021	2021-04-21	United Kingdom	genome	unknown	B.1.1.7	Alpha
6954	hCoV-19/England/QEUH-1528107/2021	2021-04-21	United Kingdom	genome	unknown	B.1.1.7	Alpha
6955	hCoV-19/England/ALDP-152BEB2/2021	2021-04-21	United Kingdom	genome	unknown	B.1.1.7	Alpha
6956	hCoV-19/England/ALDP-152C130/2021	2021-04-21	United Kingdom	genome	unknown	B.1.1.7	Alpha
6957	hCoV-19/England/MILK-152B6F6/2021	2021-04-21	United Kingdom	genome	unknown	B.1.1.7	Alpha
6958	hCoV-19/England/QEUH-1526057/2021	2021-04-21	United Kingdom	genome	unknown	B.1.1.7	Alpha
6959	hCoV-19/England/QEUH-152828C/2021	2021-04-21	United Kingdom	genome	unknown	B.1.1.7	Alpha
6960	hCoV-19/England/QEUH-1528161/2021	2021-04-21	United Kingdom	genome	unknown	B.1.1.7	Alpha
6961	hCoV-19/England/ALDP-152785E/2021	2021-04-21	United Kingdom	genome	unknown	B.1.1.7	Alpha
6962	hCoV-19/England/QEUH-1525E6D/2021	2021-04-21	United Kingdom	genome	unknown	B.1.1.7	Alpha
6963	hCoV-19/England/QEUH-1525F2E/2021	2021-04-21	United Kingdom	genome	unknown	B.1.1.7	Alpha
6964	hCoV-19/England/QEUH-1525EC7/2021	2021-04-21	United Kingdom	genome	unknown	B.1.1.7	Alpha
6965	hCoV-19/England/ALDP-152CEB1/2021	2021-04-21	United Kingdom	genome	unknown	B.1.1.7	Alpha
6966	hCoV-19/England/QEUH-1528C33/2021	2021-04-21	United Kingdom	genome	unknown	B.1.1.7	Alpha
6967	hCoV-19/England/RAND-15354FF/2021	2021-04-21	United Kingdom	genome	unknown	B.1.1.7	Alpha
6968	hCoV-19/England/QEUH-1529090/2021	2021-04-21	United Kingdom	genome	unknown	B.1.1.7	Alpha
6969	hCoV-19/England/QEUH-152943A/2021	2021-04-21	United Kingdom	genome	unknown	B.1.1.7	Alpha
6970	hCoV-19/England/QEUH-1528CF7/2021	2021-04-21	United Kingdom	genome	unknown	B.1.1.7	Alpha
6971	hCoV-19/England/QEUH-1528F1C/2021	2021-04-21	United Kingdom	genome	unknown	B.1.1.7	Alpha
6972	hCoV-19/England/MILK-1528565/2021	2021-04-21	United Kingdom	genome	unknown	B.1.1.7	Alpha
6973	hCoV-19/England/QEUH-1528F3A/2021	2021-04-21	United Kingdom	genome	unknown	B.1.1.7	Alpha
6974	hCoV-19/England/PHESW-YYBY9EO/2021	2021-04-21	United Kingdom	genome	unknown	B.1.1.7	Alpha
6975	hCoV-19/England/ALDP-152C0E8/2021	2021-04-21	United Kingdom	genome	unknown	B.1.1.7	Alpha
6976	hCoV-19/England/ALDP-152B957/2021	2021-04-21	United Kingdom	genome	unknown	B.1.1.7	Alpha
6977	hCoV-19/England/ALDP-152BD1F/2021	2021-04-21	United Kingdom	genome	unknown	B.1.1.7	Alpha
6978	hCoV-19/England/ALDP-152C9FC/2021	2021-04-21	United Kingdom	genome	unknown	B.1.1.7	Alpha
6979	hCoV-19/England/RAND-1535F1C/2021	2021-04-21	United Kingdom	genome	unknown	B.1.1.7	Alpha
6980	hCoV-19/England/QEUH-1528A48/2021	2021-04-21	United Kingdom	genome	unknown	B.1.1.7	Alpha
6981	hCoV-19/Scotland/QEUH-1527F68/2021	2021-04-21	United Kingdom	genome	unknown	B.1.1.7	Alpha
6982	hCoV-19/Scotland/QEUH-152819E/2021	2021-04-21	United Kingdom	genome	unknown	B.1.1.7	Alpha
6983	hCoV-19/England/QEUH-152932E/2021	2021-04-21	United Kingdom	genome	unknown	B.1.1.7	Alpha
6984	hCoV-19/England/MILK-1528899/2021	2021-04-21	United Kingdom	genome	unknown	B.1.1.7	Alpha
6985	hCoV-19/Scotland/QEUH-152833E/2021	2021-04-21	United Kingdom	genome	unknown	B.1.1.7	Alpha
6986	hCoV-19/England/QEUH-1529494/2021	2021-04-21	United Kingdom	genome	unknown	B.1.1.7	Alpha
6987	hCoV-19/England/MILK-15285ED/2021	2021-04-21	United Kingdom	genome	unknown	B.1.1.7	Alpha
6988	hCoV-19/England/QEUH-1528A57/2021	2021-04-21	United Kingdom	genome	unknown	B.1.1.7	Alpha
6989	hCoV-19/Scotland/QEUH-1525D24/2021	2021-04-21	United Kingdom	genome	unknown	B.1.1.7	Alpha
6990	hCoV-19/Scotland/QEUH-15283D4/2021	2021-04-21	United Kingdom	genome	unknown	B.1.1.7	Alpha
6991	hCoV-19/Scotland/QEUH-1527F77/2021	2021-04-21	United Kingdom	genome	unknown	B.1.1.7	Alpha
6992	hCoV-19/Scotland/QEUH-1527F0E/2021	2021-04-21	United Kingdom	genome	unknown	B.1.1.7	Alpha
6993	hCoV-19/Scotland/QEUH-1528996/2021	2021-04-21	United Kingdom	genome	unknown	B.1.1.7	Alpha
6994	hCoV-19/Scotland/QEUH-15290EB/2021	2021-04-21	United Kingdom	genome	unknown	B.1.1.7	Alpha
6995	hCoV-19/England/MILK-15285A1/2021	2021-04-21	United Kingdom	genome	unknown	B.1.1.7	Alpha
6996	hCoV-19/Scotland/QEUH-1528A93/2021	2021-04-21	United Kingdom	genome	unknown	B.1.1.7	Alpha
6997	hCoV-19/Scotland/QEUH-1528A2A/2021	2021-04-21	United Kingdom	genome	unknown	B.1.1.7	Alpha
6998	hCoV-19/England/RAND-1547375/2021	2021-04-21	United Kingdom	genome	unknown	B.1.1.7	Alpha
6999	hCoV-19/Scotland/QEUH-1528FA3/2021	2021-04-21	United Kingdom	genome	unknown	B.1.1.7	Alpha
7000	hCoV-19/England/RAND-1547296/2021	2021-04-21	United Kingdom	genome	unknown	B.1.1.7	Alpha
7001	hCoV-19/England/MILK-15428D5/2021	2021-04-22	United Kingdom	genome	unknown	B.1.1.7	Alpha
7002	hCoV-19/England/ALDP-152D8A3/2021	2021-04-22	United Kingdom	genome	unknown	B.1.1.7	Alpha
7003	hCoV-19/England/NORT-1BA371B/2021	2021-04-22	United Kingdom	genome	unknown	B.1.1.7	Alpha
7004	hCoV-19/England/PHWC-PYRXCZ/2021	2021-04-22	United Kingdom	genome	unknown	B.1.1.7	Alpha
7005	hCoV-19/Wales/PHWC-PYRX9O/2021	2021-04-22	United Kingdom	genome	unknown	B.1.1.7	Alpha
7006	hCoV-19/England/LIVE-E1005A/2021	2021-04-22	United Kingdom	genome	unknown	B.1.1.7	Alpha
7007	hCoV-19/England/ALDP-152EAAC/2021	2021-04-22	United Kingdom	genome	unknown	B.1.1.7	Alpha
7008	hCoV-19/Scotland/QEUH-152E347/2021	2021-04-22	United Kingdom	genome	unknown	B.1.1.7	Alpha
7009	hCoV-19/England/ALDP-152ECD3/2021	2021-04-22	United Kingdom	genome	unknown	B.1.1.7	Alpha
7010	hCoV-19/England/QEUH-152E602/2021	2021-04-22	United Kingdom	genome	unknown	B.1.1.7	Alpha
7011	hCoV-19/England/CAMC-151FE39/2021	2021-04-22	United Kingdom	genome	unknown	B.1.1.7	Alpha
7012	hCoV-19/England/MILK-154F95D/2021	2021-04-22	United Kingdom	genome	unknown	B.1.1.7	Alpha
7013	hCoV-19/England/CAMC-151FD87/2021	2021-04-22	United Kingdom	genome	unknown	B.1.1.7	Alpha
7014	hCoV-19/England/MILK-154CBE1/2021	2021-04-22	United Kingdom	genome	unknown	B.1.1.7	Alpha
7015	hCoV-19/England/HSLL-1532CFA/2021	2021-04-22	United Kingdom	genome	unknown	B.1.1.7	Alpha
7016	hCoV-19/England/HSLL-1532CDC/2021	2021-04-22	United Kingdom	genome	unknown	B.1.1.7	Alpha
7017	hCoV-19/England/MILK-1527CCB/2021	2021-04-22	United Kingdom	genome	unknown	B.1.1.7	Alpha
7018	hCoV-19/England/MILK-1527AFE/2021	2021-04-22	United Kingdom	genome	unknown	B.1.1.7	Alpha
7019	hCoV-19/England/MILK-152687D/2021	2021-04-22	United Kingdom	genome	unknown	B.1.1.7	Alpha
7020	hCoV-19/England/ALDP-152ED94/2021	2021-04-22	United Kingdom	genome	unknown	B.1.1.7	Alpha
7021	hCoV-19/England/QEUH-1530A89/2021	2021-04-22	United Kingdom	genome	unknown	B.1.1.7	Alpha
7022	hCoV-19/England/QEUH-15307DD/2021	2021-04-22	United Kingdom	genome	unknown	B.1.1.7	Alpha
7023	hCoV-19/Scotland/QEUH-152FA50/2021	2021-04-22	United Kingdom	genome	unknown	B.1.1.7	Alpha
7024	hCoV-19/England/QEUH-153162A/2021	2021-04-22	United Kingdom	genome	unknown	B.1.1.7	Alpha
7025	hCoV-19/England/ALDP-15306FE/2021	2021-04-22	United Kingdom	genome	unknown	B.1.1.7	Alpha
7026	hCoV-19/England/ALDP-152F9BD/2021	2021-04-22	United Kingdom	genome	unknown	B.1.1.7	Alpha
7027	hCoV-19/Scotland/QEUH-152FB6C/2021	2021-04-22	United Kingdom	genome	unknown	B.1.1.7	Alpha
7028	hCoV-19/Scotland/QEUH-152FCE1/2021	2021-04-22	United Kingdom	genome	unknown	B.1.1.7	Alpha
7029	hCoV-19/England/MILK-1542DA9/2021	2021-04-22	United Kingdom	genome	unknown	B.1.1.7	Alpha
7030	hCoV-19/England/QEUH-153154B/2021	2021-04-22	United Kingdom	genome	unknown	B.1.1.7	Alpha
7031	hCoV-19/England/QEUH-15311FC/2021	2021-04-22	United Kingdom	genome	unknown	B.1.1.7	Alpha
7032	hCoV-19/Scotland/QEUH-1530904/2021	2021-04-22	United Kingdom	genome	unknown	B.1.1.7	Alpha
7033	hCoV-19/England/ALDP-1533619/2021	2021-04-22	United Kingdom	genome	unknown	B.1.1.7	Alpha
7034	hCoV-19/Scotland/QEUH-153260B/2021	2021-04-22	United Kingdom	genome	unknown	B.1.1.7	Alpha
7035	hCoV-19/England/QEUH-1530922/2021	2021-04-22	United Kingdom	genome	unknown	B.1.1.7	Alpha
7036	hCoV-19/Scotland/QEUH-152D25A/2021	2021-04-22	United Kingdom	genome	unknown	B.1.1.7	Alpha
7037	hCoV-19/Scotland/QEUH-152D16C/2021	2021-04-22	United Kingdom	genome	unknown	B.1.1.7	Alpha
7038	hCoV-19/England/QEUH-15309C8/2021	2021-04-22	United Kingdom	genome	unknown	B.1.1.7	Alpha
7039	hCoV-19/England/QEUH-152FE27/2021	2021-04-22	United Kingdom	genome	unknown	B.1.1.7	Alpha
7040	hCoV-19/England/ALDP-1530755/2021	2021-04-22	United Kingdom	genome	unknown	B.1.1.7	Alpha
7041	hCoV-19/England/ALDP-1530588/2021	2021-04-22	United Kingdom	genome	unknown	B.1.1.7	Alpha
7042	hCoV-19/England/QEUH-15309D7/2021	2021-04-22	United Kingdom	genome	unknown	B.1.1.7	Alpha
7043	hCoV-19/Scotland/QEUH-152FBD5/2021	2021-04-22	United Kingdom	genome	unknown	B.1.1.7	Alpha
7044	hCoV-19/England/RAND-153387D/2021	2021-04-22	United Kingdom	genome	unknown	B.1.1.7	Alpha
7045	hCoV-19/England/CAMC-14ABCFD/2021	2021-04-22	United Kingdom	genome	unknown	B.1.1.7	Alpha
7046	hCoV-19/England/PHEC-T30BT873/2021	2021-04-22	United Kingdom	genome	unknown	B.1.1.7	Alpha
7047	hCoV-19/England/MILK-1542D5E/2021	2021-04-22	United Kingdom	genome	unknown	B.1.1.7	Alpha
7048	hCoV-19/England/MILK-154196A/2021	2021-04-22	United Kingdom	genome	unknown	B.1.1.7	Alpha
7049	hCoV-19/England/ALDP-1535231/2021	2021-04-22	United Kingdom	genome	unknown	B.1.1.7	Alpha
7050	hCoV-19/England/RAND-153392F/2021	2021-04-23	United Kingdom	genome	unknown	B.1.1.7	Alpha
7051	hCoV-19/England/MILK-153343D/2021	2021-04-23	United Kingdom	genome	unknown	B.1.1.7	Alpha
7052	hCoV-19/England/MILK-1534DB9/2021	2021-04-23	United Kingdom	genome	unknown	B.1.1.7	Alpha
7053	hCoV-19/Scotland/QEUH-152DD2C/2021	2021-04-23	United Kingdom	genome	unknown	B.1.1.7	Alpha
7054	hCoV-19/England/MILK-153ACE3/2021	2021-04-23	United Kingdom	genome	unknown	B.1.1.7	Alpha
7055	hCoV-19/England/MILK-152C72F/2021	2021-04-23	United Kingdom	genome	unknown	B.1.1.7	Alpha
7056	hCoV-19/England/ALDP-15356CC/2021	2021-04-23	United Kingdom	genome	unknown	B.1.1.7	Alpha
7057	hCoV-19/England/ALDP-153569F/2021	2021-04-23	United Kingdom	genome	unknown	B.1.1.7	Alpha
7058	hCoV-19/England/MILK-153ACD4/2021	2021-04-23	United Kingdom	genome	unknown	B.1.1.7	Alpha
7059	hCoV-19/Scotland/QEUH-1530078/2021	2021-04-23	United Kingdom	genome	unknown	B.1.1.7	Alpha
7060	hCoV-19/Scotland/QEUH-152EEBF/2021	2021-04-23	United Kingdom	genome	unknown	B.1.1.7	Alpha
7061	hCoV-19/England/QEUH-1532094/2021	2021-04-23	United Kingdom	genome	unknown	B.1.1.7	Alpha
7062	hCoV-19/Wales/ALDP-1533585/2021	2021-04-23	United Kingdom	genome	unknown	B.1.1.7	Alpha
7063	hCoV-19/England/ALDP-153592D/2021	2021-04-23	United Kingdom	genome	unknown	B.1.1.7	Alpha
7064	hCoV-19/England/QEUH-1531FF2/2021	2021-04-23	United Kingdom	genome	unknown	B.1.1.7	Alpha
7065	hCoV-19/England/ALDP-152F522/2021	2021-04-23	United Kingdom	genome	unknown	B.1.1.7	Alpha
7066	hCoV-19/England/QEUH-1531D07/2021	2021-04-23	United Kingdom	genome	unknown	B.1.1.7	Alpha
7067	hCoV-19/England/MILK-153328E/2021	2021-04-23	United Kingdom	genome	unknown	B.1.1.7	Alpha
7068	hCoV-19/England/MILK-152FF60/2021	2021-04-23	United Kingdom	genome	unknown	B.1.1.7	Alpha
7069	hCoV-19/England/MILK-1531727/2021	2021-04-23	United Kingdom	genome	unknown	B.1.1.7	Alpha
7070	hCoV-19/England/ALDP-1534566/2021	2021-04-23	United Kingdom	genome	unknown	B.1.1.7	Alpha
7071	hCoV-19/England/QEUH-153884B/2021	2021-04-23	United Kingdom	genome	unknown	B.1.1.7	Alpha
7072	hCoV-19/England/ALDP-153477F/2021	2021-04-23	United Kingdom	genome	unknown	B.1.1.7	Alpha
7073	hCoV-19/England/ALDP-153450C/2021	2021-04-23	United Kingdom	genome	unknown	B.1.1.7	Alpha
7074	hCoV-19/England/ALDP-152F5AA/2021	2021-04-23	United Kingdom	genome	unknown	B.1.1.7	Alpha
7075	hCoV-19/England/PHWC-PYRQ8N/2021	2021-04-23	United Kingdom	genome	unknown	B.1.1.7	Alpha
7076	hCoV-19/England/ALDP-1533488/2021	2021-04-23	United Kingdom	genome	unknown	B.1.1.7	Alpha
7077	hCoV-19/England/MILK-154E806/2021	2021-04-23	United Kingdom	genome	unknown	B.1.1.7	Alpha
7078	hCoV-19/England/MILK-154CB69/2021	2021-04-23	United Kingdom	genome	unknown	B.1.1.7	Alpha
7079	hCoV-19/England/MILK-154CED9/2021	2021-04-23	United Kingdom	genome	unknown	B.1.1.7	Alpha
7080	hCoV-19/England/ALDP-153577E/2021	2021-04-23	United Kingdom	genome	unknown	B.1.1.7	Alpha
7081	hCoV-19/England/ALDP-152F759/2021	2021-04-23	United Kingdom	genome	unknown	B.1.1.7	Alpha
7082	hCoV-19/England/QEUH-15385EA/2021	2021-04-24	United Kingdom	genome	unknown	B.1.1.7	Alpha
7083	hCoV-19/England/QEUH-153830E/2021	2021-04-24	United Kingdom	genome	unknown	B.1.1.7	Alpha
7084	hCoV-19/England/QEUH-1538C7C/2021	2021-04-24	United Kingdom	genome	unknown	B.1.1.7	Alpha
7085	hCoV-19/England/QEUH-1538429/2021	2021-04-24	United Kingdom	genome	unknown	B.1.1.7	Alpha
7086	hCoV-19/England/ALDP-15346DC/2021	2021-04-24	United Kingdom	genome	unknown	B.1.1.7	Alpha
7087	hCoV-19/England/MILK-15359A5/2021	2021-04-24	United Kingdom	genome	unknown	B.1.1.7	Alpha
7088	hCoV-19/England/MILK-1535B18/2021	2021-04-24	United Kingdom	genome	unknown	B.1.1.7	Alpha
7089	hCoV-19/Scotland/QEUH-153867E/2021	2021-04-24	United Kingdom	genome	unknown	B.1.1.7	Alpha
7090	hCoV-19/Scotland/QEUH-1538553/2021	2021-04-24	United Kingdom	genome	unknown	B.1.1.7	Alpha
7091	hCoV-19/Scotland/QEUH-1538ADC/2021	2021-04-24	United Kingdom	genome	unknown	B.1.1.7	Alpha
7092	hCoV-19/England/MILK-1534B91/2021	2021-04-24	United Kingdom	genome	unknown	B.1.1.7	Alpha
7093	hCoV-19/England/MILK-1534B19/2021	2021-04-24	United Kingdom	genome	unknown	B.1.1.7	Alpha
7094	hCoV-19/Scotland/QEUH-15386AB/2021	2021-04-24	United Kingdom	genome	unknown	B.1.1.7	Alpha
7095	hCoV-19/Scotland/QEUH-153869C/2021	2021-04-24	United Kingdom	genome	unknown	B.1.1.7	Alpha
7096	hCoV-19/Scotland/QEUH-1538869/2021	2021-04-24	United Kingdom	genome	unknown	B.1.1.7	Alpha
7097	hCoV-19/England/NORT-1BA46C2/2021	2021-04-24	United Kingdom	genome	unknown	B.1.1.7	Alpha
7098	hCoV-19/England/ALDP-1537BE9/2021	2021-04-24	United Kingdom	genome	unknown	B.1.1.7	Alpha
7099	hCoV-19/NorthernIreland/NIRE-001c39/2021	2021-04-24	United Kingdom	genome	unknown	B.1.1.7	Alpha
7100	hCoV-19/England/ALDP-1536ED2/2021	2021-04-24	United Kingdom	genome	unknown	B.1.1.7	Alpha
7101	hCoV-19/England/MILK-153D0B7/2021	2021-04-24	United Kingdom	genome	unknown	B.1.1.7	Alpha
7102	hCoV-19/England/MILK-153AC7A/2021	2021-04-24	United Kingdom	genome	unknown	B.1.1.7	Alpha
7103	hCoV-19/England/ALDP-1536FA2/2021	2021-04-24	United Kingdom	genome	unknown	B.1.1.7	Alpha
7104	hCoV-19/England/QEUH-153875D/2021	2021-04-24	United Kingdom	genome	unknown	B.1.1.7	Alpha
7105	hCoV-19/England/QEUH-1538C21/2021	2021-04-24	United Kingdom	genome	unknown	B.1.1.7	Alpha
7106	hCoV-19/England/QEUH-1538720/2021	2021-04-24	United Kingdom	genome	unknown	B.1.1.7	Alpha
7107	hCoV-19/England/ALDP-1536A65/2021	2021-04-24	United Kingdom	genome	unknown	B.1.1.7	Alpha
7108	hCoV-19/England/ALDP-1537EFF/2021	2021-04-24	United Kingdom	genome	unknown	B.1.1.7	Alpha
7109	hCoV-19/England/ALDP-1537F29/2021	2021-04-24	United Kingdom	genome	unknown	B.1.1.7	Alpha
7110	hCoV-19/England/OXON-F81B25/2021	2021-04-24	United Kingdom	genome	unknown	B.1.1.7	Alpha
7111	hCoV-19/England/ALDP-1537DF2/2021	2021-04-24	United Kingdom	genome	unknown	B.1.1.7	Alpha
7112	hCoV-19/England/NOTT-2543E4/2021	2021-04-24	United Kingdom	genome	unknown	B.1.1.7	Alpha
7113	hCoV-19/England/NORT-1BA47CF/2021	2021-04-25	United Kingdom	genome	unknown	B.1.1.7	Alpha
7114	hCoV-19/England/NORT-1BA47A1/2021	2021-04-25	United Kingdom	genome	unknown	B.1.1.7	Alpha
7115	hCoV-19/Wales/PHWC-PYRPEB/2021	2021-04-25	United Kingdom	genome	unknown	B.1.1.7	Alpha
7116	hCoV-19/England/MILK-153791C/2021	2021-04-25	United Kingdom	genome	unknown	B.1.1.7	Alpha
7117	hCoV-19/England/MILK-1537A46/2021	2021-04-25	United Kingdom	genome	unknown	B.1.1.7	Alpha
7118	hCoV-19/England/MILK-15376E8/2021	2021-04-25	United Kingdom	genome	unknown	B.1.1.7	Alpha
7119	hCoV-19/England/MILK-15367C8/2021	2021-04-25	United Kingdom	genome	unknown	B.1.1.7	Alpha
7120	hCoV-19/England/MILK-15368B6/2021	2021-04-25	United Kingdom	genome	unknown	B.1.1.7	Alpha
7121	hCoV-19/England/QEUH-15395F8/2021	2021-04-25	United Kingdom	genome	unknown	B.1.1.7	Alpha
7122	hCoV-19/England/ALDP-153A69A/2021	2021-04-25	United Kingdom	genome	unknown	B.1.1.7	Alpha
7123	hCoV-19/England/BIRM-BCDSC6/2021	2021-04-25	United Kingdom	genome	unknown	B.1.1.7	Alpha
7124	hCoV-19/England/ALDP-1541CBC/2021	2021-04-25	United Kingdom	genome	unknown	B.1.1.7	Alpha
7125	hCoV-19/England/HSLL-153F246/2021	2021-04-25	United Kingdom	genome	unknown	B.1.1.7	Alpha
7126	hCoV-19/England/QEUH-15370AE/2021	2021-04-25	United Kingdom	genome	unknown	B.1.1.7	Alpha
7127	hCoV-19/England/NORT-1BA4844/2021	2021-04-25	United Kingdom	genome	unknown	B.1.1.7	Alpha
7128	hCoV-19/England/QEUH-1539895/2021	2021-04-25	United Kingdom	genome	unknown	B.1.1.7	Alpha
7129	hCoV-19/England/QEUH-153716F/2021	2021-04-25	United Kingdom	genome	unknown	B.1.1.7	Alpha
7130	hCoV-19/England/QEUH-153968C/2021	2021-04-25	United Kingdom	genome	unknown	B.1.1.7	Alpha
7131	hCoV-19/England/QEUH-1537536/2021	2021-04-25	United Kingdom	genome	unknown	B.1.1.7	Alpha
7132	hCoV-19/England/ALDP-1536CD8/2021	2021-04-25	United Kingdom	genome	unknown	B.1.1.7	Alpha
7133	hCoV-19/NorthernIreland/NIRE-002f80/2021	2021-04-25	United Kingdom	genome	unknown	B.1.1.7	Alpha
7134	hCoV-19/England/QEUH-1535FA3/2021	2021-04-25	United Kingdom	genome	unknown	B.1.1.7	Alpha
7135	hCoV-19/England/MILK-153BCC4/2021	2021-04-25	United Kingdom	genome	unknown	B.1.1.7	Alpha
7136	hCoV-19/England/MILK-153CE09/2021	2021-04-25	United Kingdom	genome	unknown	B.1.1.7	Alpha
7137	hCoV-19/Scotland/QEUH-15374DF/2021	2021-04-25	United Kingdom	genome	unknown	B.1.1.7	Alpha
7138	hCoV-19/Scotland/QEUH-1539859/2021	2021-04-25	United Kingdom	genome	unknown	B.1.1.7	Alpha
7139	hCoV-19/Scotland/QEUH-15361F7/2021	2021-04-25	United Kingdom	genome	unknown	B.1.1.7	Alpha
7140	hCoV-19/Scotland/QEUH-1537554/2021	2021-04-25	United Kingdom	genome	unknown	B.1.1.7	Alpha
7141	hCoV-19/England/MILK-153D354/2021	2021-04-25	United Kingdom	genome	unknown	B.1.1.7	Alpha
7142	hCoV-19/England/MILK-153BE55/2021	2021-04-25	United Kingdom	genome	unknown	B.1.1.7	Alpha
7143	hCoV-19/England/PHEC-30C4E7/2021	2021-04-25	United Kingdom	genome	unknown	B.1.1.7	Alpha
7144	hCoV-19/England/QEUH-15BC065/2021	2021-04-26	United Kingdom	genome	unknown	B.1.1.7	Alpha
7145	hCoV-19/England/MILK-153677D/2021	2021-04-26	United Kingdom	genome	unknown	B.1.1.7	Alpha
7146	hCoV-19/England/MILK-1536810/2021	2021-04-26	United Kingdom	genome	unknown	B.1.1.7	Alpha
7147	hCoV-19/England/PHEC-U30AU3FB/2021	2021-04-26	United Kingdom	genome	unknown	B.1.1.7	Alpha
7148	hCoV-19/England/ALDP-153C49E/2021	2021-04-26	United Kingdom	genome	unknown	B.1.1.7	Alpha
7149	hCoV-19/NorthernIreland/NIRE-003011/2021	2021-04-26	United Kingdom	genome	unknown	B.1.1.7	Alpha
7150	hCoV-19/NorthernIreland/NIRE-0033da/2021	2021-04-26	United Kingdom	genome	unknown	B.1.1.7	Alpha
7151	hCoV-19/NorthernIreland/NIRE-0033e4/2021	2021-04-26	United Kingdom	genome	unknown	B.1.1.7	Alpha
7152	hCoV-19/England/ALDP-1536E96/2021	2021-04-26	United Kingdom	genome	unknown	B.1.1.7	Alpha
7153	hCoV-19/England/ALDP-153C59B/2021	2021-04-26	United Kingdom	genome	unknown	B.1.1.7	Alpha
7154	hCoV-19/England/ALDP-153C4BC/2021	2021-04-26	United Kingdom	genome	unknown	B.1.1.7	Alpha
7155	hCoV-19/England/MILK-153D2EE/2021	2021-04-26	United Kingdom	genome	unknown	B.1.1.7	Alpha
7156	hCoV-19/England/MILK-15477A6/2021	2021-04-26	United Kingdom	genome	unknown	B.1.1.7	Alpha
7157	hCoV-19/England/QEUH-153CAF6/2021	2021-04-26	United Kingdom	genome	unknown	B.1.1.7	Alpha
7158	hCoV-19/England/ALDP-153B8FD/2021	2021-04-26	United Kingdom	genome	unknown	B.1.1.7	Alpha
7159	hCoV-19/England/MILK-15424C2/2021	2021-04-26	United Kingdom	genome	unknown	B.1.1.7	Alpha
7160	hCoV-19/England/MILK-1540646/2021	2021-04-26	United Kingdom	genome	unknown	B.1.1.7	Alpha
7161	hCoV-19/Wales/PHWC-PYRTNJ/2021	2021-04-26	United Kingdom	genome	unknown	B.1.1.7	Alpha
7162	hCoV-19/England/QEUH-153C883/2021	2021-04-26	United Kingdom	genome	unknown	B.1.1.7	Alpha
7163	hCoV-19/England/QEUH-153D767/2021	2021-04-26	United Kingdom	genome	unknown	B.1.1.7	Alpha
7164	hCoV-19/England/QEUH-153CAE7/2021	2021-04-26	United Kingdom	genome	unknown	B.1.1.7	Alpha
7165	hCoV-19/England/QEUH-153B259/2021	2021-04-26	United Kingdom	genome	unknown	B.1.1.7	Alpha
7166	hCoV-19/England/QEUH-153B417/2021	2021-04-26	United Kingdom	genome	unknown	B.1.1.7	Alpha
7167	hCoV-19/England/MILK-1542741/2021	2021-04-26	United Kingdom	genome	unknown	B.1.1.7	Alpha
7168	hCoV-19/England/MILK-15426AE/2021	2021-04-26	United Kingdom	genome	unknown	B.1.1.7	Alpha
7169	hCoV-19/England/ALDP-1543203/2021	2021-04-26	United Kingdom	genome	unknown	B.1.1.7	Alpha
7170	hCoV-19/Scotland/QEUH-153D433/2021	2021-04-26	United Kingdom	genome	unknown	B.1.1.7	Alpha
7171	hCoV-19/Scotland/QEUH-153C962/2021	2021-04-26	United Kingdom	genome	unknown	B.1.1.7	Alpha
7172	hCoV-19/Scotland/QEUH-153C953/2021	2021-04-26	United Kingdom	genome	unknown	B.1.1.7	Alpha
7173	hCoV-19/Scotland/QEUH-153CB99/2021	2021-04-26	United Kingdom	genome	unknown	B.1.1.7	Alpha
7174	hCoV-19/England/MILK-153E8EB/2021	2021-04-26	United Kingdom	genome	unknown	B.1.1.7	Alpha
7175	hCoV-19/England/MILK-153E8BE/2021	2021-04-26	United Kingdom	genome	unknown	B.1.1.7	Alpha
7176	hCoV-19/Scotland/QEUH-153D59A/2021	2021-04-26	United Kingdom	genome	unknown	B.1.1.7	Alpha
7177	hCoV-19/Scotland/QEUH-153C9AE/2021	2021-04-26	United Kingdom	genome	unknown	B.1.1.7	Alpha
7178	hCoV-19/England/OXON-F81C40/2021	2021-04-26	United Kingdom	genome	unknown	B.1.1.7	Alpha
7179	hCoV-19/Scotland/QEUH-153FBE1/2021	2021-04-26	United Kingdom	genome	unknown	B.1.1.7	Alpha
7180	hCoV-19/England/MILK-1542D4F/2021	2021-04-26	United Kingdom	genome	unknown	B.1.1.7	Alpha
7181	hCoV-19/England/MILK-1542398/2021	2021-04-26	United Kingdom	genome	unknown	B.1.1.7	Alpha
7182	hCoV-19/England/MILK-154228C/2021	2021-04-26	United Kingdom	genome	unknown	B.1.1.7	Alpha
7183	hCoV-19/England/ALDP-1540831/2021	2021-04-26	United Kingdom	genome	unknown	B.1.1.7	Alpha
7184	hCoV-19/England/MILK-15421BC/2021	2021-04-26	United Kingdom	genome	unknown	B.1.1.7	Alpha
7185	hCoV-19/England/ALDP-1541A85/2021	2021-04-26	United Kingdom	genome	unknown	B.1.1.7	Alpha
7186	hCoV-19/England/QEUH-153A366/2021	2021-04-26	United Kingdom	genome	unknown	B.1.1.7	Alpha
7187	hCoV-19/England/QEUH-153EF31/2021	2021-04-26	United Kingdom	genome	unknown	B.1.1.7	Alpha
7188	hCoV-19/England/ALDP-1540C53/2021	2021-04-26	United Kingdom	genome	unknown	B.1.1.7	Alpha
7189	hCoV-19/England/MILK-15402D9/2021	2021-04-26	United Kingdom	genome	unknown	B.1.1.7	Alpha
7190	hCoV-19/England/MILK-154244A/2021	2021-04-26	United Kingdom	genome	unknown	B.1.1.7	Alpha
7191	hCoV-19/England/ALDP-15407E9/2021	2021-04-26	United Kingdom	genome	unknown	B.1.1.7	Alpha
7192	hCoV-19/England/ALDP-1540989/2021	2021-04-26	United Kingdom	genome	unknown	B.1.1.7	Alpha
7193	hCoV-19/England/MILK-1550E2D/2021	2021-04-26	United Kingdom	genome	unknown	B.1.1.7	Alpha
7194	hCoV-19/England/QEUH-153EDA0/2021	2021-04-26	United Kingdom	genome	unknown	B.1.1.7	Alpha
7195	hCoV-19/England/QEUH-153ED46/2021	2021-04-26	United Kingdom	genome	unknown	B.1.1.7	Alpha
7196	hCoV-19/England/QEUH-153F079/2021	2021-04-26	United Kingdom	genome	unknown	B.1.1.7	Alpha
7197	hCoV-19/England/QEUH-153CBD5/2021	2021-04-26	United Kingdom	genome	unknown	B.1.1.7	Alpha
7198	hCoV-19/England/QEUH-153D7B2/2021	2021-04-26	United Kingdom	genome	unknown	B.1.1.7	Alpha
7199	hCoV-19/England/ALDP-153BC1F/2021	2021-04-26	United Kingdom	genome	unknown	B.1.1.7	Alpha
7200	hCoV-19/England/ALDP-153BA9D/2021	2021-04-26	United Kingdom	genome	unknown	B.1.1.7	Alpha
7201	hCoV-19/England/ALDP-153BA06/2021	2021-04-26	United Kingdom	genome	unknown	B.1.1.7	Alpha
7202	hCoV-19/England/QEUH-153D6A6/2021	2021-04-26	United Kingdom	genome	unknown	B.1.1.7	Alpha
7203	hCoV-19/England/QEUH-153D7EF/2021	2021-04-26	United Kingdom	genome	unknown	B.1.1.7	Alpha
7204	hCoV-19/England/MILK-1550EF0/2021	2021-04-26	United Kingdom	genome	unknown	B.1.1.7	Alpha
7205	hCoV-19/England/QEUH-153FE8E/2021	2021-04-27	United Kingdom	genome	unknown	B.1.1.7	Alpha
7206	hCoV-19/England/QEUH-153FD54/2021	2021-04-27	United Kingdom	genome	unknown	B.1.1.7	Alpha
7207	hCoV-19/England/QEUH-153FE15/2021	2021-04-27	United Kingdom	genome	unknown	B.1.1.7	Alpha
7208	hCoV-19/England/QEUH-153FD27/2021	2021-04-27	United Kingdom	genome	unknown	B.1.1.7	Alpha
7209	hCoV-19/England/ALDP-15475F7/2021	2021-04-27	United Kingdom	genome	unknown	B.1.1.7	Alpha
7210	hCoV-19/England/ALDP-1547621/2021	2021-04-27	United Kingdom	genome	unknown	B.1.1.7	Alpha
7211	hCoV-19/England/MILK-1545210/2021	2021-04-27	United Kingdom	genome	unknown	B.1.1.7	Alpha
7212	hCoV-19/England/ALDP-154764F/2021	2021-04-27	United Kingdom	genome	unknown	B.1.1.7	Alpha
7213	hCoV-19/Scotland/QEUH-1540E3F/2021	2021-04-27	United Kingdom	genome	unknown	B.1.1.7	Alpha
7214	hCoV-19/Scotland/QEUH-153A427/2021	2021-04-27	United Kingdom	genome	unknown	B.1.1.7	Alpha
7215	hCoV-19/England/ALDP-1544071/2021	2021-04-27	United Kingdom	genome	unknown	B.1.1.7	Alpha
7216	hCoV-19/England/ALDP-154418D/2021	2021-04-27	United Kingdom	genome	unknown	B.1.1.7	Alpha
7217	hCoV-19/England/ALDP-15459A2/2021	2021-04-27	United Kingdom	genome	unknown	B.1.1.7	Alpha
7218	hCoV-19/England/QEUH-1544518/2021	2021-04-27	United Kingdom	genome	unknown	B.1.1.7	Alpha
7219	hCoV-19/England/QEUH-15447D6/2021	2021-04-27	United Kingdom	genome	unknown	B.1.1.7	Alpha
7220	hCoV-19/England/MILK-15414A5/2021	2021-04-27	United Kingdom	genome	unknown	B.1.1.7	Alpha
7221	hCoV-19/England/ALDP-1543CC9/2021	2021-04-27	United Kingdom	genome	unknown	B.1.1.7	Alpha
7222	hCoV-19/England/ALDP-1544026/2021	2021-04-27	United Kingdom	genome	unknown	B.1.1.7	Alpha
7223	hCoV-19/England/ALDP-1543E3C/2021	2021-04-27	United Kingdom	genome	unknown	B.1.1.7	Alpha
7224	hCoV-19/England/ALDP-1543FFD/2021	2021-04-27	United Kingdom	genome	unknown	B.1.1.7	Alpha
7225	hCoV-19/England/ALDP-1544053/2021	2021-04-27	United Kingdom	genome	unknown	B.1.1.7	Alpha
7226	hCoV-19/Scotland/QEUH-153A25A/2021	2021-04-27	United Kingdom	genome	unknown	B.1.1.7	Alpha
7227	hCoV-19/Scotland/QEUH-15411BD/2021	2021-04-27	United Kingdom	genome	unknown	B.1.1.7	Alpha
7228	hCoV-19/Scotland/QEUH-153A22D/2021	2021-04-27	United Kingdom	genome	unknown	B.1.1.7	Alpha
7229	hCoV-19/Scotland/QEUH-1544712/2021	2021-04-27	United Kingdom	genome	unknown	B.1.1.7	Alpha
7230	hCoV-19/Scotland/QEUH-1539F18/2021	2021-04-27	United Kingdom	genome	unknown	B.1.1.7	Alpha
7231	hCoV-19/Scotland/QEUH-1541180/2021	2021-04-27	United Kingdom	genome	unknown	B.1.1.7	Alpha
7232	hCoV-19/England/RAND-154C194/2021	2021-04-27	United Kingdom	genome	unknown	B.1.1.7	Alpha
7233	hCoV-19/NorthernIreland/NIRE-002f85/2021	2021-04-27	United Kingdom	genome	unknown	B.1.1.7	Alpha
7234	hCoV-19/England/NORT-1BBBACC/2021	2021-04-27	United Kingdom	genome	unknown	B.1.1.7	Alpha
7235	hCoV-19/England/NORT-1BBBAEA/2021	2021-04-27	United Kingdom	genome	unknown	B.1.1.7	Alpha
7236	hCoV-19/England/QEUH-153FF21/2021	2021-04-27	United Kingdom	genome	unknown	B.1.1.7	Alpha
7237	hCoV-19/England/QEUH-153FDAF/2021	2021-04-27	United Kingdom	genome	unknown	B.1.1.7	Alpha
7238	hCoV-19/England/ALDP-15436DA/2021	2021-04-27	United Kingdom	genome	unknown	B.1.1.7	Alpha
7239	hCoV-19/England/QEUH-153FDDC/2021	2021-04-27	United Kingdom	genome	unknown	B.1.1.7	Alpha
7240	hCoV-19/England/QEUH-1540EE4/2021	2021-04-27	United Kingdom	genome	unknown	B.1.1.7	Alpha
7241	hCoV-19/England/QEUH-1540DF6/2021	2021-04-27	United Kingdom	genome	unknown	B.1.1.7	Alpha
7242	hCoV-19/England/QEUH-153FDFA/2021	2021-04-27	United Kingdom	genome	unknown	B.1.1.7	Alpha
7243	hCoV-19/England/QEUH-153FED9/2021	2021-04-27	United Kingdom	genome	unknown	B.1.1.7	Alpha
7244	hCoV-19/England/QEUH-153A2A5/2021	2021-04-27	United Kingdom	genome	unknown	B.1.1.7	Alpha
7245	hCoV-19/England/QEUH-153FF7C/2021	2021-04-27	United Kingdom	genome	unknown	B.1.1.7	Alpha
7246	hCoV-19/England/QEUH-1539FCD/2021	2021-04-27	United Kingdom	genome	unknown	B.1.1.7	Alpha
7247	hCoV-19/NorthernIreland/NIRE-003041/2021	2021-04-27	United Kingdom	genome	unknown	B.1.1.7	Alpha
7248	hCoV-19/Wales/PHWC-PYROXO/2021	2021-04-27	United Kingdom	genome	unknown	B.1.1.7	Alpha
7249	hCoV-19/England/ALDP-154F252/2021	2021-04-27	United Kingdom	genome	unknown	B.1.1.7	Alpha
7250	hCoV-19/England/MILK-155EBEC/2021	2021-04-27	United Kingdom	genome	unknown	B.1.1.7	Alpha
7251	hCoV-19/England/MILK-155EE89/2021	2021-04-27	United Kingdom	genome	unknown	B.1.1.7	Alpha
7252	hCoV-19/England/MILK-155ECDA/2021	2021-04-27	United Kingdom	genome	unknown	Q.1	Alpha
7253	hCoV-19/England/MILK-155E548/2021	2021-04-27	United Kingdom	genome	unknown	B.1.1.7	Alpha
7254	hCoV-19/England/MILK-155EC61/2021	2021-04-27	United Kingdom	genome	unknown	B.1.1.7	Alpha
7255	hCoV-19/England/MILK-155EA94/2021	2021-04-27	United Kingdom	genome	unknown	B.1.1.7	Alpha
7256	hCoV-19/England/QEUH-153E20B/2021	2021-04-27	United Kingdom	genome	unknown	B.1.1.7	Alpha
7257	hCoV-19/England/HSLL-153F510/2021	2021-04-27	United Kingdom	genome	unknown	B.1.1.7	Alpha
7258	hCoV-19/England/QEUH-153DC4A/2021	2021-04-27	United Kingdom	genome	unknown	B.1.1.7	Alpha
7259	hCoV-19/England/ALDP-154907C/2021	2021-04-27	United Kingdom	genome	unknown	B.1.1.7	Alpha
7260	hCoV-19/England/HSLL-153F61D/2021	2021-04-27	United Kingdom	genome	unknown	B.1.1.7	Alpha
7261	hCoV-19/England/ALDP-154085F/2021	2021-04-27	United Kingdom	genome	unknown	B.1.1.7	Alpha
7262	hCoV-19/England/PHEC-30CDA0/2021	2021-04-27	United Kingdom	genome	unknown	B.1.1.7	Alpha
7263	hCoV-19/England/PHEC-U30AU531/2021	2021-04-27	United Kingdom	genome	unknown	B.1.1.7	Alpha
7264	hCoV-19/England/CAMB-AA5BA8/2021	2021-04-27	United Kingdom	genome	unknown	B.1.1.7	Alpha
7265	hCoV-19/England/PHEC-30D13A/2021	2021-04-27	United Kingdom	genome	unknown	B.1.1.7	Alpha
7266	hCoV-19/NorthernIreland/RAND-153DE80/2021	2021-04-27	United Kingdom	genome	unknown	B.1.1.7	Alpha
7267	hCoV-19/Scotland/QEUH-153E010/2021	2021-04-27	United Kingdom	genome	unknown	B.1.1.7	Alpha
7268	hCoV-19/England/ALDP-154A3EB/2021	2021-04-27	United Kingdom	genome	unknown	B.1.1.7	Alpha
7269	hCoV-19/England/ALDP-154A4BB/2021	2021-04-27	United Kingdom	genome	unknown	B.1.1.7	Alpha
7270	hCoV-19/England/QEUH-1548BC7/2021	2021-04-27	United Kingdom	genome	unknown	B.1.1.7	Alpha
7271	hCoV-19/Scotland/QEUH-15BDEA6/2021	2021-04-27	United Kingdom	genome	unknown	B.1.1.7	Alpha
7272	hCoV-19/Scotland/QEUH-15BE018/2021	2021-04-27	United Kingdom	genome	unknown	B.1.1.7	Alpha
7273	hCoV-19/England/MILK-155084D/2021	2021-04-28	United Kingdom	genome	unknown	B.1.1.7	Alpha
7274	hCoV-19/England/MILK-155208F/2021	2021-04-28	United Kingdom	genome	unknown	B.1.1.7	Alpha
7275	hCoV-19/Wales/PHWC-PYRUKZ/2021	2021-04-28	United Kingdom	genome	unknown	B.1.1.7	Alpha
7276	hCoV-19/England/ALDP-154A05D/2021	2021-04-28	United Kingdom	genome	unknown	B.1.1.7	Alpha
7277	hCoV-19/England/MILK-1551A64/2021	2021-04-28	United Kingdom	genome	unknown	B.1.1.7	Alpha
7278	hCoV-19/England/MILK-1551B61/2021	2021-04-28	United Kingdom	genome	unknown	B.1.1.7	Alpha
7279	hCoV-19/England/MILK-1550FA2/2021	2021-04-28	United Kingdom	genome	unknown	B.1.1.7	Alpha
7280	hCoV-19/England/ALDP-154E2BD/2021	2021-04-28	United Kingdom	genome	unknown	B.1.1.7	Alpha
7281	hCoV-19/England/ALDP-1548356/2021	2021-04-28	United Kingdom	genome	unknown	B.1.1.7	Alpha
7282	hCoV-19/England/ALDP-154A4CA/2021	2021-04-28	United Kingdom	genome	unknown	B.1.1.7	Alpha
7283	hCoV-19/Scotland/QEUH-15447A9/2021	2021-04-28	United Kingdom	genome	unknown	B.1.1.7	Alpha
7284	hCoV-19/England/ALDP-1548383/2021	2021-04-28	United Kingdom	genome	unknown	B.1.1.7	Alpha
7285	hCoV-19/Scotland/QEUH-1549BF3/2021	2021-04-28	United Kingdom	genome	unknown	B.1.1.7	Alpha
7286	hCoV-19/England/MILK-15463C1/2021	2021-04-28	United Kingdom	genome	unknown	B.1.1.7	Alpha
7287	hCoV-19/England/ALDP-154D922/2021	2021-04-28	United Kingdom	genome	unknown	B.1.1.7	Alpha
7288	hCoV-19/England/QEUH-1544572/2021	2021-04-28	United Kingdom	genome	unknown	B.1.1.7	Alpha
7289	hCoV-19/England/ALDP-1545E76/2021	2021-04-28	United Kingdom	genome	unknown	B.1.1.7	Alpha
7290	hCoV-19/England/MILK-1546288/2021	2021-04-28	United Kingdom	genome	unknown	B.1.1.7	Alpha
7291	hCoV-19/England/HSLL-1552377/2021	2021-04-28	United Kingdom	genome	unknown	B.1.1.7	Alpha
7292	hCoV-19/England/MILK-1546BE7/2021	2021-04-28	United Kingdom	genome	unknown	B.1.1.7	Alpha
7293	hCoV-19/England/ALDP-15466D7/2021	2021-04-28	United Kingdom	genome	unknown	B.1.1.7	Alpha
7294	hCoV-19/England/MILK-154622E/2021	2021-04-28	United Kingdom	genome	unknown	B.1.1.7	Alpha
7295	hCoV-19/England/ALDP-1546B14/2021	2021-04-28	United Kingdom	genome	unknown	B.1.1.7	Alpha
7296	hCoV-19/England/ALDP-1545D2E/2021	2021-04-28	United Kingdom	genome	unknown	B.1.1.7	Alpha
7297	hCoV-19/England/MILK-1546D2D/2021	2021-04-28	United Kingdom	genome	unknown	B.1.1.7	Alpha
7298	hCoV-19/England/QEUH-15455DB/2021	2021-04-28	United Kingdom	genome	unknown	B.1.1.7	Alpha
7299	hCoV-19/England/NORT-1BA5A01/2021	2021-04-28	United Kingdom	genome	unknown	B.1.1.7	Alpha
7300	hCoV-19/England/NORT-1BA505A/2021	2021-04-28	United Kingdom	genome	unknown	B.1.1.7	Alpha
7301	hCoV-19/England/NORT-1BA50F0/2021	2021-04-28	United Kingdom	genome	unknown	B.1.1.7	Alpha
7302	hCoV-19/Scotland/QEUH-15BF9C1/2021	2021-04-28	United Kingdom	genome	unknown	B.1.1.7	Alpha
7303	hCoV-19/England/BIRM-BCBD9Q/2021	2021-04-28	United Kingdom	genome	unknown	B.1.1.7	Alpha
7304	hCoV-19/England/NORT-1BBD73C/2021	2021-04-28	United Kingdom	genome	unknown	B.1.1.7	Alpha
7305	hCoV-19/England/LOND-128E08D/2021	2021-04-28	United Kingdom	genome	unknown	B.1.1.7	Alpha
7306	hCoV-19/England/NORT-1BBBB32/2021	2021-04-28	United Kingdom	genome	unknown	B.1.1.7	Alpha
7307	hCoV-19/Scotland/QEUH-1548D49/2021	2021-04-29	United Kingdom	genome	unknown	B.1.1.7	Alpha
7308	hCoV-19/Scotland/QEUH-1548AE8/2021	2021-04-29	United Kingdom	genome	unknown	B.1.1.7	Alpha
7309	hCoV-19/Scotland/QEUH-1548E37/2021	2021-04-29	United Kingdom	genome	unknown	B.1.1.7	Alpha
7310	hCoV-19/Scotland/QEUH-1548909/2021	2021-04-29	United Kingdom	genome	unknown	B.1.1.7	Alpha
7311	hCoV-19/Scotland/QEUH-1549962/2021	2021-04-29	United Kingdom	genome	unknown	B.1.1.7	Alpha
7312	hCoV-19/Scotland/QEUH-1548927/2021	2021-04-29	United Kingdom	genome	unknown	B.1.1.7	Alpha
7313	hCoV-19/Scotland/QEUH-1548E64/2021	2021-04-29	United Kingdom	genome	unknown	B.1.1.7	Alpha
7314	hCoV-19/Scotland/QEUH-1548CC4/2021	2021-04-29	United Kingdom	genome	unknown	B.1.1.7	Alpha
7315	hCoV-19/England/NORT-1BA5FE4/2021	2021-04-29	United Kingdom	genome	unknown	B.1.1.7	Alpha
7316	hCoV-19/England/NORT-1BA5E50/2021	2021-04-29	United Kingdom	genome	unknown	B.1.1.7	Alpha
7317	hCoV-19/England/NORT-1BA6727/2021	2021-04-29	United Kingdom	genome	unknown	B.1.1.7	Alpha
7318	hCoV-19/England/ALDP-154A442/2021	2021-04-29	United Kingdom	genome	unknown	B.1.1.7	Alpha
7319	hCoV-19/England/NORT-1BA5852/2021	2021-04-29	United Kingdom	genome	unknown	B.1.1.7	Alpha
7320	hCoV-19/England/NORT-1BA58BC/2021	2021-04-29	United Kingdom	genome	unknown	B.1.1.7	Alpha
7321	hCoV-19/England/NORT-1BA57BF/2021	2021-04-29	United Kingdom	genome	unknown	B.1.1.7	Alpha
7322	hCoV-19/England/LOND-128DF45/2021	2021-04-29	United Kingdom	genome	unknown	B.1.1.7	Alpha
7323	hCoV-19/England/LCST-24DDD92/2021	2021-04-29	United Kingdom	genome	unknown	B.1.1.7	Alpha
7324	hCoV-19/England/ALDP-154906D/2021	2021-04-29	United Kingdom	genome	unknown	B.1.1.7	Alpha
7325	hCoV-19/England/NORT-1BA4D72/2021	2021-04-29	United Kingdom	genome	unknown	B.1.1.7	Alpha
7326	hCoV-19/England/NORT-1BA4C93/2021	2021-04-29	United Kingdom	genome	unknown	B.1.1.7	Alpha
7327	hCoV-19/England/NORT-1BA5773/2021	2021-04-29	United Kingdom	genome	unknown	B.1.1.7	Alpha
7328	hCoV-19/England/QEUH-15497FF/2021	2021-04-29	United Kingdom	genome	unknown	B.1.1.7	Alpha
7329	hCoV-19/England/ALDP-1548FF8/2021	2021-04-29	United Kingdom	genome	unknown	B.1.1.7	Alpha
7330	hCoV-19/England/ALDP-154A48E/2021	2021-04-29	United Kingdom	genome	unknown	B.1.1.7	Alpha
7331	hCoV-19/England/ALDP-154D500/2021	2021-04-29	United Kingdom	genome	unknown	B.1.1.7	Alpha
7332	hCoV-19/England/ALDP-154D6C1/2021	2021-04-29	United Kingdom	genome	unknown	B.1.1.7	Alpha
7333	hCoV-19/England/ALDP-154DF99/2021	2021-04-29	United Kingdom	genome	unknown	B.1.1.7	Alpha
7334	hCoV-19/England/ALDP-154E03B/2021	2021-04-29	United Kingdom	genome	unknown	B.1.1.7	Alpha
7335	hCoV-19/England/ALDP-154CFD6/2021	2021-04-29	United Kingdom	genome	unknown	B.1.1.7	Alpha
7336	hCoV-19/England/ALDP-154D9F5/2021	2021-04-29	United Kingdom	genome	unknown	B.1.1.7	Alpha
7337	hCoV-19/England/ALDP-154DC29/2021	2021-04-29	United Kingdom	genome	unknown	B.1.1.7	Alpha
7338	hCoV-19/England/ALDP-154D49A/2021	2021-04-29	United Kingdom	genome	unknown	B.1.1.7	Alpha
7339	hCoV-19/England/NORT-1BBD909/2021	2021-04-29	United Kingdom	genome	unknown	B.1.1.7	Alpha
7340	hCoV-19/England/MILK-1559D54/2021	2021-04-29	United Kingdom	genome	unknown	B.1.1.7	Alpha
7341	hCoV-19/England/MILK-1551D98/2021	2021-04-29	United Kingdom	genome	unknown	B.1.1.7	Alpha
7342	hCoV-19/England/SHEF-10D9128/2021	2021-04-29	United Kingdom	genome	unknown	B.1.1.7	Alpha
7343	hCoV-19/England/ALDP-154E46C/2021	2021-04-29	United Kingdom	genome	unknown	B.1.1.7	Alpha
7344	hCoV-19/England/ALDP-154E6EE/2021	2021-04-29	United Kingdom	genome	unknown	B.1.1.7	Alpha
7345	hCoV-19/NorthernIreland/NIRE-003144/2021	2021-04-29	United Kingdom	genome	unknown	B.1.1.7	Alpha
7346	hCoV-19/England/MILK-1553033/2021	2021-04-29	United Kingdom	genome	unknown	B.1.1.7	Alpha
7347	hCoV-19/England/MILK-1552C7C/2021	2021-04-29	United Kingdom	genome	unknown	B.1.1.7	Alpha
7348	hCoV-19/England/ALDP-154E411/2021	2021-04-29	United Kingdom	genome	unknown	B.1.1.7	Alpha
7349	hCoV-19/England/RAND-1550CE7/2021	2021-04-29	United Kingdom	genome	unknown	B.1.1.7	Alpha
7350	hCoV-19/England/MILK-1553200/2021	2021-04-29	United Kingdom	genome	unknown	B.1.1.7	Alpha
7351	hCoV-19/England/MILK-1551C31/2021	2021-04-29	United Kingdom	genome	unknown	B.1.1.7	Alpha
7352	hCoV-19/England/MILK-155090E/2021	2021-04-29	United Kingdom	genome	unknown	B.1.1.7	Alpha
7353	hCoV-19/England/QEUH-154F4F2/2021	2021-04-30	United Kingdom	genome	unknown	B.1.1.7	Alpha
7354	hCoV-19/Wales/PHWC-PYRUH1/2021	2021-04-30	United Kingdom	genome	unknown	B.1.1.7	Alpha
7355	hCoV-19/Wales/PHWC-PYRWA3/2021	2021-04-30	United Kingdom	genome	unknown	B.1.1.7	Alpha
7356	hCoV-19/NorthernIreland/NIRE-00319e/2021	2021-04-30	United Kingdom	genome	unknown	B.1.1.7	Alpha
7357	hCoV-19/NorthernIreland/NIRE-003155/2021	2021-04-30	United Kingdom	genome	unknown	B.1.1.7	Alpha
7358	hCoV-19/England/ALDP-155140C/2021	2021-04-30	United Kingdom	genome	unknown	B.1.1.7	Alpha
7359	hCoV-19/England/MILK-15517D6/2021	2021-04-30	United Kingdom	genome	unknown	B.1.1.7	Alpha
7360	hCoV-19/England/ALDP-15511F6/2021	2021-04-30	United Kingdom	genome	unknown	B.1.1.7	Alpha
7361	hCoV-19/England/ALDP-1553DC3/2021	2021-04-30	United Kingdom	genome	unknown	B.1.1.7	Alpha
7362	hCoV-19/England/NORT-1BC1BDF/2021	2021-04-30	United Kingdom	genome	unknown	B.1.1.7	Alpha
7363	hCoV-19/England/RAND-1550CAB/2021	2021-04-30	United Kingdom	genome	unknown	B.1.1.7	Alpha
7364	hCoV-19/England/MILK-1550F0C/2021	2021-04-30	United Kingdom	genome	unknown	B.1.1.7	Alpha
7365	hCoV-19/England/ALDP-1553DF0/2021	2021-04-30	United Kingdom	genome	unknown	B.1.1.7	Alpha
7366	hCoV-19/England/MILK-1551BCB/2021	2021-04-30	United Kingdom	genome	unknown	B.1.1.7	Alpha
7367	hCoV-19/England/ALDP-1553E39/2021	2021-04-30	United Kingdom	genome	unknown	B.1.1.7	Alpha
7368	hCoV-19/England/MILK-15529C0/2021	2021-04-30	United Kingdom	genome	unknown	B.1.1.7	Alpha
7369	hCoV-19/England/MILK-1552C4F/2021	2021-04-30	United Kingdom	genome	unknown	B.1.1.7	Alpha
7370	hCoV-19/England/NORT-1BC20C0/2021	2021-04-30	United Kingdom	genome	unknown	B.1.1.7	Alpha
7371	hCoV-19/England/MILK-15518A6/2021	2021-04-30	United Kingdom	genome	unknown	B.1.1.7	Alpha
7372	hCoV-19/England/ALDP-1553D69/2021	2021-04-30	United Kingdom	genome	unknown	B.1.1.7	Alpha
7373	hCoV-19/England/ALDP-154D078/2021	2021-04-30	United Kingdom	genome	unknown	B.1.1.7	Alpha
7374	hCoV-19/England/NORT-1BA5BB3/2021	2021-04-30	United Kingdom	genome	unknown	B.1.1.7	Alpha
7375	hCoV-19/England/NORT-1BA5C29/2021	2021-04-30	United Kingdom	genome	unknown	B.1.1.7	Alpha
7376	hCoV-19/Scotland/QEUH-154EE22/2021	2021-04-30	United Kingdom	genome	unknown	B.1.1.7	Alpha
7377	hCoV-19/Scotland/QEUH-154ECBF/2021	2021-04-30	United Kingdom	genome	unknown	B.1.1.7	Alpha
7378	hCoV-19/Scotland/QEUH-154EF2F/2021	2021-04-30	United Kingdom	genome	unknown	B.1.1.7	Alpha
7379	hCoV-19/England/ALDP-154E147/2021	2021-04-30	United Kingdom	genome	unknown	B.1.1.7	Alpha
7380	hCoV-19/England/ALDP-154E165/2021	2021-04-30	United Kingdom	genome	unknown	B.1.1.7	Alpha
7381	hCoV-19/Scotland/QEUH-154EE40/2021	2021-04-30	United Kingdom	genome	unknown	B.1.1.7	Alpha
7382	hCoV-19/England/ALDP-154E305/2021	2021-04-30	United Kingdom	genome	unknown	B.1.1.7	Alpha
7383	hCoV-19/Scotland/QEUH-154C844/2021	2021-04-30	United Kingdom	genome	unknown	B.1.1.7	Alpha
7384	hCoV-19/Scotland/QEUH-154C49B/2021	2021-04-30	United Kingdom	genome	unknown	B.1.1.7	Alpha
7385	hCoV-19/Scotland/QEUH-154C5A7/2021	2021-04-30	United Kingdom	genome	unknown	B.1.1.7	Alpha
7386	hCoV-19/England/ALDP-154D245/2021	2021-04-30	United Kingdom	genome	unknown	B.1.1.7	Alpha
7387	hCoV-19/England/ALDP-154D737/2021	2021-04-30	United Kingdom	genome	unknown	B.1.1.7	Alpha
7388	hCoV-19/Scotland/QEUH-154C774/2021	2021-04-30	United Kingdom	genome	unknown	B.1.1.7	Alpha
7389	hCoV-19/Scotland/QEUH-154C783/2021	2021-04-30	United Kingdom	genome	unknown	B.1.1.7	Alpha
7390	hCoV-19/England/OXON-F81DB6/2021	2021-04-30	United Kingdom	genome	unknown	B.1.1.7	Alpha
7391	hCoV-19/England/NORW-232935/2021	2021-04-30	United Kingdom	genome	unknown	B.1.1.7	Alpha
7392	hCoV-19/England/HSLL-155A6B2/2021	2021-04-30	United Kingdom	genome	unknown	B.1.1.7	Alpha
7393	hCoV-19/England/ALDP-1555FF8/2021	2021-04-30	United Kingdom	genome	unknown	B.1.1.7	Alpha
7394	hCoV-19/England/MILK-1557DA1/2021	2021-04-30	United Kingdom	genome	unknown	B.1.1.7	Alpha
7395	hCoV-19/England/ALDP-15575D6/2021	2021-04-30	United Kingdom	genome	unknown	B.1.1.7	Alpha
7396	hCoV-19/England/NORT-1BC582F/2021	2021-04-30	United Kingdom	genome	unknown	B.1.1.7	Alpha
7397	hCoV-19/England/NORT-1BC5722/2021	2021-04-30	United Kingdom	genome	unknown	B.1.1.7	Alpha
7398	hCoV-19/NorthernIreland/NIRE-00317f/2021	2021-05-01	United Kingdom	genome	unknown	B.1.1.7	Alpha
7399	hCoV-19/England/MILK-1577A95/2021	2021-05-01	United Kingdom	genome	unknown	B.1.1.7	Alpha
7400	hCoV-19/England/NORT-1BBC269/2021	2021-05-01	United Kingdom	genome	unknown	B.1.1.7	Alpha
7401	hCoV-19/England/NORW-232892/2021	2021-05-01	United Kingdom	genome	unknown	B.1.1.7	Alpha
7402	hCoV-19/England/MILK-1556A14/2021	2021-05-01	United Kingdom	genome	unknown	B.1.1.7	Alpha
7403	hCoV-19/England/MILK-1556A23/2021	2021-05-01	United Kingdom	genome	unknown	B.1.1.7	Alpha
7404	hCoV-19/England/MILK-1556D48/2021	2021-05-01	United Kingdom	genome	unknown	B.1.1.7	Alpha
7405	hCoV-19/England/RAND-155F2B9/2021	2021-05-01	United Kingdom	genome	unknown	B.1.1.7	Alpha
7406	hCoV-19/England/ALDP-1556382/2021	2021-05-01	United Kingdom	genome	unknown	B.1.1.7	Alpha
7407	hCoV-19/England/QEUH-155C0B2/2021	2021-05-01	United Kingdom	genome	unknown	B.1.1.7	Alpha
7408	hCoV-19/Scotland/QEUH-156DAA1/2021	2021-05-01	United Kingdom	genome	unknown	B.1.1.7	Alpha
7409	hCoV-19/England/MILK-156B821/2021	2021-05-01	United Kingdom	genome	unknown	B.1.1.7	Alpha
7410	hCoV-19/Scotland/QEUH-1550A83/2021	2021-05-01	United Kingdom	genome	unknown	B.1.1.7	Alpha
7411	hCoV-19/Scotland/QEUH-1550AFC/2021	2021-05-01	United Kingdom	genome	unknown	B.1.1.7	Alpha
7412	hCoV-19/Scotland/QEUH-1550ACF/2021	2021-05-01	United Kingdom	genome	unknown	B.1.1.7	Alpha
7413	hCoV-19/Scotland/QEUH-154F45C/2021	2021-05-01	United Kingdom	genome	unknown	B.1.1.7	Alpha
7414	hCoV-19/England/NORT-1BA6639/2021	2021-05-01	United Kingdom	genome	unknown	B.1.1.7	Alpha
7415	hCoV-19/England/NORT-1BA66B1/2021	2021-05-01	United Kingdom	genome	unknown	B.1.1.7	Alpha
7416	hCoV-19/England/NORT-1BA65C3/2021	2021-05-01	United Kingdom	genome	unknown	B.1.1.7	Alpha
7417	hCoV-19/England/ALDP-1551008/2021	2021-05-01	United Kingdom	genome	unknown	B.1.1.7	Alpha
7418	hCoV-19/Scotland/QEUH-154F780/2021	2021-05-01	United Kingdom	genome	unknown	B.1.1.7	Alpha
7419	hCoV-19/Scotland/QEUH-1550A56/2021	2021-05-01	United Kingdom	genome	unknown	B.1.1.7	Alpha
7420	hCoV-19/Scotland/QEUH-154F39B/2021	2021-05-01	United Kingdom	genome	unknown	B.1.1.7	Alpha
7421	hCoV-19/England/MILK-1555866/2021	2021-05-01	United Kingdom	genome	unknown	B.1.1.7	Alpha
7422	hCoV-19/England/HSLL-15526BA/2021	2021-05-01	United Kingdom	genome	unknown	B.1.1.7	Alpha
7423	hCoV-19/England/ALDP-1557A04/2021	2021-05-01	United Kingdom	genome	unknown	B.1.1.7	Alpha
7424	hCoV-19/England/ALDP-155756D/2021	2021-05-01	United Kingdom	genome	unknown	B.1.1.7	Alpha
7425	hCoV-19/England/NORT-1BC1AD2/2021	2021-05-02	United Kingdom	genome	unknown	B.1.1.7	Alpha
7426	hCoV-19/England/ALDP-156F2B6/2021	2021-05-02	United Kingdom	genome	unknown	B.1.1.7	Alpha
7427	hCoV-19/England/NORT-1BC4E3D/2021	2021-05-02	United Kingdom	genome	unknown	B.1.1.7	Alpha
7428	hCoV-19/Scotland/QEUH-1554BE6/2021	2021-05-02	United Kingdom	genome	unknown	B.1.1.7	Alpha
7429	hCoV-19/Scotland/QEUH-155507D/2021	2021-05-02	United Kingdom	genome	unknown	B.1.1.7	Alpha
7430	hCoV-19/Scotland/QEUH-1554DFF/2021	2021-05-02	United Kingdom	genome	unknown	B.1.1.7	Alpha
7431	hCoV-19/England/QEUH-155C094/2021	2021-05-02	United Kingdom	genome	unknown	B.1.1.7	Alpha
7432	hCoV-19/England/MILK-1555BD6/2021	2021-05-02	United Kingdom	genome	unknown	B.1.1.7	Alpha
7433	hCoV-19/England/MILK-1555AE8/2021	2021-05-02	United Kingdom	genome	unknown	B.1.1.7	Alpha
7434	hCoV-19/England/ALDP-1559E51/2021	2021-05-02	United Kingdom	genome	unknown	B.1.1.7	Alpha
7435	hCoV-19/England/ALDP-155A087/2021	2021-05-02	United Kingdom	genome	unknown	B.1.1.7	Alpha
7436	hCoV-19/England/RAND-1555D0D/2021	2021-05-02	United Kingdom	genome	unknown	B.1.1.7	Alpha
7437	hCoV-19/Scotland/QEUH-1554F9F/2021	2021-05-02	United Kingdom	genome	unknown	B.1.1.7	Alpha
7438	hCoV-19/England/QEUH-155C137/2021	2021-05-02	United Kingdom	genome	unknown	B.1.1.7	Alpha
7439	hCoV-19/England/ALDP-1556346/2021	2021-05-02	United Kingdom	genome	unknown	B.1.1.7	Alpha
7440	hCoV-19/England/RAND-155AD80/2021	2021-05-02	United Kingdom	genome	unknown	B.1.1.7	Alpha
7441	hCoV-19/England/NORT-1BB7ADF/2021	2021-05-02	United Kingdom	genome	unknown	B.1.1.7	Alpha
7442	hCoV-19/England/ALDP-1558F9B/2021	2021-05-02	United Kingdom	genome	unknown	B.1.1.7	Alpha
7443	hCoV-19/Scotland/QEUH-15592EC/2021	2021-05-03	United Kingdom	genome	unknown	B.1.1.7	Alpha
7444	hCoV-19/England/ALDP-155D154/2021	2021-05-03	United Kingdom	genome	unknown	B.1.1.7	Alpha
7445	hCoV-19/England/ALDP-155D1DC/2021	2021-05-03	United Kingdom	genome	unknown	B.1.1.7	Alpha
7446	hCoV-19/England/ALDP-155C5B3/2021	2021-05-03	United Kingdom	genome	unknown	B.1.1.7	Alpha
7447	hCoV-19/Scotland/QEUH-15595D4/2021	2021-05-03	United Kingdom	genome	unknown	B.1.1.7	Alpha
7448	hCoV-19/England/MILK-1555611/2021	2021-05-03	United Kingdom	genome	unknown	B.1.1.7	Alpha
7449	hCoV-19/England/QEUH-155961D/2021	2021-05-03	United Kingdom	genome	unknown	B.1.1.7	Alpha
7450	hCoV-19/England/MILK-1559D63/2021	2021-05-03	United Kingdom	genome	unknown	B.1.1.7	Alpha
7451	hCoV-19/England/ALDP-1559FA9/2021	2021-05-03	United Kingdom	genome	unknown	B.1.1.7	Alpha
7452	hCoV-19/England/ALDP-155A1EE/2021	2021-05-03	United Kingdom	genome	unknown	B.1.1.7	Alpha
7453	hCoV-19/England/MILK-15597ED/2021	2021-05-03	United Kingdom	genome	unknown	B.1.1.7	Alpha
7454	hCoV-19/England/MILK-1559A11/2021	2021-05-03	United Kingdom	genome	unknown	B.1.1.7	Alpha
7455	hCoV-19/England/MILK-1559C66/2021	2021-05-03	United Kingdom	genome	unknown	B.1.1.7	Alpha
7456	hCoV-19/England/MILK-1555550/2021	2021-05-03	United Kingdom	genome	unknown	B.1.1.7	Alpha
7457	hCoV-19/England/ALDP-155A281/2021	2021-05-03	United Kingdom	genome	unknown	B.1.1.7	Alpha
7458	hCoV-19/England/ALDP-155A1C0/2021	2021-05-03	United Kingdom	genome	unknown	B.1.1.7	Alpha
7459	hCoV-19/England/MILK-15597DE/2021	2021-05-03	United Kingdom	genome	unknown	B.1.1.7	Alpha
7460	hCoV-19/England/ALDP-1558E70/2021	2021-05-03	United Kingdom	genome	unknown	B.1.1.7	Alpha
7461	hCoV-19/England/ALDP-155B1CF/2021	2021-05-03	United Kingdom	genome	unknown	B.1.1.7	Alpha
7462	hCoV-19/England/QEUH-155C1EC/2021	2021-05-03	United Kingdom	genome	unknown	B.1.1.7	Alpha
7463	hCoV-19/Scotland/QEUH-155B6EE/2021	2021-05-03	United Kingdom	genome	unknown	B.1.1.7	Alpha
7464	hCoV-19/Scotland/QEUH-155B499/2021	2021-05-03	United Kingdom	genome	unknown	B.1.1.7	Alpha
7465	hCoV-19/Scotland/QEUH-155B7AF/2021	2021-05-03	United Kingdom	genome	unknown	B.1.1.7	Alpha
7466	hCoV-19/Scotland/QEUH-155B2CC/2021	2021-05-03	United Kingdom	genome	unknown	B.1.1.7	Alpha
7467	hCoV-19/Scotland/QEUH-155B4F3/2021	2021-05-03	United Kingdom	genome	unknown	B.1.1.7	Alpha
7468	hCoV-19/England/QEUH-155C401/2021	2021-05-03	United Kingdom	genome	unknown	B.1.1.7	Alpha
7469	hCoV-19/England/MILK-15581FF/2021	2021-05-03	United Kingdom	genome	unknown	B.1.1.7	Alpha
7470	hCoV-19/England/MILK-15585B7/2021	2021-05-03	United Kingdom	genome	unknown	B.1.1.7	Alpha
7471	hCoV-19/England/MILK-155804D/2021	2021-05-03	United Kingdom	genome	unknown	B.1.1.7	Alpha
7472	hCoV-19/England/NORT-1BB6DD7/2021	2021-05-03	United Kingdom	genome	unknown	B.1.1.7	Alpha
7473	hCoV-19/England/NORT-1BB6C52/2021	2021-05-03	United Kingdom	genome	unknown	B.1.1.7	Alpha
7474	hCoV-19/England/NORT-1BB6C16/2021	2021-05-03	United Kingdom	genome	unknown	B.1.1.7	Alpha
7475	hCoV-19/England/NORT-1BB6FD1/2021	2021-05-03	United Kingdom	genome	unknown	B.1.1.7	Alpha
7476	hCoV-19/Scotland/QEUH-155CDD9/2021	2021-05-03	United Kingdom	genome	unknown	B.1.1.7	Alpha
7477	hCoV-19/Scotland/QEUH-15BFAEC/2021	2021-05-03	United Kingdom	genome	unknown	B.1.1.7	Alpha
7478	hCoV-19/England/ALDP-156C1E9/2021	2021-05-03	United Kingdom	genome	unknown	B.1.1.7	Alpha
7479	hCoV-19/England/MILK-156C741/2021	2021-05-03	United Kingdom	genome	unknown	B.1.1.7	Alpha
7480	hCoV-19/England/HSLL-155AB1D/2021	2021-05-04	United Kingdom	genome	unknown	B.1.1.7	Alpha
7481	hCoV-19/Scotland/QEUH-155CCCD/2021	2021-05-04	United Kingdom	genome	unknown	B.1.1.7	Alpha
7482	hCoV-19/England/MILK-155D96B/2021	2021-05-04	United Kingdom	genome	unknown	B.1.1.7	Alpha
7483	hCoV-19/England/HSLL-155AB86/2021	2021-05-04	United Kingdom	genome	unknown	B.1.1.7	Alpha
7484	hCoV-19/Scotland/QEUH-155CEF4/2021	2021-05-04	United Kingdom	genome	unknown	B.1.1.7	Alpha
7485	hCoV-19/Scotland/QEUH-155CA69/2021	2021-05-04	United Kingdom	genome	unknown	B.1.1.7	Alpha
7486	hCoV-19/Scotland/QEUH-155CDCA/2021	2021-05-04	United Kingdom	genome	unknown	B.1.1.7	Alpha
7487	hCoV-19/Scotland/QEUH-155CD7F/2021	2021-05-04	United Kingdom	genome	unknown	B.1.1.7	Alpha
7488	hCoV-19/Scotland/QEUH-155CCAF/2021	2021-05-04	United Kingdom	genome	unknown	B.1.1.7	Alpha
7489	hCoV-19/Wales/ALDP-155C98A/2021	2021-05-04	United Kingdom	genome	unknown	B.1.1.7	Alpha
7490	hCoV-19/England/HSLL-155ABC2/2021	2021-05-04	United Kingdom	genome	unknown	B.1.1.7	Alpha
7491	hCoV-19/England/MILK-155D901/2021	2021-05-04	United Kingdom	genome	unknown	B.1.1.7	Alpha
7492	hCoV-19/England/ALDP-155C577/2021	2021-05-04	United Kingdom	genome	unknown	B.1.1.7	Alpha
7493	hCoV-19/Scotland/QEUH-155C207/2021	2021-05-04	United Kingdom	genome	unknown	B.1.1.7	Alpha
7494	hCoV-19/England/MILK-155BAC4/2021	2021-05-04	United Kingdom	genome	unknown	B.1.1.7	Alpha
7495	hCoV-19/England/ALDP-155DC26/2021	2021-05-04	United Kingdom	genome	unknown	B.1.1.7	Alpha
7496	hCoV-19/Scotland/QEUH-155CAF0/2021	2021-05-04	United Kingdom	genome	unknown	B.1.1.7	Alpha
7497	hCoV-19/England/ALDP-156173D/2021	2021-05-04	United Kingdom	genome	unknown	B.1.1.7	Alpha
7498	hCoV-19/England/ALDP-156167C/2021	2021-05-04	United Kingdom	genome	unknown	B.1.1.7	Alpha
7499	hCoV-19/England/ALDP-155E047/2021	2021-05-04	United Kingdom	genome	unknown	B.1.1.7	Alpha
7500	hCoV-19/England/MILK-155D716/2021	2021-05-04	United Kingdom	genome	unknown	B.1.1.7	Alpha
7501	hCoV-19/England/MILK-155BD8F/2021	2021-05-04	United Kingdom	genome	unknown	B.1.1.7	Alpha
7502	hCoV-19/England/ALDP-155DCEA/2021	2021-05-04	United Kingdom	genome	unknown	B.1.1.7	Alpha
7503	hCoV-19/England/MILK-155BCBF/2021	2021-05-04	United Kingdom	genome	unknown	B.1.1.7	Alpha
7504	hCoV-19/England/MILK-155BC46/2021	2021-05-04	United Kingdom	genome	unknown	B.1.1.7	Alpha
7505	hCoV-19/England/MILK-155BCA0/2021	2021-05-04	United Kingdom	genome	unknown	B.1.1.7	Alpha
7506	hCoV-19/England/ALDP-155C920/2021	2021-05-04	United Kingdom	genome	unknown	B.1.1.7	Alpha
7507	hCoV-19/Scotland/QEUH-156D995/2021	2021-05-04	United Kingdom	genome	unknown	B.1.1.7	Alpha
7508	hCoV-19/Wales/PHWC-PYRWRN/2021	2021-05-04	United Kingdom	genome	unknown	B.1.1.7	Alpha
7509	hCoV-19/England/MILK-156ECF5/2021	2021-05-04	United Kingdom	genome	unknown	B.1.1.7	Alpha
7510	hCoV-19/England/NORT-1BBA76C/2021	2021-05-04	United Kingdom	genome	unknown	B.1.1.7	Alpha
7511	hCoV-19/England/NORT-1BB9BDA/2021	2021-05-04	United Kingdom	genome	unknown	B.1.1.7	Alpha
7512	hCoV-19/England/NORT-1BB9BE9/2021	2021-05-04	United Kingdom	genome	unknown	B.1.1.7	Alpha
7513	hCoV-19/England/NORT-1BB73A7/2021	2021-05-04	United Kingdom	genome	unknown	B.1.1.7	Alpha
7514	hCoV-19/NorthernIreland/NIRE-003214/2021	2021-05-04	United Kingdom	genome	unknown	B.1.1.7	Alpha
7515	hCoV-19/England/NORT-1BB7389/2021	2021-05-04	United Kingdom	genome	unknown	B.1.1.7	Alpha
7516	hCoV-19/England/NORT-1BB7547/2021	2021-05-04	United Kingdom	genome	unknown	B.1.1.7	Alpha
7517	hCoV-19/England/MILK-156B78E/2021	2021-05-04	United Kingdom	genome	unknown	B.1.1.7	Alpha
7518	hCoV-19/England/MILK-156B584/2021	2021-05-04	United Kingdom	genome	unknown	B.1.1.7	Alpha
7519	hCoV-19/England/MILK-156B706/2021	2021-05-04	United Kingdom	genome	unknown	B.1.1.7	Alpha
7520	hCoV-19/England/NORT-1BB7D5E/2021	2021-05-04	United Kingdom	genome	unknown	B.1.1.7	Alpha
7521	hCoV-19/England/NORT-1BB7DC7/2021	2021-05-04	United Kingdom	genome	unknown	B.1.1.7	Alpha
7522	hCoV-19/England/NORT-1BBB5AD/2021	2021-05-04	United Kingdom	genome	unknown	B.1.1.7	Alpha
7523	hCoV-19/England/MILK-156C802/2021	2021-05-04	United Kingdom	genome	unknown	B.1.1.7	Alpha
7524	hCoV-19/England/MILK-156B663/2021	2021-05-04	United Kingdom	genome	unknown	B.1.1.7	Alpha
7525	hCoV-19/England/MILK-156B575/2021	2021-05-04	United Kingdom	genome	unknown	B.1.1.7	Alpha
7526	hCoV-19/NorthernIreland/RAND-155F978/2021	2021-05-04	United Kingdom	genome	unknown	B.1.1.7	Alpha
7527	hCoV-19/England/MILK-156B654/2021	2021-05-04	United Kingdom	genome	unknown	B.1.1.7	Alpha
7528	hCoV-19/England/NORT-1BC3C07/2021	2021-05-04	United Kingdom	genome	unknown	B.1.1.7	Alpha
7529	hCoV-19/Scotland/QEUH-156DD6C/2021	2021-05-04	United Kingdom	genome	unknown	B.1.1.7	Alpha
7530	hCoV-19/England/ALDP-156ADBA/2021	2021-05-04	United Kingdom	genome	unknown	B.1.1.7	Alpha
7531	hCoV-19/England/NORT-1BB78A8/2021	2021-05-04	United Kingdom	genome	unknown	B.1.1.7	Alpha
7532	hCoV-19/England/MILK-157BE0E/2021	2021-05-04	United Kingdom	genome	unknown	B.1.1.7	Alpha
7533	hCoV-19/England/NORT-1BB7A1B/2021	2021-05-04	United Kingdom	genome	unknown	B.1.1.7	Alpha
7534	hCoV-19/England/NORT-1BB79B4/2021	2021-05-04	United Kingdom	genome	unknown	B.1.1.7	Alpha
7535	hCoV-19/England/MILK-156DF0C/2021	2021-05-05	United Kingdom	genome	unknown	B.1.1.7	Alpha
7536	hCoV-19/England/MILK-156D221/2021	2021-05-05	United Kingdom	genome	unknown	B.1.1.7	Alpha
7537	hCoV-19/England/MILK-156CC51/2021	2021-05-05	United Kingdom	genome	unknown	B.1.1.7	Alpha
7538	hCoV-19/England/ALDP-156EFFC/2021	2021-05-05	United Kingdom	genome	unknown	B.1.1.7	Alpha
7539	hCoV-19/England/MILK-156E77C/2021	2021-05-05	United Kingdom	genome	unknown	B.1.1.7	Alpha
7540	hCoV-19/England/MILK-156E4DF/2021	2021-05-05	United Kingdom	genome	unknown	B.1.1.7	Alpha
7541	hCoV-19/England/ALDP-156F571/2021	2021-05-05	United Kingdom	genome	unknown	B.1.1.7	Alpha
7542	hCoV-19/England/MILK-156EEA4/2021	2021-05-05	United Kingdom	genome	unknown	B.1.1.7	Alpha
7543	hCoV-19/England/MILK-156E606/2021	2021-05-05	United Kingdom	genome	unknown	B.1.1.7	Alpha
7544	hCoV-19/England/MILK-156E008/2021	2021-05-05	United Kingdom	genome	unknown	B.1.1.7	Alpha
7545	hCoV-19/Wales/PHWC-PYRAES/2021	2021-05-05	United Kingdom	genome	unknown	B.1.1.7	Alpha
7546	hCoV-19/Scotland/QEUH-156DBDB/2021	2021-05-05	United Kingdom	genome	unknown	B.1.1.7	Alpha
7547	hCoV-19/England/ALDP-156CCBB/2021	2021-05-05	United Kingdom	genome	unknown	B.1.1.7	Alpha
7548	hCoV-19/England/ALDP-156CEF1/2021	2021-05-05	United Kingdom	genome	unknown	B.1.1.7	Alpha
7549	hCoV-19/England/NORT-1BC54A3/2021	2021-05-05	United Kingdom	genome	unknown	B.1.1.7	Alpha
7550	hCoV-19/England/NORT-1BC4F94/2021	2021-05-05	United Kingdom	genome	unknown	B.1.1.7	Alpha
7551	hCoV-19/England/NORT-1BC49E1/2021	2021-05-05	United Kingdom	genome	unknown	B.1.1.7	Alpha
7552	hCoV-19/England/RAND-1561EFC/2021	2021-05-05	United Kingdom	genome	unknown	B.1.1.7	Alpha
7553	hCoV-19/England/NORT-1BC519D/2021	2021-05-05	United Kingdom	genome	unknown	B.1.1.7	Alpha
7554	hCoV-19/Scotland/QEUH-156D634/2021	2021-05-05	United Kingdom	genome	unknown	B.1.1.7	Alpha
7555	hCoV-19/Scotland/QEUH-156D6DA/2021	2021-05-05	United Kingdom	genome	unknown	B.1.1.7	Alpha
7556	hCoV-19/England/NORT-1BC6439/2021	2021-05-05	United Kingdom	genome	unknown	B.1.1.7	Alpha
7557	hCoV-19/England/NORT-1BC6624/2021	2021-05-05	United Kingdom	genome	unknown	B.1.1.7	Alpha
7558	hCoV-19/Scotland/QEUH-156D78C/2021	2021-05-05	United Kingdom	genome	unknown	B.1.1.7	Alpha
7559	hCoV-19/England/MILK-156D24F/2021	2021-05-05	United Kingdom	genome	unknown	B.1.1.7	Alpha
7560	hCoV-19/Wales/ALDP-155FEB5/2021	2021-05-05	United Kingdom	genome	unknown	B.1.1.7	Alpha
7561	hCoV-19/England/QEUH-1564925/2021	2021-05-05	United Kingdom	genome	unknown	B.1.1.7	Alpha
7562	hCoV-19/England/ALDP-1563012/2021	2021-05-05	United Kingdom	genome	unknown	B.1.1.7	Alpha
7563	hCoV-19/Scotland/QEUH-156562D/2021	2021-05-05	United Kingdom	genome	unknown	B.1.1.7	Alpha
7564	hCoV-19/England/MILK-1567922/2021	2021-05-05	United Kingdom	genome	unknown	B.1.1.7	Alpha
7565	hCoV-19/England/MILK-156EC04/2021	2021-05-05	United Kingdom	genome	unknown	B.1.1.7	Alpha
7566	hCoV-19/England/ALDP-156F25C/2021	2021-05-05	United Kingdom	genome	unknown	B.1.1.7	Alpha
7567	hCoV-19/Scotland/QEUH-156D85C/2021	2021-05-05	United Kingdom	genome	unknown	B.1.1.7	Alpha
7568	hCoV-19/Scotland/QEUH-1566079/2021	2021-05-05	United Kingdom	genome	unknown	B.1.1.7	Alpha
7569	hCoV-19/Scotland/QEUH-1566167/2021	2021-05-05	United Kingdom	genome	unknown	B.1.1.7	Alpha
7570	hCoV-19/Scotland/QEUH-1568E7D/2021	2021-05-05	United Kingdom	genome	unknown	B.1.1.7	Alpha
7571	hCoV-19/England/MILK-156EF92/2021	2021-05-05	United Kingdom	genome	unknown	Q.1	Alpha
7572	hCoV-19/England/ALDP-156B51B/2021	2021-05-05	United Kingdom	genome	unknown	B.1.1.7	Alpha
7573	hCoV-19/England/ALDP-1562F07/2021	2021-05-05	United Kingdom	genome	unknown	B.1.1.7	Alpha
7574	hCoV-19/NorthernIreland/NIRE-003251/2021	2021-05-05	United Kingdom	genome	unknown	B.1.1.7	Alpha
7575	hCoV-19/NorthernIreland/NIRE-003228/2021	2021-05-05	United Kingdom	genome	unknown	B.1.1.7	Alpha
7576	hCoV-19/NorthernIreland/NIRE-003229/2021	2021-05-05	United Kingdom	genome	unknown	B.1.1.7	Alpha
7577	hCoV-19/NorthernIreland/NIRE-003227/2021	2021-05-05	United Kingdom	genome	unknown	B.1.1.7	Alpha
7578	hCoV-19/NorthernIreland/RAND-155F213/2021	2021-05-05	United Kingdom	genome	unknown	B.1.1.7	Alpha
7579	hCoV-19/England/ALDP-1560DC3/2021	2021-05-05	United Kingdom	genome	unknown	B.1.1.7	Alpha
7580	hCoV-19/England/ALDP-155FB72/2021	2021-05-05	United Kingdom	genome	unknown	B.1.1.7	Alpha
7581	hCoV-19/Scotland/QEUH-15BF76D/2021	2021-05-05	United Kingdom	genome	unknown	B.1.1.7	Alpha
7582	hCoV-19/Scotland/QEUH-15BFB61/2021	2021-05-05	United Kingdom	genome	unknown	B.1.1.7	Alpha
7583	hCoV-19/Scotland/GGC302/2021	2021-05-06	United Kingdom	genome	unknown	B.1.1.7	Alpha
7584	hCoV-19/NorthernIreland/NIRE-0032ac/2021	2021-05-06	United Kingdom	genome	unknown	B.1.1.7	Alpha
7585	hCoV-19/England/ALDP-15621E3/2021	2021-05-06	United Kingdom	genome	unknown	B.1.1.7	Alpha
7586	hCoV-19/England/ALDP-15624CC/2021	2021-05-06	United Kingdom	genome	unknown	B.1.1.7	Alpha
7587	hCoV-19/England/ALDP-1562D85/2021	2021-05-06	United Kingdom	genome	unknown	B.1.1.7	Alpha
7588	hCoV-19/England/ALDP-15628C0/2021	2021-05-06	United Kingdom	genome	unknown	B.1.1.7	Alpha
7589	hCoV-19/England/ALDP-156266C/2021	2021-05-06	United Kingdom	genome	unknown	B.1.1.7	Alpha
7590	hCoV-19/England/ALDP-1562D58/2021	2021-05-06	United Kingdom	genome	unknown	B.1.1.7	Alpha
7591	hCoV-19/England/RAND-1561D59/2021	2021-05-06	United Kingdom	genome	unknown	B.1.1.7	Alpha
7592	hCoV-19/England/MILK-15642C0/2021	2021-05-06	United Kingdom	genome	unknown	B.1.1.7	Alpha
7593	hCoV-19/England/ALDP-1562F43/2021	2021-05-06	United Kingdom	genome	unknown	B.1.1.7	Alpha
7594	hCoV-19/NorthernIreland/NIRE-003278/2021	2021-05-06	United Kingdom	genome	unknown	B.1.1.7	Alpha
7595	hCoV-19/Wales/PHWC-PYR5XF/2021	2021-05-06	United Kingdom	genome	unknown	B.1.1.7	Alpha
7596	hCoV-19/Wales/PHWC-PYR4BN/2021	2021-05-06	United Kingdom	genome	unknown	B.1.1.7	Alpha
7597	hCoV-19/Wales/PHWC-PYR4EW/2021	2021-05-06	United Kingdom	genome	unknown	B.1.1.7	Alpha
7598	hCoV-19/England/ALDP-1564011/2021	2021-05-06	United Kingdom	genome	unknown	B.1.1.7	Alpha
7599	hCoV-19/England/MILK-156454F/2021	2021-05-06	United Kingdom	genome	unknown	B.1.1.7	Alpha
7600	hCoV-19/England/RAND-1563319/2021	2021-05-06	United Kingdom	genome	unknown	B.1.1.7	Alpha
7601	hCoV-19/England/MILK-15643BE/2021	2021-05-06	United Kingdom	genome	unknown	B.1.1.7	Alpha
7602	hCoV-19/England/MILK-156D142/2021	2021-05-06	United Kingdom	genome	unknown	B.1.1.7	Alpha
7603	hCoV-19/England/ALDP-1569F3D/2021	2021-05-06	United Kingdom	genome	unknown	B.1.1.7	Alpha
7604	hCoV-19/Scotland/QEUH-1565F22/2021	2021-05-06	United Kingdom	genome	unknown	B.1.1.7	Alpha
7605	hCoV-19/England/PHEC-30D5C5/2021	2021-05-06	United Kingdom	genome	unknown	B.1.1.7	Alpha
7606	hCoV-19/England/ALDP-1561F17/2021	2021-05-06	United Kingdom	genome	unknown	B.1.1.7	Alpha
7607	hCoV-19/England/ALDP-1562778/2021	2021-05-06	United Kingdom	genome	unknown	B.1.1.7	Alpha
7608	hCoV-19/England/ALDP-156A78F/2021	2021-05-06	United Kingdom	genome	unknown	B.1.1.7	Alpha
7609	hCoV-19/Scotland/QEUH-1566F7C/2021	2021-05-06	United Kingdom	genome	unknown	B.1.1.7	Alpha
7610	hCoV-19/Scotland/QEUH-1566DEB/2021	2021-05-06	United Kingdom	genome	unknown	B.1.1.7	Alpha
7611	hCoV-19/England/ALDP-15614AF/2021	2021-05-06	United Kingdom	genome	unknown	B.1.1.7	Alpha
7612	hCoV-19/Scotland/QEUH-156604C/2021	2021-05-06	United Kingdom	genome	unknown	B.1.1.7	Alpha
7613	hCoV-19/England/ALDP-1569E9A/2021	2021-05-06	United Kingdom	genome	unknown	B.1.1.7	Alpha
7614	hCoV-19/England/ALDP-156A048/2021	2021-05-06	United Kingdom	genome	unknown	B.1.1.7	Alpha
7615	hCoV-19/Scotland/QEUH-156613A/2021	2021-05-06	United Kingdom	genome	unknown	B.1.1.7	Alpha
7616	hCoV-19/England/MILK-1560983/2021	2021-05-06	United Kingdom	genome	unknown	B.1.1.7	Alpha
7617	hCoV-19/England/MILK-15607A7/2021	2021-05-06	United Kingdom	genome	unknown	B.1.1.7	Alpha
7618	hCoV-19/England/ALDP-155FF67/2021	2021-05-06	United Kingdom	genome	unknown	B.1.1.7	Alpha
7619	hCoV-19/England/NORT-1BB80CD/2021	2021-05-06	United Kingdom	genome	unknown	B.1.1.7	Alpha
7620	hCoV-19/Scotland/EDB17898/2021	2021-05-06	United Kingdom	genome	unknown	B.1.1.7	Alpha
7621	hCoV-19/England/MILK-15693D7/2021	2021-05-06	United Kingdom	genome	unknown	B.1.1.7	Alpha
7622	hCoV-19/England/NORT-1BB8054/2021	2021-05-06	United Kingdom	genome	unknown	B.1.1.7	Alpha
7623	hCoV-19/England/MILK-156D072/2021	2021-05-06	United Kingdom	genome	unknown	B.1.1.7	Alpha
7624	hCoV-19/England/NORT-1BB831F/2021	2021-05-06	United Kingdom	genome	unknown	B.1.1.7	Alpha
7625	hCoV-19/England/NORT-1BA7322/2021	2021-05-06	United Kingdom	genome	unknown	B.1.1.7	Alpha
7626	hCoV-19/England/NORT-1BB83A6/2021	2021-05-06	United Kingdom	genome	unknown	B.1.1.7	Alpha
7627	hCoV-19/England/NORT-2A1913/2021	2021-05-06	United Kingdom	genome	unknown	B.1.1.7	Alpha
7628	hCoV-19/England/ALDP-1571767/2021	2021-05-06	United Kingdom	genome	unknown	B.1.1.7	Alpha
7629	hCoV-19/England/MILK-1567F20/2021	2021-05-07	United Kingdom	genome	unknown	B.1.1.7	Alpha
7630	hCoV-19/England/ALDP-1569902/2021	2021-05-07	United Kingdom	genome	unknown	B.1.1.7	Alpha
7631	hCoV-19/England/ALDP-156A2E8/2021	2021-05-07	United Kingdom	genome	unknown	B.1.1.7	Alpha
7632	hCoV-19/England/ALDP-156A7AD/2021	2021-05-07	United Kingdom	genome	unknown	B.1.1.7	Alpha
7633	hCoV-19/England/ALDP-156A215/2021	2021-05-07	United Kingdom	genome	unknown	B.1.1.7	Alpha
7634	hCoV-19/NorthernIreland/NIRE-0032df/2021	2021-05-07	United Kingdom	genome	unknown	B.1.1.7	Alpha
7635	hCoV-19/England/ALDP-156A79E/2021	2021-05-07	United Kingdom	genome	unknown	B.1.1.7	Alpha
7636	hCoV-19/England/QEUH-1563F42/2021	2021-05-07	United Kingdom	genome	unknown	B.1.1.7	Alpha
7637	hCoV-19/England/MILK-1567737/2021	2021-05-07	United Kingdom	genome	unknown	B.1.1.7	Alpha
7638	hCoV-19/Scotland/QEUH-1563E90/2021	2021-05-07	United Kingdom	genome	unknown	B.1.1.7	Alpha
7639	hCoV-19/NorthernIreland/NIRE-003301/2021	2021-05-07	United Kingdom	genome	unknown	B.1.1.7	Alpha
7640	hCoV-19/England/MILK-1567D08/2021	2021-05-07	United Kingdom	genome	unknown	B.1.1.7	Alpha
7641	hCoV-19/England/MILK-1563874/2021	2021-05-07	United Kingdom	genome	unknown	B.1.1.7	Alpha
7642	hCoV-19/England/MILK-1565739/2021	2021-05-07	United Kingdom	genome	unknown	B.1.1.7	Alpha
7643	hCoV-19/England/MILK-15639AE/2021	2021-05-07	United Kingdom	genome	unknown	B.1.1.7	Alpha
7644	hCoV-19/England/LOND-128E524/2021	2021-05-07	United Kingdom	genome	unknown	B.1.1.7	Alpha
7645	hCoV-19/England/MILK-1567B3B/2021	2021-05-07	United Kingdom	genome	unknown	B.1.1.7	Alpha
7646	hCoV-19/England/MILK-1567CCF/2021	2021-05-07	United Kingdom	genome	unknown	B.1.1.7	Alpha
7647	hCoV-19/England/MILK-156789E/2021	2021-05-07	United Kingdom	genome	unknown	B.1.1.7	Alpha
7648	hCoV-19/England/WSFT-25D4BEB/2021	2021-05-07	United Kingdom	genome	unknown	B.1.1.7	Alpha
7649	hCoV-19/England/MILK-15659AC/2021	2021-05-07	United Kingdom	genome	unknown	B.1.1.7	Alpha
7650	hCoV-19/England/MILK-1567C65/2021	2021-05-07	United Kingdom	genome	unknown	B.1.1.7	Alpha
7651	hCoV-19/England/MILK-1565CFE/2021	2021-05-07	United Kingdom	genome	unknown	B.1.1.7	Alpha
7652	hCoV-19/England/QEUH-1563A50/2021	2021-05-07	United Kingdom	genome	unknown	B.1.1.7	Alpha
7653	hCoV-19/England/MILK-1564C1D/2021	2021-05-07	United Kingdom	genome	unknown	B.1.1.7	Alpha
7654	hCoV-19/England/MILK-156504D/2021	2021-05-07	United Kingdom	genome	unknown	B.1.1.7	Alpha
7655	hCoV-19/England/MILK-1564D0B/2021	2021-05-07	United Kingdom	genome	unknown	B.1.1.7	Alpha
7656	hCoV-19/NorthernIreland/NIRE-003294/2021	2021-05-07	United Kingdom	genome	unknown	B.1.1.7	Alpha
7657	hCoV-19/England/MILK-1564BA7/2021	2021-05-07	United Kingdom	genome	unknown	B.1.1.7	Alpha
7658	hCoV-19/England/ALDP-1573A11/2021	2021-05-07	United Kingdom	genome	unknown	B.1.1.7	Alpha
7659	hCoV-19/Scotland/QEUH-1568772/2021	2021-05-07	United Kingdom	genome	unknown	B.1.1.7	Alpha
7660	hCoV-19/Scotland/QEUH-156860C/2021	2021-05-07	United Kingdom	genome	unknown	B.1.1.7	Alpha
7661	hCoV-19/England/ALDP-1562A8E/2021	2021-05-07	United Kingdom	genome	unknown	B.1.1.7	Alpha
7662	hCoV-19/England/ALDP-1562848/2021	2021-05-07	United Kingdom	genome	unknown	B.1.1.7	Alpha
7663	hCoV-19/Wales/PHWC-PYR59R/2021	2021-05-07	United Kingdom	genome	unknown	B.1.1.7	Alpha
7664	hCoV-19/England/NORT-1BBAA18/2021	2021-05-07	United Kingdom	genome	unknown	B.1.1.7	Alpha
7665	hCoV-19/Scotland/QEUH-156837E/2021	2021-05-07	United Kingdom	genome	unknown	B.1.1.7	Alpha
7666	hCoV-19/England/MILK-1567F3F/2021	2021-05-08	United Kingdom	genome	unknown	B.1.1.7	Alpha
7667	hCoV-19/Scotland/QEUH-1568C37/2021	2021-05-08	United Kingdom	genome	unknown	B.1.1.7	Alpha
7668	hCoV-19/England/MILK-1579B54/2021	2021-05-08	United Kingdom	genome	unknown	B.1.1.7	Alpha
7669	hCoV-19/England/ALDP-1573A4E/2021	2021-05-08	United Kingdom	genome	unknown	B.1.1.7	Alpha
7670	hCoV-19/England/QEUH-1572881/2021	2021-05-08	United Kingdom	genome	unknown	B.1.1.7	Alpha
7671	hCoV-19/England/ALDP-1573871/2021	2021-05-08	United Kingdom	genome	unknown	B.1.1.7	Alpha
7672	hCoV-19/Scotland/QEUH-156B056/2021	2021-05-08	United Kingdom	genome	unknown	B.1.1.7	Alpha
7673	hCoV-19/England/MILK-1563917/2021	2021-05-08	United Kingdom	genome	unknown	B.1.1.7	Alpha
7674	hCoV-19/Scotland/QEUH-1568B3A/2021	2021-05-08	United Kingdom	genome	unknown	B.1.1.7	Alpha
7675	hCoV-19/Scotland/QEUH-1568BFE/2021	2021-05-08	United Kingdom	genome	unknown	B.1.1.7	Alpha
7676	hCoV-19/Scotland/QEUH-1567078/2021	2021-05-08	United Kingdom	genome	unknown	B.1.1.7	Alpha
7677	hCoV-19/England/ALDP-1570B20/2021	2021-05-08	United Kingdom	genome	unknown	B.1.1.7	Alpha
7678	hCoV-19/Scotland/QEUH-156B3F3/2021	2021-05-08	United Kingdom	genome	unknown	B.1.1.7	Alpha
7679	hCoV-19/England/MILK-156746D/2021	2021-05-08	United Kingdom	genome	unknown	B.1.1.7	Alpha
7680	hCoV-19/England/MILK-1575217/2021	2021-05-08	United Kingdom	genome	unknown	B.1.1.7	Alpha
7681	hCoV-19/England/MILK-1567263/2021	2021-05-08	United Kingdom	genome	unknown	B.1.1.7	Alpha
7682	hCoV-19/Scotland/QEUH-156B27E/2021	2021-05-08	United Kingdom	genome	unknown	B.1.1.7	Alpha
7683	hCoV-19/Scotland/QEUH-156B28D/2021	2021-05-08	United Kingdom	genome	unknown	B.1.1.7	Alpha
7684	hCoV-19/England/ALDP-1570B7B/2021	2021-05-08	United Kingdom	genome	unknown	B.1.1.7	Alpha
7685	hCoV-19/England/MILK-15CC8C4/2021	2021-05-08	United Kingdom	genome	unknown	B.1.1.7	Alpha
7686	hCoV-19/Scotland/QEUH-156B29C/2021	2021-05-08	United Kingdom	genome	unknown	B.1.1.7	Alpha
7687	hCoV-19/England/MILK-1568174/2021	2021-05-08	United Kingdom	genome	unknown	B.1.1.7	Alpha
7688	hCoV-19/England/ALDP-157099F/2021	2021-05-08	United Kingdom	genome	unknown	B.1.1.7	Alpha
7689	hCoV-19/Scotland/QEUH-156B074/2021	2021-05-08	United Kingdom	genome	unknown	B.1.1.7	Alpha
7690	hCoV-19/England/MILK-1563610/2021	2021-05-08	United Kingdom	genome	unknown	B.1.1.7	Alpha
7691	hCoV-19/NorthernIreland/NIRE-0032d1/2021	2021-05-08	United Kingdom	genome	unknown	B.1.1.7	Alpha
7692	hCoV-19/NorthernIreland/NIRE-003331/2021	2021-05-08	United Kingdom	genome	unknown	B.1.1.7	Alpha
7693	hCoV-19/England/ALDP-157800B/2021	2021-05-08	United Kingdom	genome	unknown	B.1.1.7	Alpha
7694	hCoV-19/England/ALDP-157364A/2021	2021-05-08	United Kingdom	genome	unknown	B.1.1.7	Alpha
7695	hCoV-19/England/NORT-1BBCC2F/2021	2021-05-08	United Kingdom	genome	unknown	B.1.1.7	Alpha
7696	hCoV-19/England/NORT-1BBCD95/2021	2021-05-08	United Kingdom	genome	unknown	B.1.1.7	Alpha
7697	hCoV-19/England/NORT-1BBCC98/2021	2021-05-08	United Kingdom	genome	unknown	B.1.1.7	Alpha
7698	hCoV-19/England/ALDP-1576DCA/2021	2021-05-09	United Kingdom	genome	unknown	B.1.1.7	Alpha
7699	hCoV-19/England/MILK-15762AD/2021	2021-05-09	United Kingdom	genome	unknown	B.1.1.7	Alpha
7700	hCoV-19/England/ALDP-15715D6/2021	2021-05-09	United Kingdom	genome	unknown	B.1.1.7	Alpha
7701	hCoV-19/England/NORT-1BC593B/2021	2021-05-09	United Kingdom	genome	unknown	B.1.1.7	Alpha
7702	hCoV-19/England/NORT-1BC526D/2021	2021-05-09	United Kingdom	genome	unknown	B.1.1.7	Alpha
7703	hCoV-19/England/ALDP-1576F2E/2021	2021-05-09	United Kingdom	genome	unknown	B.1.1.7	Alpha
7704	hCoV-19/England/ALDP-1576E03/2021	2021-05-09	United Kingdom	genome	unknown	B.1.1.7	Alpha
7705	hCoV-19/NorthernIreland/RAND-156BB19/2021	2021-05-09	United Kingdom	genome	unknown	B.1.1.7	Alpha
7706	hCoV-19/England/ALDP-1577260/2021	2021-05-09	United Kingdom	genome	unknown	B.1.1.7	Alpha
7707	hCoV-19/England/ALDP-1575FC5/2021	2021-05-09	United Kingdom	genome	unknown	B.1.1.7	Alpha
7708	hCoV-19/England/ALDP-1575D70/2021	2021-05-09	United Kingdom	genome	unknown	B.1.1.7	Alpha
7709	hCoV-19/Scotland/QEUH-1572F31/2021	2021-05-09	United Kingdom	genome	unknown	B.1.1.7	Alpha
7710	hCoV-19/England/LOND-128E551/2021	2021-05-09	United Kingdom	genome	unknown	B.1.1.7	Alpha
7711	hCoV-19/England/ALDP-1573AF3/2021	2021-05-09	United Kingdom	genome	unknown	Q.1	Alpha
7712	hCoV-19/England/MILK-1571934/2021	2021-05-09	United Kingdom	genome	unknown	B.1.1.7	Alpha
7713	hCoV-19/England/MILK-1570EDC/2021	2021-05-09	United Kingdom	genome	unknown	B.1.1.7	Alpha
7714	hCoV-19/England/QEUH-15735B6/2021	2021-05-09	United Kingdom	genome	unknown	B.1.1.7	Alpha
7715	hCoV-19/England/ALDP-157205C/2021	2021-05-09	United Kingdom	genome	unknown	B.1.1.7	Alpha
7716	hCoV-19/England/MILK-1570373/2021	2021-05-09	United Kingdom	genome	unknown	B.1.1.7	Alpha
7717	hCoV-19/Scotland/QEUH-1572EDA/2021	2021-05-09	United Kingdom	genome	unknown	B.1.1.7	Alpha
7718	hCoV-19/Scotland/QEUH-1570CE1/2021	2021-05-09	United Kingdom	genome	unknown	B.1.1.7	Alpha
7719	hCoV-19/England/ALDP-15720B6/2021	2021-05-09	United Kingdom	genome	unknown	B.1.1.7	Alpha
7720	hCoV-19/England/MILK-1570407/2021	2021-05-09	United Kingdom	genome	unknown	B.1.1.7	Alpha
7721	hCoV-19/England/QEUH-1572757/2021	2021-05-09	United Kingdom	genome	unknown	B.1.1.7	Alpha
7722	hCoV-19/Scotland/QEUH-1572E07/2021	2021-05-09	United Kingdom	genome	unknown	B.1.1.7	Alpha
7723	hCoV-19/England/QEUH-15729E8/2021	2021-05-09	United Kingdom	genome	unknown	B.1.1.7	Alpha
7724	hCoV-19/England/ALDP-1576F6A/2021	2021-05-09	United Kingdom	genome	unknown	B.1.1.7	Alpha
7725	hCoV-19/England/ALDP-1576E5E/2021	2021-05-09	United Kingdom	genome	unknown	B.1.1.7	Alpha
7726	hCoV-19/England/PORT-2F11FE/2021	2021-05-10	United Kingdom	genome	unknown	B.1.1.7	Alpha
7727	hCoV-19/England/NORT-1BC4B72/2021	2021-05-10	United Kingdom	genome	unknown	B.1.1.7	Alpha
7728	hCoV-19/England/NORT-1BC4FEF/2021	2021-05-10	United Kingdom	genome	unknown	B.1.1.7	Alpha
7729	hCoV-19/England/NORT-1BBC2B4/2021	2021-05-10	United Kingdom	genome	unknown	B.1.1.7	Alpha
7730	hCoV-19/England/ALDP-157B8E2/2021	2021-05-10	United Kingdom	genome	unknown	B.1.1.7	Alpha
7731	hCoV-19/England/ALDP-157C9FD/2021	2021-05-10	United Kingdom	genome	unknown	B.1.1.7	Alpha
7732	hCoV-19/England/ALDP-157C26B/2021	2021-05-10	United Kingdom	genome	unknown	B.1.1.7	Alpha
7733	hCoV-19/England/MILK-157900A/2021	2021-05-10	United Kingdom	genome	unknown	B.1.1.7	Alpha
7734	hCoV-19/Scotland/QEUH-1578D7D/2021	2021-05-10	United Kingdom	genome	unknown	B.1.1.7	Alpha
7735	hCoV-19/Scotland/QEUH-157689C/2021	2021-05-10	United Kingdom	genome	unknown	B.1.1.7	Alpha
7736	hCoV-19/Scotland/QEUH-157744C/2021	2021-05-10	United Kingdom	genome	unknown	B.1.1.7	Alpha
7737	hCoV-19/Scotland/QEUH-1577725/2021	2021-05-10	United Kingdom	genome	unknown	B.1.1.7	Alpha
7738	hCoV-19/Scotland/QEUH-15745C4/2021	2021-05-10	United Kingdom	genome	unknown	B.1.1.7	Alpha
7739	hCoV-19/Scotland/QEUH-15778B9/2021	2021-05-10	United Kingdom	genome	unknown	B.1.1.7	Alpha
7740	hCoV-19/England/HSLL-1573D45/2021	2021-05-10	United Kingdom	genome	unknown	B.1.1.7	Alpha
7741	hCoV-19/England/ALDP-157BED1/2021	2021-05-10	United Kingdom	genome	unknown	B.1.1.7	Alpha
7742	hCoV-19/England/BIRM-BCD5J9/2021	2021-05-10	United Kingdom	genome	unknown	B.1.1.7	Alpha
7743	hCoV-19/England/MILK-1577BDE/2021	2021-05-10	United Kingdom	genome	unknown	B.1.1.7	Alpha
7744	hCoV-19/England/ALDP-157C210/2021	2021-05-10	United Kingdom	genome	unknown	B.1.1.7	Alpha
7745	hCoV-19/England/ALDP-157B83D/2021	2021-05-10	United Kingdom	genome	unknown	B.1.1.7	Alpha
7746	hCoV-19/England/QEUH-157D965/2021	2021-05-10	United Kingdom	genome	unknown	B.1.1.7	Alpha
7747	hCoV-19/England/NORT-1BBCDC2/2021	2021-05-10	United Kingdom	genome	unknown	B.1.1.7	Alpha
7748	hCoV-19/England/QEUH-157A221/2021	2021-05-10	United Kingdom	genome	unknown	B.1.1.7	Alpha
7749	hCoV-19/England/ALDP-157A652/2021	2021-05-10	United Kingdom	genome	unknown	B.1.1.7	Alpha
7750	hCoV-19/England/ALDP-1578311/2021	2021-05-10	United Kingdom	genome	unknown	B.1.1.7	Alpha
7751	hCoV-19/England/MILK-1577D8D/2021	2021-05-10	United Kingdom	genome	unknown	B.1.1.7	Alpha
7752	hCoV-19/England/MILK-1577D05/2021	2021-05-10	United Kingdom	genome	unknown	B.1.1.7	Alpha
7753	hCoV-19/England/ALDP-1578135/2021	2021-05-10	United Kingdom	genome	unknown	B.1.1.7	Alpha
7754	hCoV-19/England/ALDP-157C2A7/2021	2021-05-10	United Kingdom	genome	unknown	B.1.1.7	Alpha
7755	hCoV-19/England/MILK-1577E8A/2021	2021-05-10	United Kingdom	genome	unknown	B.1.1.7	Alpha
7756	hCoV-19/England/ALDP-157C061/2021	2021-05-10	United Kingdom	genome	unknown	B.1.1.7	Alpha
7757	hCoV-19/Scotland/QEUH-1574667/2021	2021-05-10	United Kingdom	genome	unknown	B.1.1.7	Alpha
7758	hCoV-19/Scotland/QEUH-1575A88/2021	2021-05-10	United Kingdom	genome	unknown	B.1.1.7	Alpha
7759	hCoV-19/England/MILK-1577DBA/2021	2021-05-10	United Kingdom	genome	unknown	B.1.1.7	Alpha
7760	hCoV-19/Scotland/QEUH-1574816/2021	2021-05-10	United Kingdom	genome	unknown	B.1.1.7	Alpha
7761	hCoV-19/England/ALDP-1578548/2021	2021-05-10	United Kingdom	genome	unknown	B.1.1.7	Alpha
7762	hCoV-19/England/MILK-157AE96/2021	2021-05-10	United Kingdom	genome	unknown	B.1.1.7	Alpha
7763	hCoV-19/England/ALDP-157A722/2021	2021-05-10	United Kingdom	genome	unknown	B.1.1.7	Alpha
7764	hCoV-19/England/MILK-1570DDF/2021	2021-05-10	United Kingdom	genome	unknown	B.1.1.7	Alpha
7765	hCoV-19/England/MILK-1579B09/2021	2021-05-10	United Kingdom	genome	unknown	B.1.1.7	Alpha
7766	hCoV-19/England/ALDP-1578117/2021	2021-05-10	United Kingdom	genome	unknown	B.1.1.7	Alpha
7767	hCoV-19/England/MILK-1577F0F/2021	2021-05-10	United Kingdom	genome	unknown	B.1.1.7	Alpha
7768	hCoV-19/England/MILK-1577E5D/2021	2021-05-10	United Kingdom	genome	unknown	B.1.1.7	Alpha
7769	hCoV-19/England/QEUH-157693F/2021	2021-05-10	United Kingdom	genome	unknown	B.1.1.7	Alpha
7770	hCoV-19/England/QEUH-1576A87/2021	2021-05-10	United Kingdom	genome	unknown	B.1.1.7	Alpha
7771	hCoV-19/England/MILK-1576683/2021	2021-05-10	United Kingdom	genome	unknown	B.1.1.7	Alpha
7772	hCoV-19/England/MILK-1575077/2021	2021-05-10	United Kingdom	genome	unknown	B.1.1.7	Alpha
7773	hCoV-19/England/MILK-15765A4/2021	2021-05-10	United Kingdom	genome	unknown	B.1.1.7	Alpha
7774	hCoV-19/England/MILK-157449A/2021	2021-05-10	United Kingdom	genome	unknown	B.1.1.7	Alpha
7775	hCoV-19/England/ALDP-1575E8C/2021	2021-05-10	United Kingdom	genome	unknown	B.1.1.7	Alpha
7776	hCoV-19/England/MILK-1574306/2021	2021-05-10	United Kingdom	genome	unknown	B.1.1.7	Alpha
7777	hCoV-19/England/ALDP-1574E50/2021	2021-05-10	United Kingdom	genome	unknown	B.1.1.7	Alpha
7778	hCoV-19/England/MILK-1574430/2021	2021-05-10	United Kingdom	genome	unknown	B.1.1.7	Alpha
7779	hCoV-19/England/MILK-15742FA/2021	2021-05-10	United Kingdom	genome	unknown	B.1.1.7	Alpha
7780	hCoV-19/England/NORT-1BC3DD7/2021	2021-05-10	United Kingdom	genome	unknown	B.1.1.7	Alpha
7781	hCoV-19/England/NORT-1BC3ED4/2021	2021-05-10	United Kingdom	genome	unknown	B.1.1.7	Alpha
7782	hCoV-19/England/MILK-1573F5E/2021	2021-05-10	United Kingdom	genome	unknown	B.1.1.7	Alpha
7783	hCoV-19/Scotland/QEUH-157D877/2021	2021-05-10	United Kingdom	genome	unknown	B.1.1.7	Alpha
7784	hCoV-19/NorthernIreland/NIRE-00338a/2021	2021-05-10	United Kingdom	genome	unknown	B.1.1.7	Alpha
7785	hCoV-19/NorthernIreland/NIRE-003362/2021	2021-05-10	United Kingdom	genome	unknown	B.1.1.7	Alpha
7786	hCoV-19/England/ALDP-157F4EA/2021	2021-05-10	United Kingdom	genome	unknown	B.1.1.7	Alpha
7787	hCoV-19/England/ALDP-157F1E3/2021	2021-05-10	United Kingdom	genome	unknown	B.1.1.7	Alpha
7788	hCoV-19/Scotland/QEUH-157C8C3/2021	2021-05-10	United Kingdom	genome	unknown	B.1.1.7	Alpha
7789	hCoV-19/Scotland/QEUH-157C83C/2021	2021-05-11	United Kingdom	genome	unknown	B.1.1.7	Alpha
7790	hCoV-19/Scotland/QEUH-157C77B/2021	2021-05-11	United Kingdom	genome	unknown	B.1.1.7	Alpha
7791	hCoV-19/England/PHEC-30DE60/2021	2021-05-11	United Kingdom	genome	unknown	B.1.1.7	Alpha
7792	hCoV-19/Scotland/QEUH-157C78A/2021	2021-05-11	United Kingdom	genome	unknown	B.1.1.7	Alpha
7793	hCoV-19/England/ALDP-157FD85/2021	2021-05-11	United Kingdom	genome	unknown	B.1.1.7	Alpha
7794	hCoV-19/England/PLYM-158E873/2021	2021-05-11	United Kingdom	genome	unknown	B.1.1.7	Alpha
7795	hCoV-19/England/MILK-1578EC5/2021	2021-05-11	United Kingdom	genome	unknown	B.1.1.7	Alpha
7796	hCoV-19/England/MILK-15793B6/2021	2021-05-11	United Kingdom	genome	unknown	B.1.1.7	Alpha
7797	hCoV-19/England/MILK-1578F1D/2021	2021-05-11	United Kingdom	genome	unknown	B.1.1.7	Alpha
7798	hCoV-19/England/MILK-1578FD1/2021	2021-05-11	United Kingdom	genome	unknown	B.1.1.7	Alpha
7799	hCoV-19/Scotland/EDB17925/2021	2021-05-11	United Kingdom	genome	unknown	B.1.1.7	Alpha
7800	hCoV-19/England/MILK-1576735/2021	2021-05-11	United Kingdom	genome	unknown	B.1.1.7	Alpha
7801	hCoV-19/England/MILK-157AB9F/2021	2021-05-11	United Kingdom	genome	unknown	B.1.1.7	Alpha
7802	hCoV-19/NorthernIreland/NIRE-003398/2021	2021-05-11	United Kingdom	genome	unknown	B.1.1.7	Alpha
7803	hCoV-19/England/ALDP-1581AF2/2021	2021-05-11	United Kingdom	genome	unknown	B.1.1.7	Alpha
7804	hCoV-19/England/ALDP-15818DA/2021	2021-05-11	United Kingdom	genome	unknown	B.1.1.7	Alpha
7805	hCoV-19/England/MILK-158097E/2021	2021-05-11	United Kingdom	genome	unknown	B.1.1.7	Alpha
7806	hCoV-19/NorthernIreland/NIRE-00339a/2021	2021-05-11	United Kingdom	genome	unknown	B.1.1.7	Alpha
7807	hCoV-19/NorthernIreland/NIRE-003396/2021	2021-05-11	United Kingdom	genome	unknown	B.1.1.7	Alpha
7808	hCoV-19/England/ALDP-15849B6/2021	2021-05-11	United Kingdom	genome	unknown	B.1.1.7	Alpha
7809	hCoV-19/England/ALDP-157CB51/2021	2021-05-11	United Kingdom	genome	unknown	B.1.1.7	Alpha
7810	hCoV-19/England/ALDP-157CA27/2021	2021-05-11	United Kingdom	genome	unknown	B.1.1.7	Alpha
7811	hCoV-19/England/ALDP-157CB60/2021	2021-05-11	United Kingdom	genome	unknown	Q.1	Alpha
7812	hCoV-19/England/QEUH-157DB8D/2021	2021-05-11	United Kingdom	genome	unknown	B.1.1.7	Alpha
7813	hCoV-19/England/QEUH-157DDB4/2021	2021-05-11	United Kingdom	genome	unknown	B.1.1.7	Alpha
7814	hCoV-19/England/ALDP-157BBAD/2021	2021-05-11	United Kingdom	genome	unknown	B.1.1.7	Alpha
7815	hCoV-19/England/MILK-157E014/2021	2021-05-11	United Kingdom	genome	unknown	B.1.1.7	Alpha
7816	hCoV-19/England/NORT-1BBAF73/2021	2021-05-11	United Kingdom	genome	unknown	B.1.1.7	Alpha
7817	hCoV-19/England/NORT-1BBAE3A/2021	2021-05-11	United Kingdom	genome	unknown	B.1.1.7	Alpha
7818	hCoV-19/England/ALDP-157A995/2021	2021-05-11	United Kingdom	genome	unknown	B.1.1.7	Alpha
7819	hCoV-19/England/MILK-157B34B/2021	2021-05-11	United Kingdom	genome	unknown	B.1.1.7	Alpha
7820	hCoV-19/Wales/PHWC-PYFNNS/2021	2021-05-11	United Kingdom	genome	unknown	B.1.1.7	Alpha
7821	hCoV-19/England/MILK-1579CCA/2021	2021-05-11	United Kingdom	genome	unknown	B.1.1.7	Alpha
7822	hCoV-19/England/MILK-1579D5E/2021	2021-05-11	United Kingdom	genome	unknown	B.1.1.7	Alpha
7823	hCoV-19/England/MILK-157B563/2021	2021-05-11	United Kingdom	genome	unknown	B.1.1.7	Alpha
7824	hCoV-19/England/NORT-1BC56F8/2021	2021-05-11	United Kingdom	genome	unknown	B.1.1.7	Alpha
7825	hCoV-19/England/NORT-1BBB9DE/2021	2021-05-11	United Kingdom	genome	unknown	B.1.1.7	Alpha
7826	hCoV-19/England/MILK-1582B85/2021	2021-05-11	United Kingdom	genome	unknown	B.1.1.7	Alpha
7827	hCoV-19/England/NORT-1BBB200/2021	2021-05-11	United Kingdom	genome	unknown	B.1.1.7	Alpha
7828	hCoV-19/England/NORT-1BBB956/2021	2021-05-11	United Kingdom	genome	unknown	B.1.1.7	Alpha
7829	hCoV-19/England/MILK-1578E4D/2021	2021-05-11	United Kingdom	genome	unknown	B.1.1.7	Alpha
7830	hCoV-19/England/MILK-1579D21/2021	2021-05-11	United Kingdom	genome	unknown	B.1.1.7	Alpha
7831	hCoV-19/England/MILK-157B1F6/2021	2021-05-11	United Kingdom	genome	unknown	B.1.1.7	Alpha
7832	hCoV-19/England/ALDP-1578821/2021	2021-05-11	United Kingdom	genome	unknown	B.1.1.7	Alpha
7833	hCoV-19/England/HSLL-1573E9D/2021	2021-05-11	United Kingdom	genome	unknown	B.1.1.7	Alpha
7834	hCoV-19/England/MILK-1578F4A/2021	2021-05-11	United Kingdom	genome	unknown	B.1.1.7	Alpha
7835	hCoV-19/England/MILK-1579222/2021	2021-05-11	United Kingdom	genome	unknown	B.1.1.7	Alpha
7836	hCoV-19/England/ALDP-1578742/2021	2021-05-11	United Kingdom	genome	unknown	B.1.1.7	Alpha
7837	hCoV-19/England/MILK-157B6D9/2021	2021-05-11	United Kingdom	genome	unknown	B.1.1.7	Alpha
7838	hCoV-19/Scotland/QEUH-157A133/2021	2021-05-11	United Kingdom	genome	unknown	B.1.1.7	Alpha
7839	hCoV-19/Scotland/QEUH-157A160/2021	2021-05-11	United Kingdom	genome	unknown	B.1.1.7	Alpha
7840	hCoV-19/Scotland/QEUH-157A063/2021	2021-05-11	United Kingdom	genome	unknown	B.1.1.7	Alpha
7841	hCoV-19/England/ALDP-157FD94/2021	2021-05-12	United Kingdom	genome	unknown	B.1.1.7	Alpha
7842	hCoV-19/England/ALDP-157F75A/2021	2021-05-12	United Kingdom	genome	unknown	B.1.1.7	Alpha
7843	hCoV-19/England/MILK-1579732/2021	2021-05-12	United Kingdom	genome	unknown	B.1.1.7	Alpha
7844	hCoV-19/England/MILK-157984E/2021	2021-05-12	United Kingdom	genome	unknown	B.1.1.7	Alpha
7845	hCoV-19/England/MILK-15794C2/2021	2021-05-12	United Kingdom	genome	unknown	B.1.1.7	Alpha
7846	hCoV-19/England/NORT-1BC5458/2021	2021-05-12	United Kingdom	genome	unknown	B.1.1.7	Alpha
7847	hCoV-19/England/NORT-1BC5C7E/2021	2021-05-12	United Kingdom	genome	unknown	B.1.1.7	Alpha
7848	hCoV-19/England/NORT-1BC5D6C/2021	2021-05-12	United Kingdom	genome	unknown	B.1.1.7	Alpha
7849	hCoV-19/England/PLYM-158E7C1/2021	2021-05-12	United Kingdom	genome	unknown	B.1.1.7	Alpha
7850	hCoV-19/Scotland/PLYM-158E679/2021	2021-05-12	United Kingdom	genome	unknown	B.1.1.7	Alpha
7851	hCoV-19/England/MILK-1579608/2021	2021-05-12	United Kingdom	genome	unknown	B.1.1.7	Alpha
7852	hCoV-19/England/PLYM-158E846/2021	2021-05-12	United Kingdom	genome	unknown	B.1.1.7	Alpha
7853	hCoV-19/Scotland/EDB17936/2021	2021-05-12	United Kingdom	genome	unknown	B.1.1.7	Alpha
7854	hCoV-19/Scotland/QEUH-157D90B/2021	2021-05-12	United Kingdom	genome	unknown	B.1.1.7	Alpha
7855	hCoV-19/England/HSLL-1597974/2021	2021-05-12	United Kingdom	genome	unknown	B.1.1.7	Alpha
7856	hCoV-19/Scotland/QEUH-158429D/2021	2021-05-12	United Kingdom	genome	unknown	B.1.1.7	Alpha
7857	hCoV-19/Scotland/QEUH-1583DCA/2021	2021-05-12	United Kingdom	genome	unknown	B.1.1.7	Alpha
7858	hCoV-19/Scotland/QEUH-157D516/2021	2021-05-12	United Kingdom	genome	unknown	B.1.1.7	Alpha
7859	hCoV-19/Scotland/QEUH-157D68C/2021	2021-05-12	United Kingdom	genome	unknown	B.1.1.7	Alpha
7860	hCoV-19/England/HSLL-159769B/2021	2021-05-12	United Kingdom	genome	unknown	B.1.1.7	Alpha
7861	hCoV-19/England/MILK-158152E/2021	2021-05-12	United Kingdom	genome	unknown	B.1.1.7	Alpha
7862	hCoV-19/England/MILK-1583762/2021	2021-05-12	United Kingdom	genome	unknown	B.1.1.7	Alpha
7863	hCoV-19/England/MILK-1582B3A/2021	2021-05-12	United Kingdom	genome	unknown	B.1.1.7	Alpha
7864	hCoV-19/England/RAND-1584B65/2021	2021-05-12	United Kingdom	genome	unknown	B.1.1.7	Alpha
7865	hCoV-19/England/ALDP-157FD1C/2021	2021-05-12	United Kingdom	genome	unknown	B.1.1.7	Alpha
7866	hCoV-19/England/MILK-1583674/2021	2021-05-12	United Kingdom	genome	unknown	B.1.1.7	Alpha
7867	hCoV-19/Scotland/QEUH-15815B5/2021	2021-05-12	United Kingdom	genome	unknown	B.1.1.7	Alpha
7868	hCoV-19/England/MILK-15836CF/2021	2021-05-12	United Kingdom	genome	unknown	B.1.1.7	Alpha
7869	hCoV-19/England/ALDP-157F67B/2021	2021-05-12	United Kingdom	genome	unknown	B.1.1.7	Alpha
7870	hCoV-19/England/NORT-1BBD17A/2021	2021-05-12	United Kingdom	genome	unknown	B.1.1.7	Alpha
7871	hCoV-19/England/NORT-1BBD0B9/2021	2021-05-12	United Kingdom	genome	unknown	B.1.1.7	Alpha
7872	hCoV-19/England/MILK-158336E/2021	2021-05-12	United Kingdom	genome	unknown	B.1.1.7	Alpha
7873	hCoV-19/England/ALDP-1583137/2021	2021-05-12	United Kingdom	genome	unknown	B.1.1.7	Alpha
7874	hCoV-19/NorthernIreland/RAND-1584B56/2021	2021-05-12	United Kingdom	genome	unknown	B.1.1.7	Alpha
7875	hCoV-19/England/MILK-1580695/2021	2021-05-12	United Kingdom	genome	unknown	B.1.1.7	Alpha
7876	hCoV-19/England/QEUH-1584321/2021	2021-05-12	United Kingdom	genome	unknown	B.1.1.7	Alpha
7877	hCoV-19/Scotland/QEUH-1583DD9/2021	2021-05-12	United Kingdom	genome	unknown	B.1.1.7	Alpha
7878	hCoV-19/NorthernIreland/NIRE-00340c/2021	2021-05-12	United Kingdom	genome	unknown	B.1.1.7	Alpha
7879	hCoV-19/Scotland/QEUH-1583911/2021	2021-05-12	United Kingdom	genome	unknown	B.1.1.7	Alpha
7880	hCoV-19/NorthernIreland/NIRE-00340b/2021	2021-05-12	United Kingdom	genome	unknown	B.1.1.7	Alpha
7881	hCoV-19/England/MILK-15805A7/2021	2021-05-12	United Kingdom	genome	unknown	B.1.1.7	Alpha
7882	hCoV-19/England/ALDP-157E15D/2021	2021-05-12	United Kingdom	genome	unknown	B.1.1.7	Alpha
7883	hCoV-19/England/ALDP-157E6B8/2021	2021-05-12	United Kingdom	genome	unknown	B.1.1.7	Alpha
7884	hCoV-19/Wales/PHWC-PYR6MK/2021	2021-05-12	United Kingdom	genome	unknown	B.1.1.7	Alpha
7885	hCoV-19/Wales/PHWC-PYR9RZ/2021	2021-05-12	United Kingdom	genome	unknown	B.1.1.7	Alpha
7886	hCoV-19/England/ALDP-157FB12/2021	2021-05-12	United Kingdom	genome	unknown	B.1.1.7	Alpha
7887	hCoV-19/Scotland/QEUH-157D3C1/2021	2021-05-13	United Kingdom	genome	unknown	B.1.1.7	Alpha
7888	hCoV-19/Scotland/QEUH-157D297/2021	2021-05-13	United Kingdom	genome	unknown	B.1.1.7	Alpha
7889	hCoV-19/Scotland/QEUH-157D0D9/2021	2021-05-13	United Kingdom	genome	unknown	B.1.1.7	Alpha
7890	hCoV-19/Scotland/QEUH-157D09D/2021	2021-05-13	United Kingdom	genome	unknown	B.1.1.7	Alpha
7891	hCoV-19/England/ALDP-157FBB8/2021	2021-05-13	United Kingdom	genome	unknown	B.1.1.7	Alpha
7892	hCoV-19/Scotland/QEUH-1583FD3/2021	2021-05-13	United Kingdom	genome	unknown	B.1.1.7	Alpha
7893	hCoV-19/England/ALDP-15872C7/2021	2021-05-13	United Kingdom	genome	unknown	B.1.1.7	Alpha
7894	hCoV-19/England/ALDP-15878C5/2021	2021-05-13	United Kingdom	genome	unknown	B.1.1.7	Alpha
7895	hCoV-19/Scotland/QEUH-1584206/2021	2021-05-13	United Kingdom	genome	unknown	B.1.1.7	Alpha
7896	hCoV-19/England/ALDP-15874C1/2021	2021-05-13	United Kingdom	genome	unknown	B.1.1.7	Alpha
7897	hCoV-19/Scotland/QEUH-157CF82/2021	2021-05-13	United Kingdom	genome	unknown	B.1.1.7	Alpha
7898	hCoV-19/Scotland/QEUH-157D31C/2021	2021-05-13	United Kingdom	genome	unknown	B.1.1.7	Alpha
7899	hCoV-19/England/MILK-1586653/2021	2021-05-13	United Kingdom	genome	unknown	B.1.1.7	Alpha
7900	hCoV-19/England/ALDP-158734C/2021	2021-05-13	United Kingdom	genome	unknown	Q.1	Alpha
7901	hCoV-19/England/MILK-15820D1/2021	2021-05-13	United Kingdom	genome	unknown	B.1.1.7	Alpha
7902	hCoV-19/England/MILK-157ECA7/2021	2021-05-13	United Kingdom	genome	unknown	B.1.1.7	Alpha
7903	hCoV-19/England/ALDP-1582EE6/2021	2021-05-13	United Kingdom	genome	unknown	B.1.1.7	Alpha
7904	hCoV-19/England/MILK-1581D62/2021	2021-05-13	United Kingdom	genome	unknown	B.1.1.7	Alpha
7905	hCoV-19/England/MILK-1581B59/2021	2021-05-13	United Kingdom	genome	unknown	B.1.1.7	Alpha
7906	hCoV-19/England/MILK-1581F99/2021	2021-05-13	United Kingdom	genome	unknown	B.1.1.7	Alpha
7907	hCoV-19/Wales/PHWC-PYFYMG/2021	2021-05-13	United Kingdom	genome	unknown	B.1.1.7	Alpha
7908	hCoV-19/NorthernIreland/NIRE-003433/2021	2021-05-13	United Kingdom	genome	unknown	B.1.1.7	Alpha
7909	hCoV-19/England/MILK-1582B2B/2021	2021-05-13	United Kingdom	genome	unknown	B.1.1.7	Alpha
7910	hCoV-19/England/MILK-158B68B/2021	2021-05-13	United Kingdom	genome	unknown	B.1.1.7	Alpha
7911	hCoV-19/NorthernIreland/NIRE-003423/2021	2021-05-13	United Kingdom	genome	unknown	B.1.1.7	Alpha
7912	hCoV-19/NorthernIreland/NIRE-003414/2021	2021-05-13	United Kingdom	genome	unknown	B.1.1.7	Alpha
7913	hCoV-19/England/PHEC-30E904/2021	2021-05-13	United Kingdom	genome	unknown	B.1.1.7	Alpha
7914	hCoV-19/Scotland/QEUH-158584F/2021	2021-05-13	United Kingdom	genome	unknown	B.1.1.7	Alpha
7915	hCoV-19/Scotland/QEUH-1585232/2021	2021-05-13	United Kingdom	genome	unknown	B.1.1.7	Alpha
7916	hCoV-19/Scotland/QEUH-15853B7/2021	2021-05-13	United Kingdom	genome	unknown	B.1.1.7	Alpha
7917	hCoV-19/NorthernIreland/NIRE-003518/2021	2021-05-13	United Kingdom	genome	unknown	B.1.1.7	Alpha
7918	hCoV-19/England/NORT-1BBD2D1/2021	2021-05-13	United Kingdom	genome	unknown	B.1.1.7	Alpha
7919	hCoV-19/England/NORT-1BBD1C5/2021	2021-05-13	United Kingdom	genome	unknown	B.1.1.7	Alpha
7920	hCoV-19/England/NORT-1BBD2E0/2021	2021-05-13	United Kingdom	genome	unknown	B.1.1.7	Alpha
7921	hCoV-19/England/NORT-1BBD0D7/2021	2021-05-13	United Kingdom	genome	unknown	B.1.1.7	Alpha
7922	hCoV-19/England/MILK-158229F/2021	2021-05-13	United Kingdom	genome	unknown	B.1.1.7	Alpha
7923	hCoV-19/Scotland/QEUH-1585900/2021	2021-05-14	United Kingdom	genome	unknown	B.1.1.7	Alpha
7924	hCoV-19/Scotland/QEUH-15850B0/2021	2021-05-14	United Kingdom	genome	unknown	B.1.1.7	Alpha
7925	hCoV-19/Scotland/QEUH-158552A/2021	2021-05-14	United Kingdom	genome	unknown	B.1.1.7	Alpha
7926	hCoV-19/Scotland/QEUH-1585733/2021	2021-05-14	United Kingdom	genome	unknown	B.1.1.7	Alpha
7927	hCoV-19/Scotland/QEUH-1585681/2021	2021-05-14	United Kingdom	genome	unknown	B.1.1.7	Alpha
7928	hCoV-19/England/ALDP-158AB6F/2021	2021-05-14	United Kingdom	genome	unknown	B.1.1.7	Alpha
7929	hCoV-19/England/MILK-158B69A/2021	2021-05-14	United Kingdom	genome	unknown	B.1.1.7	Alpha
7930	hCoV-19/England/MILK-1589605/2021	2021-05-14	United Kingdom	genome	unknown	B.1.1.7	Alpha
7931	hCoV-19/England/ALDP-158AA17/2021	2021-05-14	United Kingdom	genome	unknown	B.1.1.7	Alpha
7932	hCoV-19/England/MILK-1587018/2021	2021-05-14	United Kingdom	genome	unknown	B.1.1.7	Alpha
7933	hCoV-19/NorthernIreland/NIRE-003521/2021	2021-05-14	United Kingdom	genome	unknown	B.1.1.7	Alpha
7934	hCoV-19/England/MILK-15865FC/2021	2021-05-14	United Kingdom	genome	unknown	B.1.1.7	Alpha
7935	hCoV-19/England/ALDP-15876DA/2021	2021-05-14	United Kingdom	genome	unknown	B.1.1.7	Alpha
7936	hCoV-19/England/MILK-158676F/2021	2021-05-14	United Kingdom	genome	unknown	B.1.1.7	Alpha
7937	hCoV-19/England/NORT-1BBB30D/2021	2021-05-14	United Kingdom	genome	unknown	B.1.1.7	Alpha
7938	hCoV-19/England/NORT-1BBB3D0/2021	2021-05-14	United Kingdom	genome	unknown	B.1.1.7	Alpha
7939	hCoV-19/England/NORT-1BBB31C/2021	2021-05-14	United Kingdom	genome	unknown	B.1.1.7	Alpha
7940	hCoV-19/Scotland/QEUH-158D971/2021	2021-05-14	United Kingdom	genome	unknown	B.1.1.7	Alpha
7941	hCoV-19/England/NORT-1BBB14F/2021	2021-05-14	United Kingdom	genome	unknown	B.1.1.7	Alpha
7942	hCoV-19/England/NORT-1BBB701/2021	2021-05-14	United Kingdom	genome	unknown	B.1.1.7	Alpha
7943	hCoV-19/Wales/PHWC-PYR9UA/2021	2021-05-14	United Kingdom	genome	unknown	B.1.1.7	Alpha
7944	hCoV-19/England/ALDP-158DCB4/2021	2021-05-14	United Kingdom	genome	unknown	B.1.1.7	Alpha
7945	hCoV-19/England/QEUH-15898E1/2021	2021-05-14	United Kingdom	genome	unknown	B.1.1.7	Alpha
7946	hCoV-19/England/ALDP-158C56F/2021	2021-05-14	United Kingdom	genome	unknown	B.1.1.7	Alpha
7947	hCoV-19/England/ALDP-15873E2/2021	2021-05-14	United Kingdom	genome	unknown	B.1.1.7	Alpha
7948	hCoV-19/England/ALDP-15876AD/2021	2021-05-14	United Kingdom	genome	unknown	B.1.1.7	Alpha
7949	hCoV-19/England/HSLL-159783B/2021	2021-05-14	United Kingdom	genome	unknown	B.1.1.7	Alpha
7950	hCoV-19/England/HSLL-1597A53/2021	2021-05-14	United Kingdom	genome	unknown	B.1.1.7	Alpha
7951	hCoV-19/Scotland/QEUH-158BD59/2021	2021-05-14	United Kingdom	genome	unknown	B.1.1.7	Alpha
7952	hCoV-19/England/PHEC-30E4C7/2021	2021-05-14	United Kingdom	genome	unknown	B.1.1.7	Alpha
7953	hCoV-19/England/ALDP-1585D31/2021	2021-05-14	United Kingdom	genome	unknown	B.1.1.7	Alpha
7954	hCoV-19/England/ALDP-1584DC9/2021	2021-05-14	United Kingdom	genome	unknown	B.1.1.7	Alpha
7955	hCoV-19/England/PHEC-30E7A0/2021	2021-05-14	United Kingdom	genome	unknown	B.1.1.7	Alpha
7956	hCoV-19/Scotland/QEUH-158BF53/2021	2021-05-15	United Kingdom	genome	unknown	B.1.1.7	Alpha
7957	hCoV-19/Scotland/EDB18026/2021	2021-05-15	United Kingdom	genome	unknown	B.1.1.7	Alpha
7958	hCoV-19/England/ALDP-1590F79/2021	2021-05-15	United Kingdom	genome	unknown	B.1.1.7	Alpha
7959	hCoV-19/England/SHEF-10DB162/2021	2021-05-15	United Kingdom	genome	unknown	B.1.1.7	Alpha
7960	hCoV-19/England/ALDP-1590FB5/2021	2021-05-15	United Kingdom	genome	unknown	B.1.1.7	Alpha
7961	hCoV-19/England/MILK-1592A67/2021	2021-05-15	United Kingdom	genome	unknown	B.1.1.7	Alpha
7962	hCoV-19/NorthernIreland/NIRE-00352b/2021	2021-05-15	United Kingdom	genome	unknown	B.1.1.7	Alpha
7963	hCoV-19/NorthernIreland/NIRE-003549/2021	2021-05-15	United Kingdom	genome	unknown	B.1.1.7	Alpha
7964	hCoV-19/NorthernIreland/NIRE-003548/2021	2021-05-15	United Kingdom	genome	unknown	B.1.1.7	Alpha
7965	hCoV-19/England/ALDP-158EF9C/2021	2021-05-15	United Kingdom	genome	unknown	B.1.1.7	Alpha
7966	hCoV-19/Scotland/QEUH-158D9BD/2021	2021-05-15	United Kingdom	genome	unknown	B.1.1.7	Alpha
7967	hCoV-19/England/ALDP-15910FD/2021	2021-05-15	United Kingdom	genome	unknown	B.1.1.7	Alpha
7968	hCoV-19/England/ALDP-1589D79/2021	2021-05-15	United Kingdom	genome	unknown	B.1.1.7	Alpha
7969	hCoV-19/England/ALDP-1589FDD/2021	2021-05-15	United Kingdom	genome	unknown	B.1.1.7	Alpha
7970	hCoV-19/England/MILK-158A6D7/2021	2021-05-15	United Kingdom	genome	unknown	B.1.1.7	Alpha
7971	hCoV-19/Scotland/QEUH-158D883/2021	2021-05-15	United Kingdom	genome	unknown	B.1.1.7	Alpha
7972	hCoV-19/Scotland/QEUH-158DC5A/2021	2021-05-15	United Kingdom	genome	unknown	B.1.1.7	Alpha
7973	hCoV-19/England/MILK-158AEFD/2021	2021-05-15	United Kingdom	genome	unknown	B.1.1.7	Alpha
7974	hCoV-19/Scotland/QEUH-158BF08/2021	2021-05-15	United Kingdom	genome	unknown	B.1.1.7	Alpha
7975	hCoV-19/England/ALDP-158ABBA/2021	2021-05-15	United Kingdom	genome	unknown	B.1.1.7	Alpha
7976	hCoV-19/England/MILK-158A5CB/2021	2021-05-15	United Kingdom	genome	unknown	B.1.1.7	Alpha
7977	hCoV-19/Scotland/QEUH-1589ABE/2021	2021-05-15	United Kingdom	genome	unknown	B.1.1.7	Alpha
7978	hCoV-19/England/MILK-158AE0C/2021	2021-05-15	United Kingdom	genome	unknown	B.1.1.7	Alpha
7979	hCoV-19/England/ALDP-158AC6C/2021	2021-05-15	United Kingdom	genome	unknown	B.1.1.7	Alpha
7980	hCoV-19/England/NORT-1BBADA6/2021	2021-05-15	United Kingdom	genome	unknown	B.1.1.7	Alpha
7981	hCoV-19/England/NORT-1BBC5E8/2021	2021-05-15	United Kingdom	genome	unknown	B.1.1.7	Alpha
7982	hCoV-19/England/NORT-1BBC533/2021	2021-05-15	United Kingdom	genome	unknown	B.1.1.7	Alpha
7983	hCoV-19/England/NORT-1BBC6A9/2021	2021-05-15	United Kingdom	genome	unknown	B.1.1.7	Alpha
7984	hCoV-19/England/WSFT-25D4C42/2021	2021-05-16	United Kingdom	genome	unknown	B.1.1.7	Alpha
7985	hCoV-19/England/ALDP-1595660/2021	2021-05-16	United Kingdom	genome	unknown	B.1.1.7	Alpha
7986	hCoV-19/England/NORT-1BC0E40/2021	2021-05-16	United Kingdom	genome	unknown	B.1.1.7	Alpha
7987	hCoV-19/England/NORT-1BC0EB9/2021	2021-05-16	United Kingdom	genome	unknown	B.1.1.7	Alpha
7988	hCoV-19/England/HSLL-15976D7/2021	2021-05-16	United Kingdom	genome	unknown	B.1.1.7	Alpha
7989	hCoV-19/Wales/PHWC-PYFN5D/2021	2021-05-16	United Kingdom	genome	unknown	B.1.1.7	Alpha
7990	hCoV-19/England/MILK-158B15D/2021	2021-05-16	United Kingdom	genome	unknown	B.1.1.7	Alpha
7991	hCoV-19/England/MILK-158B22D/2021	2021-05-16	United Kingdom	genome	unknown	B.1.1.7	Alpha
7992	hCoV-19/Scotland/QEUH-15904B6/2021	2021-05-16	United Kingdom	genome	unknown	B.1.1.7	Alpha
7993	hCoV-19/Scotland/QEUH-15905B3/2021	2021-05-16	United Kingdom	genome	unknown	B.1.1.7	Alpha
7994	hCoV-19/Scotland/QEUH-15903E6/2021	2021-05-16	United Kingdom	genome	unknown	B.1.1.7	Alpha
7995	hCoV-19/England/MILK-15AD44D/2021	2021-05-16	United Kingdom	genome	unknown	B.1.1.7	Alpha
7996	hCoV-19/Scotland/QEUH-1591DD8/2021	2021-05-16	United Kingdom	genome	unknown	B.1.1.7	Alpha
7997	hCoV-19/England/QEUH-159300A/2021	2021-05-16	United Kingdom	genome	unknown	B.1.1.7	Alpha
7998	hCoV-19/Scotland/QEUH-159178F/2021	2021-05-16	United Kingdom	genome	unknown	B.1.1.7	Alpha
7999	hCoV-19/England/ALDP-1591190/2021	2021-05-16	United Kingdom	genome	unknown	B.1.1.7	Alpha
8000	hCoV-19/Scotland/QEUH-1591F2D/2021	2021-05-16	United Kingdom	genome	unknown	B.1.1.7	Alpha
8001	hCoV-19/Scotland/QEUH-1592092/2021	2021-05-16	United Kingdom	genome	unknown	B.1.1.7	Alpha
8002	hCoV-19/Scotland/QEUH-1593204/2021	2021-05-16	United Kingdom	genome	unknown	B.1.1.7	Alpha
8003	hCoV-19/England/ALDP-159187D/2021	2021-05-16	United Kingdom	genome	unknown	B.1.1.7	Alpha
8004	hCoV-19/England/ALDP-1590F2E/2021	2021-05-16	United Kingdom	genome	unknown	B.1.1.7	Alpha
8005	hCoV-19/Scotland/QEUH-1591752/2021	2021-05-16	United Kingdom	genome	unknown	B.1.1.7	Alpha
8006	hCoV-19/England/MILK-1593B18/2021	2021-05-16	United Kingdom	genome	unknown	B.1.1.7	Alpha
8007	hCoV-19/Scotland/QEUH-1595C40/2021	2021-05-17	United Kingdom	genome	unknown	B.1.1.7	Alpha
8008	hCoV-19/Scotland/QEUH-1595BF8/2021	2021-05-17	United Kingdom	genome	unknown	B.1.1.7	Alpha
8009	hCoV-19/Scotland/QEUH-1595B16/2021	2021-05-17	United Kingdom	genome	unknown	B.1.1.7	Alpha
8010	hCoV-19/Scotland/QEUH-1595B8F/2021	2021-05-17	United Kingdom	genome	unknown	B.1.1.7	Alpha
8011	hCoV-19/England/ALDP-15A2378/2021	2021-05-17	United Kingdom	genome	unknown	B.1.1.7	Alpha
8012	hCoV-19/Scotland/QEUH-1595897/2021	2021-05-17	United Kingdom	genome	unknown	B.1.1.7	Alpha
8013	hCoV-19/England/ALDP-15A22C6/2021	2021-05-17	United Kingdom	genome	unknown	B.1.1.7	Alpha
8014	hCoV-19/England/NORT-1BC12BC/2021	2021-05-17	United Kingdom	genome	unknown	B.1.1.7	Alpha
8015	hCoV-19/Wales/PHWC-PYFGPH/2021	2021-05-17	United Kingdom	genome	unknown	B.1.1.7	Alpha
8016	hCoV-19/England/MILK-1594F1B/2021	2021-05-17	United Kingdom	genome	unknown	B.1.1.7	Alpha
8017	hCoV-19/England/ALDP-159542A/2021	2021-05-17	United Kingdom	genome	unknown	B.1.1.7	Alpha
8018	hCoV-19/England/PHEC-30F01D/2021	2021-05-17	United Kingdom	genome	unknown	B.1.1.7	Alpha
8019	hCoV-19/England/ALDP-15A27E5/2021	2021-05-17	United Kingdom	genome	unknown	B.1.1.7	Alpha
8020	hCoV-19/England/ALDP-159C6E1/2021	2021-05-17	United Kingdom	genome	unknown	B.1.1.7	Alpha
8021	hCoV-19/England/PLYM-158F5D5/2021	2021-05-17	United Kingdom	genome	unknown	B.1.1.7	Alpha
8022	hCoV-19/Scotland/QEUH-159683C/2021	2021-05-17	United Kingdom	genome	unknown	B.1.1.7	Alpha
8023	hCoV-19/England/PLYM-158F70C/2021	2021-05-17	United Kingdom	genome	unknown	B.1.1.7	Alpha
8024	hCoV-19/Scotland/QEUH-15968E1/2021	2021-05-17	United Kingdom	genome	unknown	B.1.1.7	Alpha
8025	hCoV-19/England/ALDP-159E04B/2021	2021-05-17	United Kingdom	genome	unknown	B.1.1.7	Alpha
8026	hCoV-19/England/MILK-158FC85/2021	2021-05-17	United Kingdom	genome	unknown	B.1.1.7	Alpha
8027	hCoV-19/England/MILK-158FF40/2021	2021-05-17	United Kingdom	genome	unknown	B.1.1.7	Alpha
8028	hCoV-19/England/MILK-1592D6E/2021	2021-05-17	United Kingdom	genome	unknown	B.1.1.7	Alpha
8029	hCoV-19/Scotland/QEUH-1596984/2021	2021-05-17	United Kingdom	genome	unknown	B.1.1.7	Alpha
8030	hCoV-19/England/ALDP-1597C02/2021	2021-05-17	United Kingdom	genome	unknown	B.1.1.7	Alpha
8031	hCoV-19/Scotland/QEUH-15948E3/2021	2021-05-17	United Kingdom	genome	unknown	B.1.1.7	Alpha
8032	hCoV-19/Scotland/QEUH-1594B80/2021	2021-05-17	United Kingdom	genome	unknown	B.1.1.7	Alpha
8033	hCoV-19/England/MILK-1593D12/2021	2021-05-17	United Kingdom	genome	unknown	B.1.1.7	Alpha
8034	hCoV-19/Scotland/QEUH-1593310/2021	2021-05-17	United Kingdom	genome	unknown	B.1.1.7	Alpha
8035	hCoV-19/England/MILK-1593E2E/2021	2021-05-17	United Kingdom	genome	unknown	B.1.1.7	Alpha
8036	hCoV-19/Scotland/QEUH-1594ACF/2021	2021-05-17	United Kingdom	genome	unknown	B.1.1.7	Alpha
8037	hCoV-19/England/MILK-1593FC1/2021	2021-05-17	United Kingdom	genome	unknown	Q.1	Alpha
8038	hCoV-19/England/ALDP-1593899/2021	2021-05-17	United Kingdom	genome	unknown	B.1.1.7	Alpha
8039	hCoV-19/NorthernIreland/RAND-1596070/2021	2021-05-17	United Kingdom	genome	unknown	B.1.1.7	Alpha
8040	hCoV-19/England/MILK-1590832/2021	2021-05-17	United Kingdom	genome	unknown	B.1.1.7	Alpha
8041	hCoV-19/England/ALDP-159AB5D/2021	2021-05-17	United Kingdom	genome	unknown	B.1.1.7	Alpha
8042	hCoV-19/NorthernIreland/RAND-1592681/2021	2021-05-17	United Kingdom	genome	unknown	B.1.1.7	Alpha
8043	hCoV-19/England/ALDP-1597C7B/2021	2021-05-17	United Kingdom	genome	unknown	B.1.1.7	Alpha
8044	hCoV-19/England/MILK-1598E29/2021	2021-05-18	United Kingdom	genome	unknown	B.1.1.7	Alpha
8045	hCoV-19/Scotland/QEUH-15974FB/2021	2021-05-18	United Kingdom	genome	unknown	B.1.1.7	Alpha
8046	hCoV-19/England/MILK-159F50F/2021	2021-05-18	United Kingdom	genome	unknown	B.1.1.7	Alpha
8047	hCoV-19/England/ALDP-15A0D21/2021	2021-05-18	United Kingdom	genome	unknown	B.1.1.7	Alpha
8048	hCoV-19/England/ALDP-159F718/2021	2021-05-18	United Kingdom	genome	unknown	B.1.1.7	Alpha
8049	hCoV-19/England/RAND-15A32B6/2021	2021-05-18	United Kingdom	genome	unknown	B.1.1.7	Alpha
8050	hCoV-19/England/ALDP-159D765/2021	2021-05-18	United Kingdom	genome	unknown	B.1.1.7	Alpha
8051	hCoV-19/Wales/PHWC-PYFDBZ/2021	2021-05-18	United Kingdom	genome	unknown	B.1.1.7	Alpha
8052	hCoV-19/England/ALDP-159D3CB/2021	2021-05-18	United Kingdom	genome	unknown	B.1.1.7	Alpha
8053	hCoV-19/England/ALDP-159D47D/2021	2021-05-18	United Kingdom	genome	unknown	B.1.1.7	Alpha
8054	hCoV-19/England/MILK-1599F52/2021	2021-05-18	United Kingdom	genome	unknown	B.1.1.7	Alpha
8055	hCoV-19/England/MILK-1599F16/2021	2021-05-18	United Kingdom	genome	unknown	B.1.1.7	Alpha
8056	hCoV-19/England/MILK-1592BCE/2021	2021-05-18	United Kingdom	genome	unknown	B.1.1.7	Alpha
8057	hCoV-19/England/SHEF-10E7260/2021	2021-05-18	United Kingdom	genome	unknown	B.1.1.7	Alpha
8058	hCoV-19/England/MILK-159A2B2/2021	2021-05-18	United Kingdom	genome	unknown	B.1.1.7	Alpha
8059	hCoV-19/Scotland/QEUH-15973B2/2021	2021-05-18	United Kingdom	genome	unknown	B.1.1.7	Alpha
8060	hCoV-19/Scotland/QEUH-15973EF/2021	2021-05-18	United Kingdom	genome	unknown	B.1.1.7	Alpha
8061	hCoV-19/Scotland/QEUH-1597419/2021	2021-05-18	United Kingdom	genome	unknown	B.1.1.7	Alpha
8062	hCoV-19/England/QEUH-1598B5F/2021	2021-05-18	United Kingdom	genome	unknown	B.1.1.7	Alpha
8063	hCoV-19/England/PHEC-Q303Q25F/2021	2021-05-18	United Kingdom	genome	unknown	B.1.1.7	Alpha
8064	hCoV-19/NorthernIreland/NIRE-0035d6/2021	2021-05-18	United Kingdom	genome	unknown	B.1.1.7	Alpha
8065	hCoV-19/Scotland/EDB18016/2021	2021-05-18	United Kingdom	genome	unknown	B.1.1.7	Alpha
8066	hCoV-19/England/HSLL-1595DC5/2021	2021-05-18	United Kingdom	genome	unknown	B.1.1.7	Alpha
8067	hCoV-19/England/MILK-1595202/2021	2021-05-18	United Kingdom	genome	unknown	B.1.1.7	Alpha
8068	hCoV-19/England/MILK-159523F/2021	2021-05-18	United Kingdom	genome	unknown	B.1.1.7	Alpha
8069	hCoV-19/England/MILK-1595F29/2021	2021-05-18	United Kingdom	genome	unknown	B.1.1.7	Alpha
8070	hCoV-19/NorthernIreland/NIRE-0035c0/2021	2021-05-18	United Kingdom	genome	unknown	B.1.1.7	Alpha
8071	hCoV-19/England/MILK-1595ED1/2021	2021-05-18	United Kingdom	genome	unknown	B.1.1.7	Alpha
8072	hCoV-19/NorthernIreland/NIRE-0035dd/2021	2021-05-18	United Kingdom	genome	unknown	B.1.1.7	Alpha
8073	hCoV-19/NorthernIreland/NIRE-00357c/2021	2021-05-18	United Kingdom	genome	unknown	B.1.1.7	Alpha
8074	hCoV-19/NorthernIreland/NIRE-0035c6/2021	2021-05-18	United Kingdom	genome	unknown	B.1.1.7	Alpha
8075	hCoV-19/NorthernIreland/NIRE-0035cb/2021	2021-05-18	United Kingdom	genome	unknown	B.1.1.7	Alpha
8076	hCoV-19/England/NORT-1BC1DBB/2021	2021-05-18	United Kingdom	genome	unknown	B.1.1.7	Alpha
8077	hCoV-19/England/NORT-1BC1F1F/2021	2021-05-18	United Kingdom	genome	unknown	B.1.1.7	Alpha
8078	hCoV-19/England/NORT-1BC1C27/2021	2021-05-18	United Kingdom	genome	unknown	B.1.1.7	Alpha
8079	hCoV-19/England/MILK-159FFC5/2021	2021-05-18	United Kingdom	genome	unknown	B.1.1.7	Alpha
8080	hCoV-19/England/ALDP-15A61A7/2021	2021-05-18	United Kingdom	genome	unknown	B.1.1.7	Alpha
8081	hCoV-19/England/ALDP-159F772/2021	2021-05-18	United Kingdom	genome	unknown	B.1.1.7	Alpha
8082	hCoV-19/England/ALDP-159E97D/2021	2021-05-18	United Kingdom	genome	unknown	B.1.1.7	Alpha
8083	hCoV-19/Scotland/GGC357/2021	2021-05-18	United Kingdom	genome	unknown	B.1.1.7	Alpha
8084	hCoV-19/England/ALDP-159E62B/2021	2021-05-18	United Kingdom	genome	unknown	B.1.1.7	Alpha
8085	hCoV-19/Scotland/QEUH-159D05B/2021	2021-05-18	United Kingdom	genome	unknown	B.1.1.7	Alpha
8086	hCoV-19/Scotland/QEUH-15A39A2/2021	2021-05-19	United Kingdom	genome	unknown	B.1.1.7	Alpha
8087	hCoV-19/Scotland/QEUH-15A383C/2021	2021-05-19	United Kingdom	genome	unknown	B.1.1.7	Alpha
8088	hCoV-19/England/MILK-159F086/2021	2021-05-19	United Kingdom	genome	unknown	B.1.1.7	Alpha
8089	hCoV-19/England/MILK-159F61B/2021	2021-05-19	United Kingdom	genome	unknown	B.1.1.7	Alpha
8090	hCoV-19/England/ALDP-159EA89/2021	2021-05-19	United Kingdom	genome	unknown	B.1.1.7	Alpha
8091	hCoV-19/Scotland/QEUH-159D325/2021	2021-05-19	United Kingdom	genome	unknown	B.1.1.7	Alpha
8092	hCoV-19/England/MILK-159F1ED/2021	2021-05-19	United Kingdom	genome	unknown	B.1.1.7	Alpha
8093	hCoV-19/England/MILK-1596CF4/2021	2021-05-19	United Kingdom	genome	unknown	B.1.1.7	Alpha
8094	hCoV-19/England/MILK-15A375D/2021	2021-05-19	United Kingdom	genome	unknown	B.1.1.7	Alpha
8095	hCoV-19/England/MILK-159FDAD/2021	2021-05-19	United Kingdom	genome	unknown	B.1.1.7	Alpha
8096	hCoV-19/England/MILK-15A16F8/2021	2021-05-19	United Kingdom	genome	unknown	B.1.1.7	Alpha
8097	hCoV-19/England/MILK-15A034D/2021	2021-05-19	United Kingdom	genome	unknown	B.1.1.7	Alpha
8098	hCoV-19/England/MILK-15A1A29/2021	2021-05-19	United Kingdom	genome	unknown	B.1.1.7	Alpha
8099	hCoV-19/England/MILK-15A076F/2021	2021-05-19	United Kingdom	genome	unknown	B.1.1.7	Alpha
8100	hCoV-19/England/MILK-15A04A4/2021	2021-05-19	United Kingdom	genome	unknown	B.1.1.7	Alpha
8101	hCoV-19/England/ALDP-159CDBF/2021	2021-05-19	United Kingdom	genome	unknown	B.1.1.7	Alpha
8102	hCoV-19/Scotland/QEUH-159DD63/2021	2021-05-19	United Kingdom	genome	unknown	B.1.1.7	Alpha
8103	hCoV-19/England/MILK-159C274/2021	2021-05-19	United Kingdom	genome	unknown	B.1.1.7	Alpha
8104	hCoV-19/England/ALDP-159C9F7/2021	2021-05-19	United Kingdom	genome	unknown	B.1.1.7	Alpha
8105	hCoV-19/England/MILK-159C4BA/2021	2021-05-19	United Kingdom	genome	unknown	B.1.1.7	Alpha
8106	hCoV-19/England/MILK-159FD16/2021	2021-05-19	United Kingdom	genome	unknown	B.1.1.7	Alpha
8107	hCoV-19/England/HSLL-15A31E6/2021	2021-05-19	United Kingdom	genome	unknown	B.1.1.7	Alpha
8108	hCoV-19/England/ALDP-15A5CA7/2021	2021-05-19	United Kingdom	genome	unknown	B.1.1.7	Alpha
8109	hCoV-19/England/ALDP-15A7461/2021	2021-05-19	United Kingdom	genome	unknown	B.1.1.7	Alpha
8110	hCoV-19/Scotland/QEUH-15A384B/2021	2021-05-19	United Kingdom	genome	unknown	B.1.1.7	Alpha
8111	hCoV-19/Scotland/QEUH-159E281/2021	2021-05-19	United Kingdom	genome	unknown	B.1.1.7	Alpha
8112	hCoV-19/NorthernIreland/NIRE-0035ee/2021	2021-05-19	United Kingdom	genome	unknown	B.1.1.7	Alpha
8113	hCoV-19/Scotland/QEUH-159DCB1/2021	2021-05-19	United Kingdom	genome	unknown	B.1.1.7	Alpha
8114	hCoV-19/Scotland/QEUH-159DF21/2021	2021-05-19	United Kingdom	genome	unknown	B.1.1.7	Alpha
8115	hCoV-19/England/MILK-15A05B0/2021	2021-05-19	United Kingdom	genome	unknown	B.1.1.7	Alpha
8116	hCoV-19/Scotland/QEUH-159DBB4/2021	2021-05-19	United Kingdom	genome	unknown	B.1.1.7	Alpha
8117	hCoV-19/Scotland/QEUH-159DC75/2021	2021-05-19	United Kingdom	genome	unknown	B.1.1.7	Alpha
8118	hCoV-19/Scotland/QEUH-159E351/2021	2021-05-19	United Kingdom	genome	unknown	B.1.1.7	Alpha
8119	hCoV-19/Scotland/QEUH-159DE42/2021	2021-05-19	United Kingdom	genome	unknown	B.1.1.7	Alpha
8120	hCoV-19/England/MILK-159C4D8/2021	2021-05-19	United Kingdom	genome	unknown	B.1.1.7	Alpha
8121	hCoV-19/England/MILK-15A044A/2021	2021-05-19	United Kingdom	genome	unknown	B.1.1.7	Alpha
8122	hCoV-19/Wales/PHWC-PYFKH3/2021	2021-05-19	United Kingdom	genome	unknown	B.1.1.7	Alpha
8123	hCoV-19/England/MILK-15A1731/2021	2021-05-19	United Kingdom	genome	unknown	B.1.1.7	Alpha
8124	hCoV-19/England/MILK-159FD25/2021	2021-05-19	United Kingdom	genome	unknown	B.1.1.7	Alpha
8125	hCoV-19/Wales/PHWC-PYFDEJ/2021	2021-05-19	United Kingdom	genome	unknown	B.1.1.7	Alpha
8126	hCoV-19/England/NORT-1BC16A1/2021	2021-05-19	United Kingdom	genome	unknown	B.1.1.7	Alpha
8127	hCoV-19/England/NORT-1BC1B75/2021	2021-05-19	United Kingdom	genome	unknown	B.1.1.7	Alpha
8128	hCoV-19/NorthernIreland/RAND-15AA194/2021	2021-05-19	United Kingdom	genome	unknown	B.1.1.7	Alpha
8129	hCoV-19/England/PLYM-159BE62/2021	2021-05-19	United Kingdom	genome	unknown	B.1.1.7	Alpha
8130	hCoV-19/England/PLYM-159BF7E/2021	2021-05-19	United Kingdom	genome	unknown	B.1.1.7	Alpha
8131	hCoV-19/Scotland/QEUH-15A1F39/2021	2021-05-19	United Kingdom	genome	unknown	B.1.1.7	Alpha
8132	hCoV-19/Scotland/QEUH-15A1F0C/2021	2021-05-19	United Kingdom	genome	unknown	B.1.1.7	Alpha
8133	hCoV-19/Scotland/QEUH-15A1E3C/2021	2021-05-19	United Kingdom	genome	unknown	B.1.1.7	Alpha
8134	hCoV-19/Scotland/QEUH-159D370/2021	2021-05-19	United Kingdom	genome	unknown	B.1.1.7	Alpha
8135	hCoV-19/England/MILK-1598DFF/2021	2021-05-19	United Kingdom	genome	unknown	B.1.1.7	Alpha
8136	hCoV-19/England/ALDP-15A97EE/2021	2021-05-20	United Kingdom	genome	unknown	B.1.1.7	Alpha
8137	hCoV-19/England/MILK-15A9CEF/2021	2021-05-20	United Kingdom	genome	unknown	B.1.1.7	Alpha
8138	hCoV-19/England/ALDP-15A804E/2021	2021-05-20	United Kingdom	genome	unknown	B.1.1.7	Alpha
8139	hCoV-19/England/ALDP-15A8B01/2021	2021-05-20	United Kingdom	genome	unknown	B.1.1.7	Alpha
8140	hCoV-19/England/ALDP-15A87EF/2021	2021-05-20	United Kingdom	genome	unknown	B.1.1.7	Alpha
8141	hCoV-19/England/ALDP-15A7FAC/2021	2021-05-20	United Kingdom	genome	unknown	B.1.1.7	Alpha
8142	hCoV-19/England/ALDP-15A772C/2021	2021-05-20	United Kingdom	genome	unknown	B.1.1.7	Alpha
8143	hCoV-19/England/ALDP-15A8390/2021	2021-05-20	United Kingdom	genome	unknown	B.1.1.7	Alpha
8144	hCoV-19/England/MILK-15A9E8F/2021	2021-05-20	United Kingdom	genome	unknown	Q.1	Alpha
8145	hCoV-19/Wales/PHWC-PYFK6I/2021	2021-05-20	United Kingdom	genome	unknown	B.1.1.7	Alpha
8146	hCoV-19/England/ALDP-15A87A3/2021	2021-05-20	United Kingdom	genome	unknown	B.1.1.7	Alpha
8147	hCoV-19/England/MILK-15ACD34/2021	2021-05-20	United Kingdom	genome	unknown	B.1.1.7	Alpha
8148	hCoV-19/England/ALDP-15A8B5C/2021	2021-05-20	United Kingdom	genome	unknown	B.1.1.7	Alpha
8149	hCoV-19/England/MILK-15A9BF1/2021	2021-05-20	United Kingdom	genome	unknown	Q.7	Alpha
8150	hCoV-19/England/ALDP-15ABB3B/2021	2021-05-20	United Kingdom	genome	unknown	B.1.1.7	Alpha
8151	hCoV-19/England/MILK-15ACF01/2021	2021-05-20	United Kingdom	genome	unknown	B.1.1.7	Alpha
8152	hCoV-19/England/ALDP-15AB940/2021	2021-05-20	United Kingdom	genome	unknown	B.1.1.7	Alpha
8153	hCoV-19/England/PLYM-15A2E77/2021	2021-05-20	United Kingdom	genome	unknown	B.1.1.7	Alpha
8154	hCoV-19/England/MILK-15A2C7D/2021	2021-05-20	United Kingdom	genome	unknown	B.1.1.7	Alpha
8155	hCoV-19/NorthernIreland/NIRE-0035f0/2021	2021-05-20	United Kingdom	genome	unknown	B.1.1.7	Alpha
8156	hCoV-19/England/ALDP-15AEC80/2021	2021-05-20	United Kingdom	genome	unknown	B.1.1.7	Alpha
8157	hCoV-19/England/ALDP-15AA783/2021	2021-05-20	United Kingdom	genome	unknown	B.1.1.7	Alpha
8158	hCoV-19/Scotland/QEUH-15A4FAF/2021	2021-05-20	United Kingdom	genome	unknown	B.1.1.7	Alpha
8159	hCoV-19/Scotland/QEUH-15A5269/2021	2021-05-20	United Kingdom	genome	unknown	B.1.1.7	Alpha
8160	hCoV-19/Scotland/QEUH-15A4F72/2021	2021-05-20	United Kingdom	genome	unknown	B.1.1.7	Alpha
8161	hCoV-19/Scotland/QEUH-15A53DF/2021	2021-05-20	United Kingdom	genome	unknown	B.1.1.7	Alpha
8162	hCoV-19/Scotland/QEUH-15A5393/2021	2021-05-20	United Kingdom	genome	unknown	B.1.1.7	Alpha
8163	hCoV-19/Scotland/QEUH-15A4F90/2021	2021-05-20	United Kingdom	genome	unknown	B.1.1.7	Alpha
8164	hCoV-19/Scotland/QEUH-15A51C6/2021	2021-05-20	United Kingdom	genome	unknown	B.1.1.7	Alpha
8165	hCoV-19/England/ALDP-15A870D/2021	2021-05-20	United Kingdom	genome	unknown	B.1.1.7	Alpha
8166	hCoV-19/England/HSLL-15A30DA/2021	2021-05-20	United Kingdom	genome	unknown	B.1.1.7	Alpha
8167	hCoV-19/Scotland/QEUH-15A52A5/2021	2021-05-20	United Kingdom	genome	unknown	B.1.1.7	Alpha
8168	hCoV-19/England/PLYM-15A2EE0/2021	2021-05-20	United Kingdom	genome	unknown	B.1.1.7	Alpha
8169	hCoV-19/England/ALDP-15AEB83/2021	2021-05-20	United Kingdom	genome	unknown	B.1.1.7	Alpha
8170	hCoV-19/England/MILK-15A49ED/2021	2021-05-20	United Kingdom	genome	unknown	B.1.1.7	Alpha
8171	hCoV-19/Scotland/QEUH-15A3AAF/2021	2021-05-20	United Kingdom	genome	unknown	B.1.1.7	Alpha
8172	hCoV-19/England/QEUH-15A3BCA/2021	2021-05-20	United Kingdom	genome	unknown	B.1.1.7	Alpha
8173	hCoV-19/NorthernIreland/NIRE-00364a/2021	2021-05-20	United Kingdom	genome	unknown	B.1.1.7	Alpha
8174	hCoV-19/NorthernIreland/RAND-15AA228/2021	2021-05-20	United Kingdom	genome	unknown	B.1.1.7	Alpha
8175	hCoV-19/Scotland/QEUH-15A4EA2/2021	2021-05-20	United Kingdom	genome	unknown	B.1.1.7	Alpha
8176	hCoV-19/Scotland/QEUH-15A38B4/2021	2021-05-20	United Kingdom	genome	unknown	B.1.1.7	Alpha
8177	hCoV-19/England/MILK-15A4A53/2021	2021-05-20	United Kingdom	genome	unknown	B.1.1.7	Alpha
8178	hCoV-19/England/MILK-15A3F46/2021	2021-05-20	United Kingdom	genome	unknown	B.1.1.7	Alpha
8179	hCoV-19/Scotland/QEUH-15A4B50/2021	2021-05-20	United Kingdom	genome	unknown	B.1.1.7	Alpha
8180	hCoV-19/Scotland/QEUH-15A4552/2021	2021-05-20	United Kingdom	genome	unknown	B.1.1.7	Alpha
8181	hCoV-19/Scotland/QEUH-15A4604/2021	2021-05-20	United Kingdom	genome	unknown	B.1.1.7	Alpha
8182	hCoV-19/Scotland/QEUH-15A4516/2021	2021-05-20	United Kingdom	genome	unknown	B.1.1.7	Alpha
8183	hCoV-19/England/MILK-15A376C/2021	2021-05-20	United Kingdom	genome	unknown	B.1.1.7	Alpha
8184	hCoV-19/Scotland/QEUH-15A4473/2021	2021-05-20	United Kingdom	genome	unknown	B.1.1.7	Alpha
8185	hCoV-19/NorthernIreland/NIRE-00361e/2021	2021-05-20	United Kingdom	genome	unknown	B.1.1.7	Alpha
8186	hCoV-19/England/MILK-15A2C5F/2021	2021-05-20	United Kingdom	genome	unknown	B.1.1.7	Alpha
8187	hCoV-19/Scotland/QEUH-15A3A27/2021	2021-05-20	United Kingdom	genome	unknown	B.1.1.7	Alpha
8188	hCoV-19/England/QEUH-15ABDF9/2021	2021-05-20	United Kingdom	genome	unknown	B.1.1.7	Alpha
8189	hCoV-19/Wales/PHWC-PYFGUX/2021	2021-05-20	United Kingdom	genome	unknown	B.1.1.7	Alpha
8190	hCoV-19/England/MILK-15AB773/2021	2021-05-21	United Kingdom	genome	unknown	B.1.1.7	Alpha
8191	hCoV-19/England/NORT-1BC3BFB/2021	2021-05-21	United Kingdom	genome	unknown	B.1.1.7	Alpha
8192	hCoV-19/Scotland/QEUH-15ABE50/2021	2021-05-21	United Kingdom	genome	unknown	B.1.1.7	Alpha
8193	hCoV-19/Scotland/QEUH-15ABE05/2021	2021-05-21	United Kingdom	genome	unknown	B.1.1.7	Alpha
8194	hCoV-19/Scotland/QEUH-15ADFD3/2021	2021-05-21	United Kingdom	genome	unknown	B.1.1.7	Alpha
8195	hCoV-19/Scotland/QEUH-15AFBFB/2021	2021-05-21	United Kingdom	genome	unknown	B.1.1.7	Alpha
8196	hCoV-19/Scotland/QEUH-15B2B31/2021	2021-05-21	United Kingdom	genome	unknown	B.1.1.7	Alpha
8197	hCoV-19/Wales/PHWC-PYF8OW/2021	2021-05-21	United Kingdom	genome	unknown	B.1.1.7	Alpha
8198	hCoV-19/England/MILK-15AB7CE/2021	2021-05-21	United Kingdom	genome	unknown	B.1.1.7	Alpha
8199	hCoV-19/England/MILK-15AAE15/2021	2021-05-21	United Kingdom	genome	unknown	B.1.1.7	Alpha
8200	hCoV-19/Scotland/QEUH-15ADDF7/2021	2021-05-21	United Kingdom	genome	unknown	B.1.1.7	Alpha
8201	hCoV-19/Scotland/EDB18073/2021	2021-05-21	United Kingdom	genome	unknown	B.1.1.7	Alpha
8202	hCoV-19/Wales/PHWC-PYFJ46/2021	2021-05-21	United Kingdom	genome	unknown	B.1.1.7	Alpha
8203	hCoV-19/Wales/PHWC-PYFJRM/2021	2021-05-21	United Kingdom	genome	unknown	B.1.1.7	Alpha
8204	hCoV-19/Scotland/QEUH-15ADE30/2021	2021-05-21	United Kingdom	genome	unknown	B.1.1.7	Alpha
8205	hCoV-19/Scotland/QEUH-15AD1A0/2021	2021-05-21	United Kingdom	genome	unknown	B.1.1.7	Alpha
8206	hCoV-19/Scotland/QEUH-15AD119/2021	2021-05-21	United Kingdom	genome	unknown	B.1.1.7	Alpha
8207	hCoV-19/Wales/PHWC-PYFKOT/2021	2021-05-21	United Kingdom	genome	unknown	B.1.1.7	Alpha
8208	hCoV-19/Scotland/QEUH-15A9274/2021	2021-05-21	United Kingdom	genome	unknown	B.1.1.7	Alpha
8209	hCoV-19/NorthernIreland/NIRE-003673/2021	2021-05-21	United Kingdom	genome	unknown	B.1.1.7	Alpha
8210	hCoV-19/NorthernIreland/NIRE-0036a7/2021	2021-05-21	United Kingdom	genome	unknown	B.1.1.7	Alpha
8211	hCoV-19/NorthernIreland/NIRE-003699/2021	2021-05-21	United Kingdom	genome	unknown	B.1.1.7	Alpha
8212	hCoV-19/England/ALDP-15AE97A/2021	2021-05-21	United Kingdom	genome	unknown	Q.1	Alpha
8213	hCoV-19/England/ALDP-15B0F19/2021	2021-05-21	United Kingdom	genome	unknown	B.1.1.7	Alpha
8214	hCoV-19/England/MILK-15AE3C7/2021	2021-05-21	United Kingdom	genome	unknown	B.1.1.7	Alpha
8215	hCoV-19/England/MILK-15B066F/2021	2021-05-21	United Kingdom	genome	unknown	B.1.1.7	Alpha
8216	hCoV-19/England/MILK-15AA0C4/2021	2021-05-21	United Kingdom	genome	unknown	B.1.1.7	Alpha
8217	hCoV-19/England/ALDP-15ADA2D/2021	2021-05-21	United Kingdom	genome	unknown	B.1.1.7	Alpha
8218	hCoV-19/England/MILK-15AE303/2021	2021-05-21	United Kingdom	genome	unknown	B.1.1.7	Alpha
8219	hCoV-19/England/RAND-15AE1DC/2021	2021-05-21	United Kingdom	genome	unknown	B.1.1.7	Alpha
8220	hCoV-19/England/ALDP-15B0C6D/2021	2021-05-21	United Kingdom	genome	unknown	B.1.1.7	Alpha
8221	hCoV-19/England/MILK-15AB5C4/2021	2021-05-21	United Kingdom	genome	unknown	B.1.1.7	Alpha
8222	hCoV-19/England/ALDP-15AC3BA/2021	2021-05-21	United Kingdom	genome	unknown	B.1.1.7	Alpha
8223	hCoV-19/England/MILK-15AD43E/2021	2021-05-21	United Kingdom	genome	unknown	B.1.1.7	Alpha
8224	hCoV-19/England/ALDP-15A82A2/2021	2021-05-21	United Kingdom	genome	unknown	B.1.1.7	Alpha
8225	hCoV-19/England/PLYM-15AA291/2021	2021-05-21	United Kingdom	genome	unknown	B.1.1.7	Alpha
8226	hCoV-19/England/ALDP-15B0F64/2021	2021-05-22	United Kingdom	genome	unknown	B.1.1.7	Alpha
8227	hCoV-19/England/MILK-15AF3C6/2021	2021-05-22	United Kingdom	genome	unknown	B.1.1.7	Alpha
8228	hCoV-19/Scotland/QEUH-15AFD31/2021	2021-05-22	United Kingdom	genome	unknown	B.1.1.7	Alpha
8229	hCoV-19/Scotland/QEUH-15AFA58/2021	2021-05-22	United Kingdom	genome	unknown	B.1.1.7	Alpha
8230	hCoV-19/England/MILK-15AD3F5/2021	2021-05-22	United Kingdom	genome	unknown	B.1.1.7	Alpha
8231	hCoV-19/England/MILK-15AD559/2021	2021-05-22	United Kingdom	genome	unknown	B.1.1.7	Alpha
8232	hCoV-19/England/ALDP-15B0508/2021	2021-05-22	United Kingdom	genome	unknown	B.1.1.7	Alpha
8233	hCoV-19/Wales/MILK-15AF2C9/2021	2021-05-22	United Kingdom	genome	unknown	B.1.1.7	Alpha
8234	hCoV-19/NorthernIreland/NIRE-0036bf/2021	2021-05-22	United Kingdom	genome	unknown	B.1.1.7	Alpha
8235	hCoV-19/NorthernIreland/NIRE-003691/2021	2021-05-22	United Kingdom	genome	unknown	B.1.1.7	Alpha
8236	hCoV-19/NorthernIreland/NIRE-0036a3/2021	2021-05-22	United Kingdom	genome	unknown	B.1.1.7	Alpha
8237	hCoV-19/NorthernIreland/NIRE-00369b/2021	2021-05-22	United Kingdom	genome	unknown	B.1.1.7	Alpha
8238	hCoV-19/England/ALDP-15B80B4/2021	2021-05-22	United Kingdom	genome	unknown	B.1.1.7	Alpha
8239	hCoV-19/England/ALDP-15B8193/2021	2021-05-22	United Kingdom	genome	unknown	B.1.1.7	Alpha
8240	hCoV-19/Scotland/QEUH-15AFC61/2021	2021-05-22	United Kingdom	genome	unknown	B.1.1.7	Alpha
8241	hCoV-19/England/PLYM-15BA47A/2021	2021-05-22	United Kingdom	genome	unknown	B.1.1.7	Alpha
8242	hCoV-19/England/NORT-1BC3EB6/2021	2021-05-22	United Kingdom	genome	unknown	B.1.1.7	Alpha
8243	hCoV-19/England/NORT-1BC3F0E/2021	2021-05-22	United Kingdom	genome	unknown	B.1.1.7	Alpha
8244	hCoV-19/England/NORT-1BC419E/2021	2021-05-22	United Kingdom	genome	unknown	B.1.1.7	Alpha
8245	hCoV-19/Scotland/EDB18061/2021	2021-05-22	United Kingdom	genome	unknown	B.1.1.7	Alpha
8246	hCoV-19/Scotland/QEUH-15BAC72/2021	2021-05-22	United Kingdom	genome	unknown	B.1.1.7	Alpha
8247	hCoV-19/England/ALDP-15D1440/2021	2021-05-22	United Kingdom	genome	unknown	B.1.1.7	Alpha
8248	hCoV-19/England/PLYM-15B95C3/2021	2021-05-23	United Kingdom	genome	unknown	B.1.1.7	Alpha
8249	hCoV-19/NorthernIreland/NIRE-0036c3/2021	2021-05-23	United Kingdom	genome	unknown	B.1.1.7	Alpha
8250	hCoV-19/England/PLYM-15B9350/2021	2021-05-23	United Kingdom	genome	unknown	B.1.1.7	Alpha
8251	hCoV-19/England/ALDP-15B8E50/2021	2021-05-23	United Kingdom	genome	unknown	B.1.1.7	Alpha
8252	hCoV-19/England/PHEC-3119C2/2021	2021-05-23	United Kingdom	genome	unknown	B.1.1.7	Alpha
8253	hCoV-19/England/MILK-15B88CB/2021	2021-05-23	United Kingdom	genome	unknown	B.1.1.7	Alpha
8254	hCoV-19/England/MILK-15B0A36/2021	2021-05-23	United Kingdom	genome	unknown	B.1.1.7	Alpha
8255	hCoV-19/England/MILK-15B1D96/2021	2021-05-23	United Kingdom	genome	unknown	B.1.1.7	Alpha
8256	hCoV-19/England/ALDP-15B5C77/2021	2021-05-23	United Kingdom	genome	unknown	B.1.1.7	Alpha
8257	hCoV-19/England/ALDP-15BBA4A/2021	2021-05-23	United Kingdom	genome	unknown	B.1.1.7	Alpha
8258	hCoV-19/England/ALDP-15CB85C/2021	2021-05-23	United Kingdom	genome	unknown	B.1.1.7	Alpha
8259	hCoV-19/England/ALDP-15BFF0B/2021	2021-05-23	United Kingdom	genome	unknown	B.1.1.7	Alpha
8260	hCoV-19/Scotland/QEUH-15C0417/2021	2021-05-23	United Kingdom	genome	unknown	B.1.1.7	Alpha
8261	hCoV-19/Scotland/QEUH-15B6362/2021	2021-05-23	United Kingdom	genome	unknown	B.1.1.7	Alpha
8262	hCoV-19/Scotland/QEUH-15B52C0/2021	2021-05-23	United Kingdom	genome	unknown	B.1.1.7	Alpha
8263	hCoV-19/Scotland/QEUH-15B75F2/2021	2021-05-23	United Kingdom	genome	unknown	B.1.1.7	Alpha
8264	hCoV-19/Scotland/QEUH-15B74B9/2021	2021-05-23	United Kingdom	genome	unknown	B.1.1.7	Alpha
8265	hCoV-19/Scotland/QEUH-15B5187/2021	2021-05-23	United Kingdom	genome	unknown	B.1.1.7	Alpha
8266	hCoV-19/England/ALDP-15B8E8D/2021	2021-05-23	United Kingdom	genome	unknown	B.1.1.7	Alpha
8267	hCoV-19/England/MILK-15B6775/2021	2021-05-23	United Kingdom	genome	unknown	B.1.1.7	Alpha
8268	hCoV-19/Scotland/QEUH-15B738F/2021	2021-05-23	United Kingdom	genome	unknown	B.1.1.7	Alpha
8269	hCoV-19/England/HSLL-15B4786/2021	2021-05-23	United Kingdom	genome	unknown	B.1.1.7	Alpha
8270	hCoV-19/England/ALDP-15C014D/2021	2021-05-23	United Kingdom	genome	unknown	B.1.1.7	Alpha
8271	hCoV-19/Scotland/QEUH-15B7729/2021	2021-05-23	United Kingdom	genome	unknown	B.1.1.7	Alpha
8272	hCoV-19/England/MILK-15AF27E/2021	2021-05-23	United Kingdom	genome	unknown	B.1.1.7	Alpha
8273	hCoV-19/England/MILK-15AF108/2021	2021-05-23	United Kingdom	genome	unknown	B.1.1.7	Alpha
8274	hCoV-19/England/ALDP-15B8F02/2021	2021-05-23	United Kingdom	genome	unknown	B.1.1.7	Alpha
8275	hCoV-19/England/MILK-15B6863/2021	2021-05-23	United Kingdom	genome	unknown	B.1.1.7	Alpha
8276	hCoV-19/England/ALDP-15CE1C7/2021	2021-05-24	United Kingdom	genome	unknown	B.1.1.7	Alpha
8277	hCoV-19/England/ALDP-15D1941/2021	2021-05-24	United Kingdom	genome	unknown	B.1.1.7	Alpha
8278	hCoV-19/England/MILK-1605B89/2021	2021-05-24	United Kingdom	genome	unknown	Q.1	Alpha
8279	hCoV-19/England/ALDP-15BD5CF/2021	2021-05-24	United Kingdom	genome	unknown	B.1.1.7	Alpha
8280	hCoV-19/England/ALDP-15CB90E/2021	2021-05-24	United Kingdom	genome	unknown	B.1.1.7	Alpha
8281	hCoV-19/England/ALDP-15CBCC9/2021	2021-05-24	United Kingdom	genome	unknown	B.1.1.7	Alpha
8282	hCoV-19/England/MILK-15BC751/2021	2021-05-24	United Kingdom	genome	unknown	B.1.1.7	Alpha
8283	hCoV-19/England/ALDP-15D138F/2021	2021-05-24	United Kingdom	genome	unknown	B.1.1.7	Alpha
8284	hCoV-19/England/ALDP-15CE121/2021	2021-05-24	United Kingdom	genome	unknown	B.1.1.7	Alpha
8285	hCoV-19/Scotland/QEUH-15C2864/2021	2021-05-24	United Kingdom	genome	unknown	B.1.1.7	Alpha
8286	hCoV-19/Scotland/QEUH-15C38EB/2021	2021-05-24	United Kingdom	genome	unknown	B.1.1.7	Alpha
8287	hCoV-19/Scotland/QEUH-15C3B1F/2021	2021-05-24	United Kingdom	genome	unknown	B.1.1.7	Alpha
8288	hCoV-19/Scotland/QEUH-15C27A3/2021	2021-05-24	United Kingdom	genome	unknown	B.1.1.7	Alpha
8289	hCoV-19/Scotland/QEUH-15C256D/2021	2021-05-24	United Kingdom	genome	unknown	B.1.1.7	Alpha
8290	hCoV-19/Scotland/QEUH-15C2AD7/2021	2021-05-24	United Kingdom	genome	unknown	B.1.1.7	Alpha
8291	hCoV-19/Scotland/QEUH-15C29BC/2021	2021-05-24	United Kingdom	genome	unknown	B.1.1.7	Alpha
8292	hCoV-19/Scotland/QEUH-15C36D2/2021	2021-05-24	United Kingdom	genome	unknown	B.1.1.7	Alpha
8293	hCoV-19/England/MILK-15B79D8/2021	2021-05-24	United Kingdom	genome	unknown	B.1.1.7	Alpha
8294	hCoV-19/England/MILK-15B77A1/2021	2021-05-24	United Kingdom	genome	unknown	B.1.1.7	Alpha
8295	hCoV-19/Scotland/QEUH-15BEAA1/2021	2021-05-24	United Kingdom	genome	unknown	B.1.1.7	Alpha
8296	hCoV-19/Scotland/QEUH-15BEA83/2021	2021-05-24	United Kingdom	genome	unknown	B.1.1.7	Alpha
8297	hCoV-19/England/MILK-15B7862/2021	2021-05-24	United Kingdom	genome	unknown	B.1.1.7	Alpha
8298	hCoV-19/Scotland/QEUH-15BD00A/2021	2021-05-24	United Kingdom	genome	unknown	B.1.1.7	Alpha
8299	hCoV-19/England/MILK-15C2B01/2021	2021-05-24	United Kingdom	genome	unknown	B.1.1.7	Alpha
8300	hCoV-19/Scotland/QEUH-15BADAC/2021	2021-05-24	United Kingdom	genome	unknown	B.1.1.7	Alpha
8301	hCoV-19/Scotland/QEUH-15BCE3E/2021	2021-05-24	United Kingdom	genome	unknown	B.1.1.7	Alpha
8302	hCoV-19/Scotland/QEUH-15BD082/2021	2021-05-24	United Kingdom	genome	unknown	B.1.1.7	Alpha
8303	hCoV-19/Scotland/QEUH-15C28EC/2021	2021-05-24	United Kingdom	genome	unknown	B.1.1.7	Alpha
8304	hCoV-19/England/MILK-15B4D48/2021	2021-05-24	United Kingdom	genome	unknown	B.1.1.7	Alpha
8305	hCoV-19/England/MILK-15B6942/2021	2021-05-24	United Kingdom	genome	unknown	B.1.1.7	Alpha
8306	hCoV-19/England/ALDP-15D15C5/2021	2021-05-24	United Kingdom	genome	unknown	B.1.1.7	Alpha
8307	hCoV-19/England/MILK-15BAFC4/2021	2021-05-24	United Kingdom	genome	unknown	B.1.1.7	Alpha
8308	hCoV-19/England/MILK-15B7D45/2021	2021-05-24	United Kingdom	genome	unknown	B.1.1.7	Alpha
8309	hCoV-19/England/MILK-15B6A30/2021	2021-05-24	United Kingdom	genome	unknown	B.1.1.7	Alpha
8310	hCoV-19/England/MILK-15B660F/2021	2021-05-24	United Kingdom	genome	unknown	B.1.1.7	Alpha
8311	hCoV-19/England/NORW-13DFE55/2021	2021-05-24	United Kingdom	genome	unknown	B.1.1.7	Alpha
8312	hCoV-19/England/ALDP-15C9205/2021	2021-05-24	United Kingdom	genome	unknown	B.1.1.7	Alpha
8313	hCoV-19/England/MILK-15B6739/2021	2021-05-24	United Kingdom	genome	unknown	B.1.1.7	Alpha
8314	hCoV-19/England/MILK-15B697F/2021	2021-05-24	United Kingdom	genome	unknown	B.1.1.7	Alpha
8315	hCoV-19/England/ALDP-15C7999/2021	2021-05-24	United Kingdom	genome	unknown	B.1.1.7	Alpha
8316	hCoV-19/England/ALDP-15C015C/2021	2021-05-24	United Kingdom	genome	unknown	B.1.1.7	Alpha
8317	hCoV-19/England/ALDP-15CF8FE/2021	2021-05-24	United Kingdom	genome	unknown	B.1.1.7	Alpha
8318	hCoV-19/England/ALDP-15BC6CD/2021	2021-05-24	United Kingdom	genome	unknown	B.1.1.7	Alpha
8319	hCoV-19/England/MILK-15B68DC/2021	2021-05-24	United Kingdom	genome	unknown	B.1.1.7	Alpha
8320	hCoV-19/England/ALDP-15CFDA4/2021	2021-05-24	United Kingdom	genome	unknown	B.1.1.7	Alpha
8321	hCoV-19/England/QEUH-15BEBDB/2021	2021-05-24	United Kingdom	genome	unknown	B.1.1.7	Alpha
8322	hCoV-19/England/MILK-15B48ED/2021	2021-05-24	United Kingdom	genome	unknown	B.1.1.7	Alpha
8323	hCoV-19/England/HSLL-15BC250/2021	2021-05-24	United Kingdom	genome	unknown	B.1.1.7	Alpha
8324	hCoV-19/England/ALDP-15CFDB3/2021	2021-05-24	United Kingdom	genome	unknown	B.1.1.7	Alpha
8325	hCoV-19/England/MILK-15BB4B5/2021	2021-05-24	United Kingdom	genome	unknown	B.1.1.7	Alpha
8326	hCoV-19/England/MILK-15B9C55/2021	2021-05-24	United Kingdom	genome	unknown	B.1.1.7	Alpha
8327	hCoV-19/England/NORT-1BC4732/2021	2021-05-24	United Kingdom	genome	unknown	B.1.1.7	Alpha
8328	hCoV-19/Wales/PHWC-PYFCM4/2021	2021-05-24	United Kingdom	genome	unknown	B.1.1.7	Alpha
8329	hCoV-19/England/NORT-1BC46CC/2021	2021-05-24	United Kingdom	genome	unknown	B.1.1.7	Alpha
8330	hCoV-19/NorthernIreland/NIRE-0036e4/2021	2021-05-24	United Kingdom	genome	unknown	B.1.1.7	Alpha
8331	hCoV-19/NorthernIreland/NIRE-003700/2021	2021-05-24	United Kingdom	genome	unknown	B.1.1.7	Alpha
8332	hCoV-19/England/NORT-1BC441D/2021	2021-05-24	United Kingdom	genome	unknown	B.1.1.7	Alpha
8333	hCoV-19/England/NORT-1BC4A39/2021	2021-05-24	United Kingdom	genome	unknown	B.1.1.7	Alpha
8334	hCoV-19/Scotland/QEUH-15CF885/2021	2021-05-24	United Kingdom	genome	unknown	B.1.1.7	Alpha
8335	hCoV-19/England/PHEC-3189DA/2021	2021-05-24	United Kingdom	genome	unknown	B.1.1.7	Alpha
8336	hCoV-19/Scotland/QEUH-15CB50A/2021	2021-05-24	United Kingdom	genome	unknown	B.1.1.7	Alpha
8337	hCoV-19/England/PHEC-310978/2021	2021-05-24	United Kingdom	genome	unknown	B.1.1.7	Alpha
8338	hCoV-19/England/ALDP-15CE80E/2021	2021-05-25	United Kingdom	genome	unknown	B.1.1.7	Alpha
8339	hCoV-19/Scotland/QEUH-15C166B/2021	2021-05-25	United Kingdom	genome	unknown	B.1.1.7	Alpha
8340	hCoV-19/England/MILK-15C31B3/2021	2021-05-25	United Kingdom	genome	unknown	B.1.1.7	Alpha
8341	hCoV-19/England/MILK-15C130A/2021	2021-05-25	United Kingdom	genome	unknown	B.1.1.7	Alpha
8342	hCoV-19/Scotland/QEUH-15C39F7/2021	2021-05-25	United Kingdom	genome	unknown	B.1.1.7	Alpha
8343	hCoV-19/England/MILK-15C23BE/2021	2021-05-25	United Kingdom	genome	unknown	B.1.1.7	Alpha
8344	hCoV-19/England/MILK-15C2020/2021	2021-05-25	United Kingdom	genome	unknown	B.1.1.7	Alpha
8345	hCoV-19/England/ALDP-15CA44A/2021	2021-05-25	United Kingdom	genome	unknown	B.1.1.7	Alpha
8346	hCoV-19/England/ALDP-15CA170/2021	2021-05-25	United Kingdom	genome	unknown	B.1.1.7	Alpha
8347	hCoV-19/England/NORW-13DEA43/2021	2021-05-25	United Kingdom	genome	unknown	B.1.1.7	Alpha
8348	hCoV-19/England/QEUH-15CB7B9/2021	2021-05-25	United Kingdom	genome	unknown	B.1.1.7	Alpha
8349	hCoV-19/England/ALDP-15D28CB/2021	2021-05-25	United Kingdom	genome	unknown	B.1.1.7	Alpha
8350	hCoV-19/England/ALDP-15CE8E0/2021	2021-05-25	United Kingdom	genome	unknown	B.1.1.7	Alpha
8351	hCoV-19/NorthernIreland/NIRE-00373a/2021	2021-05-25	United Kingdom	genome	unknown	B.1.1.7	Alpha
8352	hCoV-19/NorthernIreland/NIRE-003721/2021	2021-05-25	United Kingdom	genome	unknown	B.1.1.7	Alpha
8353	hCoV-19/NorthernIreland/NIRE-003716/2021	2021-05-25	United Kingdom	genome	unknown	B.1.1.7	Alpha
8354	hCoV-19/England/MILK-15BCA76/2021	2021-05-25	United Kingdom	genome	unknown	B.1.1.7	Alpha
8355	hCoV-19/Scotland/QEUH-15CCD7A/2021	2021-05-25	United Kingdom	genome	unknown	B.1.1.7	Alpha
8356	hCoV-19/Scotland/QEUH-15C6B67/2021	2021-05-25	United Kingdom	genome	unknown	B.1.1.7	Alpha
8357	hCoV-19/Scotland/QEUH-15C6824/2021	2021-05-25	United Kingdom	genome	unknown	B.1.1.7	Alpha
8358	hCoV-19/Scotland/QEUH-15C9E5C/2021	2021-05-25	United Kingdom	genome	unknown	B.1.1.7	Alpha
8359	hCoV-19/Scotland/QEUH-15CF472/2021	2021-05-25	United Kingdom	genome	unknown	B.1.1.7	Alpha
8360	hCoV-19/Scotland/QEUH-15C66EE/2021	2021-05-25	United Kingdom	genome	unknown	B.1.1.7	Alpha
8361	hCoV-19/Scotland/QEUH-15C6B85/2021	2021-05-25	United Kingdom	genome	unknown	B.1.1.7	Alpha
8362	hCoV-19/Scotland/QEUH-15C6727/2021	2021-05-25	United Kingdom	genome	unknown	B.1.1.7	Alpha
8363	hCoV-19/England/NORT-1BC4583/2021	2021-05-25	United Kingdom	genome	unknown	B.1.1.7	Alpha
8364	hCoV-19/England/NORT-1BC4C33/2021	2021-05-25	United Kingdom	genome	unknown	B.1.1.7	Alpha
8365	hCoV-19/England/NORT-1BC61C9/2021	2021-05-25	United Kingdom	genome	unknown	B.1.1.7	Alpha
8366	hCoV-19/England/HSLL-15BA87E/2021	2021-05-25	United Kingdom	genome	unknown	B.1.1.7	Alpha
8367	hCoV-19/England/PLYM-15BA44D/2021	2021-05-25	United Kingdom	genome	unknown	B.1.1.7	Alpha
8368	hCoV-19/England/PLYM-15BA780/2021	2021-05-25	United Kingdom	genome	unknown	B.1.1.7	Alpha
8369	hCoV-19/England/ALDP-15C936C/2021	2021-05-25	United Kingdom	genome	unknown	B.1.1.7	Alpha
8370	hCoV-19/England/ALDP-15C8998/2021	2021-05-25	United Kingdom	genome	unknown	B.1.1.7	Alpha
8371	hCoV-19/England/ALDP-15C78D8/2021	2021-05-25	United Kingdom	genome	unknown	B.1.1.7	Alpha
8372	hCoV-19/England/HSLL-15BA93F/2021	2021-05-25	United Kingdom	genome	unknown	B.1.1.7	Alpha
8373	hCoV-19/England/ALDP-15CFE38/2021	2021-05-25	United Kingdom	genome	unknown	B.1.1.7	Alpha
8374	hCoV-19/England/ALDP-15D1185/2021	2021-05-25	United Kingdom	genome	unknown	B.1.1.7	Alpha
8375	hCoV-19/Scotland/QEUH-15BAAC3/2021	2021-05-25	United Kingdom	genome	unknown	B.1.1.7	Alpha
8376	hCoV-19/England/MILK-15BF0EA/2021	2021-05-25	United Kingdom	genome	unknown	B.1.1.7	Alpha
8377	hCoV-19/England/MILK-15BE591/2021	2021-05-25	United Kingdom	genome	unknown	B.1.1.7	Alpha
8378	hCoV-19/England/MILK-15BF2A8/2021	2021-05-25	United Kingdom	genome	unknown	B.1.1.7	Alpha
8379	hCoV-19/England/ALDP-15D0238/2021	2021-05-25	United Kingdom	genome	unknown	B.1.1.7	Alpha
8380	hCoV-19/England/ALDP-15CFA9E/2021	2021-05-25	United Kingdom	genome	unknown	B.1.1.7	Alpha
8381	hCoV-19/England/ALDP-15CA2F5/2021	2021-05-25	United Kingdom	genome	unknown	B.1.1.7	Alpha
8382	hCoV-19/England/HSLL-15BC311/2021	2021-05-25	United Kingdom	genome	unknown	B.1.1.7	Alpha
8383	hCoV-19/Scotland/EDB18125/2021	2021-05-25	United Kingdom	genome	unknown	B.1.1.7	Alpha
8384	hCoV-19/Scotland/QEUH-15CF1D5/2021	2021-05-26	United Kingdom	genome	unknown	B.1.1.7	Alpha
8385	hCoV-19/NorthernIreland/NIRE-00376b/2021	2021-05-26	United Kingdom	genome	unknown	B.1.1.7	Alpha
8386	hCoV-19/NorthernIreland/NIRE-00376e/2021	2021-05-26	United Kingdom	genome	unknown	B.1.1.7	Alpha
8387	hCoV-19/England/ALDP-15D8E69/2021	2021-05-26	United Kingdom	genome	unknown	B.1.1.7	Alpha
8388	hCoV-19/England/HSLL-15D204B/2021	2021-05-26	United Kingdom	genome	unknown	B.1.1.7	Alpha
8389	hCoV-19/England/ALDP-15D9E59/2021	2021-05-26	United Kingdom	genome	unknown	B.1.1.7	Alpha
8390	hCoV-19/Wales/PHWC-PYFP44/2021	2021-05-26	United Kingdom	genome	unknown	B.1.1.7	Alpha
8391	hCoV-19/Scotland/QEUH-15E5151/2021	2021-05-26	United Kingdom	genome	unknown	B.1.1.7	Alpha
8392	hCoV-19/England/NORT-1BC63D2/2021	2021-05-26	United Kingdom	genome	unknown	B.1.1.7	Alpha
8393	hCoV-19/England/NORT-1BC64B1/2021	2021-05-26	United Kingdom	genome	unknown	B.1.1.7	Alpha
8394	hCoV-19/England/MILK-15CAD5E/2021	2021-05-26	United Kingdom	genome	unknown	B.1.1.7	Alpha
8395	hCoV-19/England/MILK-15C1E90/2021	2021-05-26	United Kingdom	genome	unknown	B.1.1.7	Alpha
8396	hCoV-19/England/MILK-15CDC30/2021	2021-05-26	United Kingdom	genome	unknown	B.1.1.7	Alpha
8397	hCoV-19/England/MILK-15C1CC3/2021	2021-05-26	United Kingdom	genome	unknown	B.1.1.7	Alpha
8398	hCoV-19/England/MILK-15C22A2/2021	2021-05-26	United Kingdom	genome	unknown	B.1.1.7	Alpha
8399	hCoV-19/England/MILK-15C1FCA/2021	2021-05-26	United Kingdom	genome	unknown	B.1.1.7	Alpha
8400	hCoV-19/England/MILK-15C2B10/2021	2021-05-26	United Kingdom	genome	unknown	B.1.1.7	Alpha
8401	hCoV-19/England/MILK-15C23CD/2021	2021-05-26	United Kingdom	genome	unknown	B.1.1.7	Alpha
8402	hCoV-19/England/ALDP-15D976D/2021	2021-05-26	United Kingdom	genome	unknown	B.1.1.7	Alpha
8403	hCoV-19/England/MILK-15C9690/2021	2021-05-26	United Kingdom	genome	unknown	B.1.1.7	Alpha
8404	hCoV-19/Scotland/QEUH-15D07FD/2021	2021-05-26	United Kingdom	genome	unknown	B.1.1.7	Alpha
8405	hCoV-19/Scotland/QEUH-15CCD6B/2021	2021-05-26	United Kingdom	genome	unknown	B.1.1.7	Alpha
8406	hCoV-19/Scotland/QEUH-15D0DDD/2021	2021-05-26	United Kingdom	genome	unknown	B.1.1.7	Alpha
8407	hCoV-19/Scotland/QEUH-15D0BC4/2021	2021-05-26	United Kingdom	genome	unknown	B.1.1.7	Alpha
8408	hCoV-19/Scotland/QEUH-15D2421/2021	2021-05-26	United Kingdom	genome	unknown	B.1.1.7	Alpha
8409	hCoV-19/Scotland/QEUH-15D26A3/2021	2021-05-26	United Kingdom	genome	unknown	B.1.1.7	Alpha
8410	hCoV-19/England/MILK-15C9A67/2021	2021-05-26	United Kingdom	genome	unknown	B.1.1.7	Alpha
8411	hCoV-19/England/ALDP-15DA6BA/2021	2021-05-26	United Kingdom	genome	unknown	B.1.1.7	Alpha
8412	hCoV-19/Scotland/QEUH-15DE531/2021	2021-05-26	United Kingdom	genome	unknown	B.1.1.7	Alpha
8413	hCoV-19/Scotland/QEUH-15CF2D2/2021	2021-05-26	United Kingdom	genome	unknown	B.1.1.7	Alpha
8414	hCoV-19/Scotland/QEUH-15CCC31/2021	2021-05-26	United Kingdom	genome	unknown	B.1.1.7	Alpha
8415	hCoV-19/Scotland/QEUH-15CB555/2021	2021-05-26	United Kingdom	genome	unknown	B.1.1.7	Alpha
8416	hCoV-19/Scotland/QEUH-15D0F31/2021	2021-05-26	United Kingdom	genome	unknown	B.1.1.7	Alpha
8417	hCoV-19/Scotland/QEUH-15C9AFE/2021	2021-05-26	United Kingdom	genome	unknown	B.1.1.7	Alpha
8418	hCoV-19/Scotland/QEUH-15CCB25/2021	2021-05-26	United Kingdom	genome	unknown	B.1.1.7	Alpha
8419	hCoV-19/Scotland/QEUH-15CEE57/2021	2021-05-26	United Kingdom	genome	unknown	B.1.1.7	Alpha
8420	hCoV-19/Scotland/QEUH-15D260D/2021	2021-05-26	United Kingdom	genome	unknown	B.1.1.7	Alpha
8421	hCoV-19/Scotland/QEUH-15D2773/2021	2021-05-26	United Kingdom	genome	unknown	B.1.1.7	Alpha
8422	hCoV-19/England/PHEC-31BCFC/2021	2021-05-26	United Kingdom	genome	unknown	B.1.1.7	Alpha
8423	hCoV-19/England/ALDP-15DACD6/2021	2021-05-26	United Kingdom	genome	unknown	B.1.1.7	Alpha
8424	hCoV-19/England/NORT-1BC7C4F/2021	2021-05-26	United Kingdom	genome	unknown	B.1.1.7	Alpha
8425	hCoV-19/England/NORT-1BC8929/2021	2021-05-26	United Kingdom	genome	unknown	B.1.1.7	Alpha
8426	hCoV-19/England/NORT-1BC7D79/2021	2021-05-26	United Kingdom	genome	unknown	B.1.1.7	Alpha
8427	hCoV-19/England/NORT-1BC7984/2021	2021-05-26	United Kingdom	genome	unknown	B.1.1.7	Alpha
8428	hCoV-19/England/ALDP-15DB23D/2021	2021-05-27	United Kingdom	genome	unknown	B.1.1.7	Alpha
8429	hCoV-19/England/MILK-15CB124/2021	2021-05-27	United Kingdom	genome	unknown	B.1.1.7	Alpha
8430	hCoV-19/Scotland/QEUH-15DB965/2021	2021-05-27	United Kingdom	genome	unknown	B.1.1.7	Alpha
8431	hCoV-19/England/ALDP-15DB3B2/2021	2021-05-27	United Kingdom	genome	unknown	B.1.1.7	Alpha
8432	hCoV-19/England/MILK-15CB036/2021	2021-05-27	United Kingdom	genome	unknown	B.1.1.7	Alpha
8433	hCoV-19/England/QEUH-15DC81C/2021	2021-05-27	United Kingdom	genome	unknown	B.1.1.7	Alpha
8434	hCoV-19/England/ALDP-15EDB88/2021	2021-05-27	United Kingdom	genome	unknown	B.1.1.7	Alpha
8435	hCoV-19/Wales/PHWC-PYFOGY/2021	2021-05-27	United Kingdom	genome	unknown	B.1.1.7	Alpha
8436	hCoV-19/England/NORT-1BC7A27/2021	2021-05-27	United Kingdom	genome	unknown	B.1.1.7	Alpha
8437	hCoV-19/Scotland/QEUH-15D48AB/2021	2021-05-27	United Kingdom	genome	unknown	B.1.1.7	Alpha
8438	hCoV-19/Scotland/QEUH-15D2F8A/2021	2021-05-27	United Kingdom	genome	unknown	B.1.1.7	Alpha
8439	hCoV-19/Scotland/QEUH-15D498A/2021	2021-05-27	United Kingdom	genome	unknown	B.1.1.7	Alpha
8440	hCoV-19/Scotland/QEUH-15DE8CF/2021	2021-05-27	United Kingdom	genome	unknown	B.1.1.7	Alpha
8441	hCoV-19/Scotland/QEUH-15D304A/2021	2021-05-27	United Kingdom	genome	unknown	B.1.1.7	Alpha
8442	hCoV-19/Scotland/QEUH-15D2F6C/2021	2021-05-27	United Kingdom	genome	unknown	B.1.1.7	Alpha
8443	hCoV-19/England/MILK-15C8655/2021	2021-05-27	United Kingdom	genome	unknown	B.1.1.7	Alpha
8444	hCoV-19/England/NORT-1BC79FD/2021	2021-05-27	United Kingdom	genome	unknown	B.1.1.7	Alpha
8445	hCoV-19/England/NORT-1BC783C/2021	2021-05-27	United Kingdom	genome	unknown	B.1.1.7	Alpha
8446	hCoV-19/England/PLYM-15D3790/2021	2021-05-27	United Kingdom	genome	unknown	B.1.1.7	Alpha
8447	hCoV-19/NorthernIreland/RAND-15D38D9/2021	2021-05-27	United Kingdom	genome	unknown	B.1.1.7	Alpha
8448	hCoV-19/England/NORT-1BC77F3/2021	2021-05-27	United Kingdom	genome	unknown	B.1.1.7	Alpha
8449	hCoV-19/England/ALDP-15DCA8F/2021	2021-05-27	United Kingdom	genome	unknown	B.1.1.7	Alpha
8450	hCoV-19/Wales/PHWC-PYFTOK/2021	2021-05-27	United Kingdom	genome	unknown	B.1.1.7	Alpha
8451	hCoV-19/England/ALDP-15D44F2/2021	2021-05-27	United Kingdom	genome	unknown	B.1.1.7	Alpha
8452	hCoV-19/Scotland/QEUH-15DB7B6/2021	2021-05-27	United Kingdom	genome	unknown	B.1.1.7	Alpha
8453	hCoV-19/Scotland/QEUH-15DC76A/2021	2021-05-27	United Kingdom	genome	unknown	B.1.1.7	Alpha
8454	hCoV-19/NorthernIreland/RAND-15D38F7/2021	2021-05-27	United Kingdom	genome	unknown	B.1.1.7	Alpha
8455	hCoV-19/Scotland/QEUH-15DC66D/2021	2021-05-27	United Kingdom	genome	unknown	B.1.1.7	Alpha
8456	hCoV-19/England/PHEC-317838/2021	2021-05-27	United Kingdom	genome	unknown	B.1.1.7	Alpha
8457	hCoV-19/England/ALDP-15DD110/2021	2021-05-27	United Kingdom	genome	unknown	B.1.1.7	Alpha
8458	hCoV-19/England/PHEC-313F64/2021	2021-05-27	United Kingdom	genome	unknown	B.1.1.7	Alpha
8459	hCoV-19/England/MILK-15D4E8B/2021	2021-05-27	United Kingdom	genome	unknown	B.1.1.7	Alpha
8460	hCoV-19/England/ALDP-15EDDEC/2021	2021-05-27	United Kingdom	genome	unknown	B.1.1.7	Alpha
8461	hCoV-19/England/MILK-15D4F79/2021	2021-05-27	United Kingdom	genome	unknown	B.1.1.7	Alpha
8462	hCoV-19/England/QEUH-15D3305/2021	2021-05-27	United Kingdom	genome	unknown	B.1.1.7	Alpha
8463	hCoV-19/Scotland/QEUH-15C7DF7/2021	2021-05-27	United Kingdom	genome	unknown	B.1.1.7	Alpha
8464	hCoV-19/Scotland/QEUH-15D8995/2021	2021-05-27	United Kingdom	genome	unknown	B.1.1.7	Alpha
8465	hCoV-19/England/ALDP-15E350C/2021	2021-05-27	United Kingdom	genome	unknown	B.1.1.7	Alpha
8466	hCoV-19/England/ALDP-15D57CB/2021	2021-05-27	United Kingdom	genome	unknown	B.1.1.7	Alpha
8467	hCoV-19/England/ALDP-15E3092/2021	2021-05-27	United Kingdom	genome	unknown	B.1.1.7	Alpha
8468	hCoV-19/Scotland/QEUH-15D8801/2021	2021-05-27	United Kingdom	genome	unknown	B.1.1.7	Alpha
8469	hCoV-19/NorthernIreland/NIRE-00378e/2021	2021-05-27	United Kingdom	genome	unknown	B.1.1.7	Alpha
8470	hCoV-19/Scotland/QEUH-15D8A92/2021	2021-05-27	United Kingdom	genome	unknown	B.1.1.7	Alpha
8471	hCoV-19/England/NORW-13DE14E/2021	2021-05-28	United Kingdom	genome	unknown	B.1.1.7	Alpha
8472	hCoV-19/England/MILK-15E05E1/2021	2021-05-28	United Kingdom	genome	unknown	B.1.1.7	Alpha
8473	hCoV-19/Scotland/QEUH-15DE05E/2021	2021-05-28	United Kingdom	genome	unknown	B.1.1.7	Alpha
8474	hCoV-19/Scotland/QEUH-15DDF8F/2021	2021-05-28	United Kingdom	genome	unknown	B.1.1.7	Alpha
8475	hCoV-19/Scotland/QEUH-15DE6D4/2021	2021-05-28	United Kingdom	genome	unknown	B.1.1.7	Alpha
8476	hCoV-19/Scotland/QEUH-15DDF16/2021	2021-05-28	United Kingdom	genome	unknown	B.1.1.7	Alpha
8477	hCoV-19/England/NORW-13DE050/2021	2021-05-28	United Kingdom	genome	unknown	B.1.1.7	Alpha
8478	hCoV-19/England/NORW-13DBC22/2021	2021-05-28	United Kingdom	genome	unknown	B.1.1.7	Alpha
8479	hCoV-19/Scotland/QEUH-15DE4F8/2021	2021-05-28	United Kingdom	genome	unknown	B.1.1.7	Alpha
8480	hCoV-19/England/ALDP-15F1F85/2021	2021-05-28	United Kingdom	genome	unknown	B.1.1.7	Alpha
8481	hCoV-19/Scotland/QEUH-15DE08B/2021	2021-05-28	United Kingdom	genome	unknown	B.1.1.7	Alpha
8482	hCoV-19/Wales/PHWC-PYFOOM/2021	2021-05-28	United Kingdom	genome	unknown	B.1.1.7	Alpha
8483	hCoV-19/England/MILK-15DD990/2021	2021-05-28	United Kingdom	genome	unknown	B.1.1.7	Alpha
8484	hCoV-19/England/ALDP-15EA6D5/2021	2021-05-28	United Kingdom	genome	unknown	B.1.1.7	Alpha
8485	hCoV-19/England/ALDP-15EECB1/2021	2021-05-28	United Kingdom	genome	unknown	B.1.1.7	Alpha
8486	hCoV-19/England/ALDP-15F0D9B/2021	2021-05-28	United Kingdom	genome	unknown	B.1.1.7	Alpha
8487	hCoV-19/England/MILK-15D3E6E/2021	2021-05-28	United Kingdom	genome	unknown	B.1.1.7	Alpha
8488	hCoV-19/England/NORT-1BC8B50/2021	2021-05-28	United Kingdom	genome	unknown	B.1.1.7	Alpha
8489	hCoV-19/England/NORT-1BC8D1E/2021	2021-05-28	United Kingdom	genome	unknown	B.1.1.7	Alpha
8490	hCoV-19/NorthernIreland/RAND-15E478D/2021	2021-05-28	United Kingdom	genome	unknown	B.1.1.7	Alpha
8491	hCoV-19/England/ALDP-15E2181/2021	2021-05-28	United Kingdom	genome	unknown	B.1.1.7	Alpha
8492	hCoV-19/England/ALDP-15E138C/2021	2021-05-28	United Kingdom	genome	unknown	B.1.1.7	Alpha
8493	hCoV-19/England/MILK-15D934B/2021	2021-05-28	United Kingdom	genome	unknown	B.1.1.7	Alpha
8494	hCoV-19/Scotland/QEUH-15DF345/2021	2021-05-28	United Kingdom	genome	unknown	B.1.1.7	Alpha
8495	hCoV-19/Scotland/QEUH-15DF318/2021	2021-05-28	United Kingdom	genome	unknown	B.1.1.7	Alpha
8496	hCoV-19/England/MILK-15D3A4C/2021	2021-05-28	United Kingdom	genome	unknown	B.1.1.7	Alpha
8497	hCoV-19/Scotland/QEUH-15DF4AC/2021	2021-05-28	United Kingdom	genome	unknown	B.1.1.7	Alpha
8498	hCoV-19/England/PLYM-15D35B4/2021	2021-05-28	United Kingdom	genome	unknown	B.1.1.7	Alpha
8499	hCoV-19/Scotland/QEUH-15DF06C/2021	2021-05-28	United Kingdom	genome	unknown	B.1.1.7	Alpha
8500	hCoV-19/Scotland/QEUH-15DF3CD/2021	2021-05-28	United Kingdom	genome	unknown	B.1.1.7	Alpha
8501	hCoV-19/England/NORT-1BC8965/2021	2021-05-28	United Kingdom	genome	unknown	B.1.1.7	Alpha
8502	hCoV-19/England/PLYM-15D3754/2021	2021-05-28	United Kingdom	genome	unknown	B.1.1.7	Alpha
8503	hCoV-19/England/ALDP-15EF087/2021	2021-05-28	United Kingdom	genome	unknown	B.1.1.7	Alpha
8504	hCoV-19/NorthernIreland/NIRE-003784/2021	2021-05-28	United Kingdom	genome	unknown	B.1.1.7	Alpha
8505	hCoV-19/England/PHEC-317917/2021	2021-05-28	United Kingdom	genome	unknown	B.1.1.7	Alpha
8506	hCoV-19/England/PHEC-317908/2021	2021-05-28	United Kingdom	genome	unknown	B.1.1.7	Alpha
8507	hCoV-19/England/PHEC-3130BC/2021	2021-05-28	United Kingdom	genome	unknown	B.1.1.7	Alpha
8508	hCoV-19/Scotland/QEUH-15E52B8/2021	2021-05-28	United Kingdom	genome	unknown	B.1.1.7	Alpha
8509	hCoV-19/England/ALDP-15E3FD1/2021	2021-05-28	United Kingdom	genome	unknown	B.1.1.7	Alpha
8510	hCoV-19/England/ALDP-15EF2BE/2021	2021-05-28	United Kingdom	genome	unknown	B.1.1.7	Alpha
8511	hCoV-19/NorthernIreland/NIRE-0037b6/2021	2021-05-28	United Kingdom	genome	unknown	B.1.1.7	Alpha
8512	hCoV-19/NorthernIreland/NIRE-00379e/2021	2021-05-28	United Kingdom	genome	unknown	B.1.1.7	Alpha
8513	hCoV-19/NorthernIreland/NIRE-00377b/2021	2021-05-28	United Kingdom	genome	unknown	B.1.1.7	Alpha
8514	hCoV-19/England/ALDP-15EE3AD/2021	2021-05-28	United Kingdom	genome	unknown	B.1.1.7	Alpha
8515	hCoV-19/England/ALDP-15EDD55/2021	2021-05-28	United Kingdom	genome	unknown	B.1.1.7	Alpha
8516	hCoV-19/England/ALDP-15EE9E7/2021	2021-05-28	United Kingdom	genome	unknown	B.1.1.7	Alpha
8517	hCoV-19/Scotland/QEUH-160B4B5/2021	2021-05-28	United Kingdom	genome	unknown	B.1.1.7	Alpha
8518	hCoV-19/England/ALDP-15EE7A1/2021	2021-05-28	United Kingdom	genome	unknown	B.1.1.7	Alpha
8519	hCoV-19/Scotland/QEUH-15E9102/2021	2021-05-29	United Kingdom	genome	unknown	B.1.1.7	Alpha
8520	hCoV-19/England/MILK-15E4EF1/2021	2021-05-29	United Kingdom	genome	unknown	B.1.1.7	Alpha
8521	hCoV-19/NorthernIreland/NIRE-0037a6/2021	2021-05-29	United Kingdom	genome	unknown	B.1.1.7	Alpha
8522	hCoV-19/England/NORW-13DE472/2021	2021-05-29	United Kingdom	genome	unknown	B.1.1.7	Alpha
8523	hCoV-19/England/QEUH-15EC6F1/2021	2021-05-29	United Kingdom	genome	unknown	B.1.1.7	Alpha
8524	hCoV-19/England/MILK-15DC3B1/2021	2021-05-29	United Kingdom	genome	unknown	B.1.1.7	Alpha
8525	hCoV-19/England/MILK-15DC06F/2021	2021-05-29	United Kingdom	genome	unknown	B.1.1.7	Alpha
8526	hCoV-19/NorthernIreland/NIRE-0037da/2021	2021-05-29	United Kingdom	genome	unknown	B.1.1.7	Alpha
8527	hCoV-19/NorthernIreland/NIRE-0037cb/2021	2021-05-29	United Kingdom	genome	unknown	B.1.1.7	Alpha
8528	hCoV-19/Scotland/QEUH-15E7948/2021	2021-05-29	United Kingdom	genome	unknown	B.1.1.7	Alpha
8529	hCoV-19/Scotland/QEUH-15EF99B/2021	2021-05-29	United Kingdom	genome	unknown	B.1.1.7	Alpha
8530	hCoV-19/Scotland/QEUH-15E7966/2021	2021-05-29	United Kingdom	genome	unknown	B.1.1.7	Alpha
8531	hCoV-19/Scotland/QEUH-15EC6E2/2021	2021-05-29	United Kingdom	genome	unknown	B.1.1.7	Alpha
8532	hCoV-19/England/PHEC-31997F/2021	2021-05-29	United Kingdom	genome	unknown	B.1.1.7	Alpha
8533	hCoV-19/England/HSLL-15E1586/2021	2021-05-29	United Kingdom	genome	unknown	B.1.1.7	Alpha
8534	hCoV-19/England/MILK-15E40FB/2021	2021-05-29	United Kingdom	genome	unknown	B.1.1.7	Alpha
8535	hCoV-19/England/QEUH-15EC460/2021	2021-05-29	United Kingdom	genome	unknown	B.1.1.7	Alpha
8536	hCoV-19/Scotland/QEUH-15EC5D6/2021	2021-05-29	United Kingdom	genome	unknown	B.1.1.7	Alpha
8537	hCoV-19/England/PHEC-313B60/2021	2021-05-29	United Kingdom	genome	unknown	B.1.1.7	Alpha
8538	hCoV-19/England/NORT-1BCA66C/2021	2021-05-29	United Kingdom	genome	unknown	B.1.1.7	Alpha
8539	hCoV-19/England/ALDP-15F51C7/2021	2021-05-29	United Kingdom	genome	unknown	B.1.1.7	Alpha
8540	hCoV-19/England/QEUH-15EC846/2021	2021-05-29	United Kingdom	genome	unknown	B.1.1.7	Alpha
8541	hCoV-19/England/ALDP-15F613F/2021	2021-05-29	United Kingdom	genome	unknown	B.1.1.7	Alpha
8542	hCoV-19/Scotland/QEUH-15E932A/2021	2021-05-29	United Kingdom	genome	unknown	B.1.1.7	Alpha
8543	hCoV-19/England/QEUH-15EB3FB/2021	2021-05-29	United Kingdom	genome	unknown	B.1.1.7	Alpha
8544	hCoV-19/Scotland/QEUH-15EB63E/2021	2021-05-29	United Kingdom	genome	unknown	B.1.1.7	Alpha
8545	hCoV-19/England/ALDP-15F09C4/2021	2021-05-29	United Kingdom	genome	unknown	B.1.1.7	Alpha
8546	hCoV-19/England/HSLL-15E7F19/2021	2021-05-30	United Kingdom	genome	unknown	B.1.1.7	Alpha
8547	hCoV-19/England/ALDP-15F16CC/2021	2021-05-30	United Kingdom	genome	unknown	B.1.1.7	Alpha
8548	hCoV-19/England/QEUH-15F680D/2021	2021-05-30	United Kingdom	genome	unknown	B.1.1.7	Alpha
8549	hCoV-19/Scotland/QEUH-15F6919/2021	2021-05-30	United Kingdom	genome	unknown	B.1.1.7	Alpha
8550	hCoV-19/Scotland/QEUH-15F6F62/2021	2021-05-30	United Kingdom	genome	unknown	B.1.1.7	Alpha
8551	hCoV-19/England/ALDP-15F0A0D/2021	2021-05-30	United Kingdom	genome	unknown	B.1.1.7	Alpha
8552	hCoV-19/England/ALDP-15F23D3/2021	2021-05-30	United Kingdom	genome	unknown	B.1.1.7	Alpha
8553	hCoV-19/England/ALDP-15F23A6/2021	2021-05-30	United Kingdom	genome	unknown	B.1.1.7	Alpha
8554	hCoV-19/Scotland/QEUH-15F7004/2021	2021-05-30	United Kingdom	genome	unknown	B.1.1.7	Alpha
8555	hCoV-19/Scotland/QEUH-15F68C1/2021	2021-05-30	United Kingdom	genome	unknown	B.1.1.7	Alpha
8556	hCoV-19/Scotland/QEUH-15F82B2/2021	2021-05-30	United Kingdom	genome	unknown	B.1.1.7	Alpha
8557	hCoV-19/Scotland/QEUH-15F830A/2021	2021-05-30	United Kingdom	genome	unknown	B.1.1.7	Alpha
8558	hCoV-19/England/HSLL-15E7E49/2021	2021-05-30	United Kingdom	genome	unknown	B.1.1.7	Alpha
8559	hCoV-19/England/MILK-15EBE45/2021	2021-05-30	United Kingdom	genome	unknown	B.1.1.7	Alpha
8560	hCoV-19/England/ALDP-15F90D5/2021	2021-05-30	United Kingdom	genome	unknown	B.1.1.7	Alpha
8561	hCoV-19/England/MILK-15EBF8E/2021	2021-05-30	United Kingdom	genome	unknown	B.1.1.7	Alpha
8562	hCoV-19/Wales/PHWC-PYFT3A/2021	2021-05-30	United Kingdom	genome	unknown	B.1.1.7	Alpha
8563	hCoV-19/England/NORT-1BCDE07/2021	2021-05-30	United Kingdom	genome	unknown	B.1.1.7	Alpha
8564	hCoV-19/England/NORW-13D2E9E/2021	2021-05-30	United Kingdom	genome	unknown	B.1.1.7	Alpha
8565	hCoV-19/England/MILK-1622AF2/2021	2021-05-30	United Kingdom	genome	unknown	B.1.1.7	Alpha
8566	hCoV-19/England/ALDP-15FFF78/2021	2021-05-30	United Kingdom	genome	unknown	B.1.1.7	Alpha
8567	hCoV-19/England/NORT-1BCA1C5/2021	2021-05-30	United Kingdom	genome	unknown	B.1.1.7	Alpha
8568	hCoV-19/England/NORT-1BCA1B6/2021	2021-05-30	United Kingdom	genome	unknown	B.1.1.7	Alpha
8569	hCoV-19/Scotland/QEUH-160AFF1/2021	2021-05-30	United Kingdom	genome	unknown	B.1.1.7	Alpha
8570	hCoV-19/England/ALDP-15FFDD8/2021	2021-05-30	United Kingdom	genome	unknown	B.1.1.7	Alpha
8571	hCoV-19/Scotland/QEUH-15F2D11/2021	2021-05-30	United Kingdom	genome	unknown	B.1.1.7	Alpha
8572	hCoV-19/England/NORT-1BCBB5D/2021	2021-05-31	United Kingdom	genome	unknown	B.1.1.7	Alpha
8573	hCoV-19/Scotland/QEUH-15FE568/2021	2021-05-31	United Kingdom	genome	unknown	B.1.1.7	Alpha
8574	hCoV-19/Scotland/QEUH-15FE54A/2021	2021-05-31	United Kingdom	genome	unknown	B.1.1.7	Alpha
8575	hCoV-19/Scotland/QEUH-15F9D29/2021	2021-05-31	United Kingdom	genome	unknown	B.1.1.7	Alpha
8576	hCoV-19/Wales/PHWC-PYFUJZ/2021	2021-05-31	United Kingdom	genome	unknown	B.1.1.7	Alpha
8577	hCoV-19/Scotland/QEUH-1600447/2021	2021-05-31	United Kingdom	genome	unknown	B.1.1.7	Alpha
8578	hCoV-19/Scotland/QEUH-1600025/2021	2021-05-31	United Kingdom	genome	unknown	B.1.1.7	Alpha
8579	hCoV-19/Scotland/QEUH-160032C/2021	2021-05-31	United Kingdom	genome	unknown	B.1.1.7	Alpha
8580	hCoV-19/Scotland/QEUH-15FC719/2021	2021-05-31	United Kingdom	genome	unknown	B.1.1.7	Alpha
8581	hCoV-19/Scotland/QEUH-15FE735/2021	2021-05-31	United Kingdom	genome	unknown	B.1.1.7	Alpha
8582	hCoV-19/Scotland/QEUH-15FC98C/2021	2021-05-31	United Kingdom	genome	unknown	B.1.1.7	Alpha
8583	hCoV-19/England/QEUH-1600070/2021	2021-05-31	United Kingdom	genome	unknown	B.1.1.7	Alpha
8584	hCoV-19/England/QEUH-15F8610/2021	2021-05-31	United Kingdom	genome	unknown	B.1.1.7	Alpha
8585	hCoV-19/England/MILK-15F5B7E/2021	2021-05-31	United Kingdom	genome	unknown	B.1.1.7	Alpha
8586	hCoV-19/England/MILK-15F7DD0/2021	2021-05-31	United Kingdom	genome	unknown	B.1.1.7	Alpha
8587	hCoV-19/England/QEUH-15F870E/2021	2021-05-31	United Kingdom	genome	unknown	B.1.1.7	Alpha
8588	hCoV-19/England/MILK-15F4E58/2021	2021-05-31	United Kingdom	genome	unknown	B.1.1.7	Alpha
8589	hCoV-19/Scotland/QEUH-1608D08/2021	2021-05-31	United Kingdom	genome	unknown	B.1.1.7	Alpha
8590	hCoV-19/England/ALDP-1606C94/2021	2021-05-31	United Kingdom	genome	unknown	B.1.1.7	Alpha
8591	hCoV-19/England/ALDP-1606EE9/2021	2021-05-31	United Kingdom	genome	unknown	B.1.1.7	Alpha
8592	hCoV-19/England/MILK-16077FC/2021	2021-05-31	United Kingdom	genome	unknown	B.1.1.7	Alpha
8593	hCoV-19/England/HSLL-15F12C8/2021	2021-05-31	United Kingdom	genome	unknown	B.1.1.7	Alpha
8594	hCoV-19/England/PLYM-15F1064/2021	2021-05-31	United Kingdom	genome	unknown	B.1.1.7	Alpha
8595	hCoV-19/England/PLYM-15F1019/2021	2021-05-31	United Kingdom	genome	unknown	B.1.1.7	Alpha
8596	hCoV-19/England/ALDP-15FD6B1/2021	2021-05-31	United Kingdom	genome	unknown	B.1.1.7	Alpha
8597	hCoV-19/England/ALDP-15FD61B/2021	2021-05-31	United Kingdom	genome	unknown	B.1.1.7	Alpha
8598	hCoV-19/England/QEUH-15FE79F/2021	2021-05-31	United Kingdom	genome	unknown	B.1.1.7	Alpha
8599	hCoV-19/England/ALDP-15FE207/2021	2021-05-31	United Kingdom	genome	unknown	B.1.1.7	Alpha
8600	hCoV-19/Scotland/QEUH-15F87D1/2021	2021-05-31	United Kingdom	genome	unknown	B.1.1.7	Alpha
8601	hCoV-19/England/ALDP-1603E46/2021	2021-05-31	United Kingdom	genome	unknown	B.1.1.7	Alpha
8602	hCoV-19/NorthernIreland/NIRE-0037f2/2021	2021-05-31	United Kingdom	genome	unknown	B.1.1.7	Alpha
8603	hCoV-19/England/HSLL-15FAF40/2021	2021-05-31	United Kingdom	genome	unknown	B.1.1.7	Alpha
8604	hCoV-19/NorthernIreland/NIRE-0037f4/2021	2021-05-31	United Kingdom	genome	unknown	B.1.1.7	Alpha
8605	hCoV-19/Scotland/QEUH-15F88ED/2021	2021-05-31	United Kingdom	genome	unknown	B.1.1.7	Alpha
8606	hCoV-19/England/ALDP-160FE2C/2021	2021-06-01	United Kingdom	genome	unknown	B.1.1.7	Alpha
8607	hCoV-19/England/ALDP-1611A9C/2021	2021-06-01	United Kingdom	genome	unknown	B.1.1.7	Alpha
8608	hCoV-19/England/ALDP-1615C92/2021	2021-06-01	United Kingdom	genome	unknown	B.1.1.7	Alpha
8609	hCoV-19/England/ALDP-160E379/2021	2021-06-01	United Kingdom	genome	unknown	B.1.1.7	Alpha
8610	hCoV-19/Scotland/QEUH-1609C37/2021	2021-06-01	United Kingdom	genome	unknown	B.1.1.7	Alpha
8611	hCoV-19/NorthernIreland/NIRE-003838/2021	2021-06-01	United Kingdom	genome	unknown	B.1.1.7	Alpha
8612	hCoV-19/Scotland/QEUH-160BC53/2021	2021-06-01	United Kingdom	genome	unknown	B.1.1.7	Alpha
8613	hCoV-19/Scotland/QEUH-160BD50/2021	2021-06-01	United Kingdom	genome	unknown	B.1.1.7	Alpha
8614	hCoV-19/Scotland/QEUH-161897A/2021	2021-06-01	United Kingdom	genome	unknown	B.1.1.7	Alpha
8615	hCoV-19/Scotland/QEUH-160B53A/2021	2021-06-01	United Kingdom	genome	unknown	B.1.1.7	Alpha
8616	hCoV-19/Scotland/QEUH-1628DD5/2021	2021-06-01	United Kingdom	genome	unknown	B.1.1.7	Alpha
8617	hCoV-19/Scotland/QEUH-1609A3D/2021	2021-06-01	United Kingdom	genome	unknown	B.1.1.7	Alpha
8618	hCoV-19/Scotland/QEUH-16099C7/2021	2021-06-01	United Kingdom	genome	unknown	B.1.1.7	Alpha
8619	hCoV-19/Scotland/QEUH-16088E9/2021	2021-06-01	United Kingdom	genome	unknown	B.1.1.7	Alpha
8620	hCoV-19/Scotland/QEUH-160898C/2021	2021-06-01	United Kingdom	genome	unknown	B.1.1.7	Alpha
8621	hCoV-19/Scotland/QEUH-1608922/2021	2021-06-01	United Kingdom	genome	unknown	B.1.1.7	Alpha
8622	hCoV-19/Scotland/QEUH-1604B02/2021	2021-06-01	United Kingdom	genome	unknown	B.1.1.7	Alpha
8623	hCoV-19/Scotland/QEUH-1604434/2021	2021-06-01	United Kingdom	genome	unknown	B.1.1.7	Alpha
8624	hCoV-19/Scotland/QEUH-16041A6/2021	2021-06-01	United Kingdom	genome	unknown	B.1.1.7	Alpha
8625	hCoV-19/Scotland/QEUH-160331A/2021	2021-06-01	United Kingdom	genome	unknown	B.1.1.7	Alpha
8626	hCoV-19/Scotland/QEUH-1603101/2021	2021-06-01	United Kingdom	genome	unknown	B.1.1.7	Alpha
8627	hCoV-19/Scotland/QEUH-160499F/2021	2021-06-01	United Kingdom	genome	unknown	B.1.1.7	Alpha
8628	hCoV-19/Scotland/QEUH-1604C3C/2021	2021-06-01	United Kingdom	genome	unknown	B.1.1.7	Alpha
8629	hCoV-19/Scotland/QEUH-1604A14/2021	2021-06-01	United Kingdom	genome	unknown	B.1.1.7	Alpha
8630	hCoV-19/Scotland/QEUH-16071C1/2021	2021-06-01	United Kingdom	genome	unknown	B.1.1.7	Alpha
8631	hCoV-19/Scotland/QEUH-1604470/2021	2021-06-01	United Kingdom	genome	unknown	B.1.1.7	Alpha
8632	hCoV-19/Scotland/QEUH-160412E/2021	2021-06-01	United Kingdom	genome	unknown	B.1.1.7	Alpha
8633	hCoV-19/Scotland/QEUH-160449E/2021	2021-06-01	United Kingdom	genome	unknown	B.1.1.7	Alpha
8634	hCoV-19/NorthernIreland/NIRE-0037f9/2021	2021-06-01	United Kingdom	genome	unknown	B.1.1.7	Alpha
8635	hCoV-19/Scotland/QEUH-15FB817/2021	2021-06-01	United Kingdom	genome	unknown	B.1.1.7	Alpha
8636	hCoV-19/England/MILK-15FF400/2021	2021-06-01	United Kingdom	genome	unknown	B.1.1.7	Alpha
8637	hCoV-19/England/SHEF-10EC32C/2021	2021-06-01	United Kingdom	genome	unknown	B.1.1.7	Alpha
8638	hCoV-19/Wales/PHWC-PYFWYE/2021	2021-06-01	United Kingdom	genome	unknown	B.1.1.7	Alpha
8639	hCoV-19/England/PLYM-15FB0C4/2021	2021-06-01	United Kingdom	genome	unknown	B.1.1.7	Alpha
8640	hCoV-19/England/QEUH-1602876/2021	2021-06-01	United Kingdom	genome	unknown	B.1.1.7	Alpha
8641	hCoV-19/England/NORW-13DAC23/2021	2021-06-01	United Kingdom	genome	unknown	B.1.1.7	Alpha
8642	hCoV-19/England/MILK-15F8C69/2021	2021-06-01	United Kingdom	genome	unknown	B.1.1.7	Alpha
8643	hCoV-19/England/NORT-1BCD7DF/2021	2021-06-01	United Kingdom	genome	unknown	B.1.1.7	Alpha
8644	hCoV-19/England/NORT-1BCCF7E/2021	2021-06-01	United Kingdom	genome	unknown	B.1.1.7	Alpha
8645	hCoV-19/England/MILK-15FF118/2021	2021-06-01	United Kingdom	genome	unknown	B.1.1.7	Alpha
8646	hCoV-19/England/NORT-1BCDC3A/2021	2021-06-01	United Kingdom	genome	unknown	B.1.1.7	Alpha
8647	hCoV-19/England/NORT-1BC9A16/2021	2021-06-01	United Kingdom	genome	unknown	B.1.1.7	Alpha
8648	hCoV-19/England/ALDP-161ABFA/2021	2021-06-01	United Kingdom	genome	unknown	B.1.1.7	Alpha
8649	hCoV-19/England/MILK-1607E7F/2021	2021-06-01	United Kingdom	genome	unknown	B.1.1.7	Alpha
8650	hCoV-19/England/HSLL-160C548/2021	2021-06-02	United Kingdom	genome	unknown	B.1.1.7	Alpha
8651	hCoV-19/England/MILK-1608E14/2021	2021-06-02	United Kingdom	genome	unknown	B.1.1.7	Alpha
8652	hCoV-19/England/ALDP-1624D9D/2021	2021-06-02	United Kingdom	genome	unknown	B.1.1.7	Alpha
8653	hCoV-19/England/ALDP-161AB81/2021	2021-06-02	United Kingdom	genome	unknown	B.1.1.7	Alpha
8654	hCoV-19/England/MILK-1607EE8/2021	2021-06-02	United Kingdom	genome	unknown	B.1.1.7	Alpha
8655	hCoV-19/England/MILK-1607EBB/2021	2021-06-02	United Kingdom	genome	unknown	B.1.1.7	Alpha
8656	hCoV-19/England/HSLL-160C636/2021	2021-06-02	United Kingdom	genome	unknown	B.1.1.7	Alpha
8657	hCoV-19/England/HSLL-160C496/2021	2021-06-02	United Kingdom	genome	unknown	B.1.1.7	Alpha
8658	hCoV-19/England/QEUH-1629C31/2021	2021-06-02	United Kingdom	genome	unknown	B.1.1.7	Alpha
8659	hCoV-19/England/MILK-1609068/2021	2021-06-02	United Kingdom	genome	unknown	B.1.1.7	Alpha
8660	hCoV-19/Scotland/CVR7665/2021	2021-06-02	United Kingdom	genome	unknown	B.1.1.7	Alpha
8661	hCoV-19/England/ALDP-1634D30/2021	2021-06-02	United Kingdom	genome	unknown	B.1.1.7	Alpha
8662	hCoV-19/England/PLYM-160EB71/2021	2021-06-02	United Kingdom	genome	unknown	B.1.1.7	Alpha
8663	hCoV-19/England/MILK-160A0B2/2021	2021-06-02	United Kingdom	genome	unknown	B.1.1.7	Alpha
8664	hCoV-19/Scotland/QEUH-160F484/2021	2021-06-02	United Kingdom	genome	unknown	B.1.1.7	Alpha
8665	hCoV-19/Scotland/QEUH-1627C06/2021	2021-06-02	United Kingdom	genome	unknown	B.1.1.7	Alpha
8666	hCoV-19/Scotland/QEUH-163B4BC/2021	2021-06-02	United Kingdom	genome	unknown	B.1.1.7	Alpha
8667	hCoV-19/Scotland/QEUH-1618224/2021	2021-06-02	United Kingdom	genome	unknown	B.1.1.7	Alpha
8668	hCoV-19/Scotland/QEUH-1628E69/2021	2021-06-02	United Kingdom	genome	unknown	B.1.1.7	Alpha
8669	hCoV-19/Scotland/QEUH-160A6CF/2021	2021-06-02	United Kingdom	genome	unknown	B.1.1.7	Alpha
8670	hCoV-19/Scotland/QEUH-1618312/2021	2021-06-02	United Kingdom	genome	unknown	B.1.1.7	Alpha
8671	hCoV-19/England/MILK-1623208/2021	2021-06-02	United Kingdom	genome	unknown	B.1.1.7	Alpha
8672	hCoV-19/England/ALDP-161FFBD/2021	2021-06-02	United Kingdom	genome	unknown	B.1.1.7	Alpha
8673	hCoV-19/Scotland/QEUH-1624A2D/2021	2021-06-02	United Kingdom	genome	unknown	B.1.1.7	Alpha
8674	hCoV-19/Scotland/QEUH-1629967/2021	2021-06-02	United Kingdom	genome	unknown	B.1.1.7	Alpha
8675	hCoV-19/Scotland/QEUH-1629080/2021	2021-06-02	United Kingdom	genome	unknown	B.1.1.7	Alpha
8676	hCoV-19/Scotland/QEUH-1629A55/2021	2021-06-02	United Kingdom	genome	unknown	B.1.1.7	Alpha
8677	hCoV-19/Scotland/QEUH-1629D3E/2021	2021-06-02	United Kingdom	genome	unknown	B.1.1.7	Alpha
8678	hCoV-19/England/MILK-1620C58/2021	2021-06-02	United Kingdom	genome	unknown	B.1.1.7	Alpha
8679	hCoV-19/Wales/PHWC-PYFANY/2021	2021-06-02	United Kingdom	genome	unknown	B.1.1.7	Alpha
8680	hCoV-19/Wales/PHWC-PYF3ON/2021	2021-06-02	United Kingdom	genome	unknown	B.1.1.7	Alpha
8681	hCoV-19/NorthernIreland/NIRE-00383f/2021	2021-06-02	United Kingdom	genome	unknown	B.1.1.7	Alpha
8682	hCoV-19/Wales/PHWC-PYFZKT/2021	2021-06-02	United Kingdom	genome	unknown	B.1.1.7	Alpha
8683	hCoV-19/Wales/PHWC-PYFZJU/2021	2021-06-02	United Kingdom	genome	unknown	B.1.1.7	Alpha
8684	hCoV-19/England/HSLL-160F080/2021	2021-06-03	United Kingdom	genome	unknown	B.1.1.7	Alpha
8685	hCoV-19/England/HSLL-1610A24/2021	2021-06-03	United Kingdom	genome	unknown	B.1.1.7	Alpha
8686	hCoV-19/England/HSLL-16109EB/2021	2021-06-03	United Kingdom	genome	unknown	B.1.1.7	Alpha
8687	hCoV-19/England/MILK-16112D0/2021	2021-06-03	United Kingdom	genome	unknown	B.1.1.7	Alpha
8688	hCoV-19/Scotland/QEUH-1627EF1/2021	2021-06-03	United Kingdom	genome	unknown	B.1.1.7	Alpha
8689	hCoV-19/England/QEUH-1619548/2021	2021-06-03	United Kingdom	genome	unknown	B.1.1.7	Alpha
8690	hCoV-19/Scotland/QEUH-1618EA8/2021	2021-06-03	United Kingdom	genome	unknown	B.1.1.7	Alpha
8691	hCoV-19/Scotland/QEUH-1618CF9/2021	2021-06-03	United Kingdom	genome	unknown	B.1.1.7	Alpha
8692	hCoV-19/England/ALDP-164F5FE/2021	2021-06-03	United Kingdom	genome	unknown	B.1.1.7	Alpha
8693	hCoV-19/Scotland/QEUH-1627116/2021	2021-06-03	United Kingdom	genome	unknown	B.1.1.7	Alpha
8694	hCoV-19/England/PHEC-M303M34D/2021	2021-06-03	United Kingdom	genome	unknown	B.1.1.7	Alpha
8695	hCoV-19/England/HSLL-1619830/2021	2021-06-03	United Kingdom	genome	unknown	B.1.1.7	Alpha
8696	hCoV-19/England/ALDP-163A1E3/2021	2021-06-03	United Kingdom	genome	unknown	B.1.1.7	Alpha
8697	hCoV-19/England/QEUH-1629E68/2021	2021-06-03	United Kingdom	genome	unknown	B.1.1.7	Alpha
8698	hCoV-19/England/ALDP-1635F93/2021	2021-06-03	United Kingdom	genome	unknown	B.1.1.7	Alpha
8699	hCoV-19/England/HSLL-16195DF/2021	2021-06-03	United Kingdom	genome	unknown	B.1.1.7	Alpha
8700	hCoV-19/Wales/PHWC-PYFZSA/2021	2021-06-03	United Kingdom	genome	unknown	B.1.1.7	Alpha
8701	hCoV-19/Wales/PHWC-PYFZ31/2021	2021-06-03	United Kingdom	genome	unknown	B.1.1.7	Alpha
8702	hCoV-19/England/ALDP-163A611/2021	2021-06-03	United Kingdom	genome	unknown	B.1.1.7	Alpha
8703	hCoV-19/England/QEUH-1627741/2021	2021-06-03	United Kingdom	genome	unknown	B.1.1.7	Alpha
8704	hCoV-19/Scotland/QEUH-1619487/2021	2021-06-03	United Kingdom	genome	unknown	B.1.1.7	Alpha
8705	hCoV-19/Scotland/QEUH-1618F0F/2021	2021-06-03	United Kingdom	genome	unknown	B.1.1.7	Alpha
8706	hCoV-19/Scotland/QEUH-1628F39/2021	2021-06-03	United Kingdom	genome	unknown	B.1.1.7	Alpha
8707	hCoV-19/Scotland/QEUH-1628ADE/2021	2021-06-03	United Kingdom	genome	unknown	B.1.1.7	Alpha
8708	hCoV-19/Scotland/QEUH-160DCBB/2021	2021-06-03	United Kingdom	genome	unknown	B.1.1.7	Alpha
8709	hCoV-19/Scotland/QEUH-160DE1F/2021	2021-06-03	United Kingdom	genome	unknown	B.1.1.7	Alpha
8710	hCoV-19/Scotland/QEUH-160DF1C/2021	2021-06-03	United Kingdom	genome	unknown	B.1.1.7	Alpha
8711	hCoV-19/England/ALDP-1632628/2021	2021-06-03	United Kingdom	genome	unknown	B.1.1.7	Alpha
8712	hCoV-19/Scotland/QEUH-160DE5B/2021	2021-06-03	United Kingdom	genome	unknown	B.1.1.7	Alpha
8713	hCoV-19/England/QEUH-162A016/2021	2021-06-03	United Kingdom	genome	unknown	B.1.1.7	Alpha
8714	hCoV-19/England/PHEC-31A941/2021	2021-06-03	United Kingdom	genome	unknown	B.1.1.7	Alpha
8715	hCoV-19/England/ALDP-164CB86/2021	2021-06-03	United Kingdom	genome	unknown	B.1.1.7	Alpha
8716	hCoV-19/England/ALDP-164D781/2021	2021-06-03	United Kingdom	genome	unknown	B.1.1.7	Alpha
8717	hCoV-19/England/PHEC-L30BLC3B/2021	2021-06-03	United Kingdom	genome	unknown	B.1.1.7	Alpha
8718	hCoV-19/England/PHEC-L30BL99E/2021	2021-06-03	United Kingdom	genome	unknown	B.1.1.7	Alpha
8719	hCoV-19/England/PHEC-L30BL4AC/2021	2021-06-03	United Kingdom	genome	unknown	B.1.1.7	Alpha
8720	hCoV-19/NorthernIreland/NIRE-00388e/2021	2021-06-03	United Kingdom	genome	unknown	B.1.1.7	Alpha
8721	hCoV-19/England/ALDP-164FA59/2021	2021-06-03	United Kingdom	genome	unknown	B.1.1.7	Alpha
8722	hCoV-19/NorthernIreland/NIRE-0038a0/2021	2021-06-03	United Kingdom	genome	unknown	B.1.1.7	Alpha
8723	hCoV-19/NorthernIreland/NIRE-00389b/2021	2021-06-03	United Kingdom	genome	unknown	B.1.1.7	Alpha
8724	hCoV-19/NorthernIreland/NIRE-003893/2021	2021-06-03	United Kingdom	genome	unknown	B.1.1.7	Alpha
8725	hCoV-19/England/ALDP-164ABE2/2021	2021-06-04	United Kingdom	genome	unknown	B.1.1.7	Alpha
8726	hCoV-19/England/ALDP-1655425/2021	2021-06-04	United Kingdom	genome	unknown	B.1.1.7	Alpha
8727	hCoV-19/England/ALDP-16392E1/2021	2021-06-04	United Kingdom	genome	unknown	B.1.1.7	Alpha
8728	hCoV-19/England/MILK-16307AF/2021	2021-06-04	United Kingdom	genome	unknown	Q.1	Alpha
8729	hCoV-19/England/ALDP-16557D1/2021	2021-06-04	United Kingdom	genome	unknown	B.1.1.7	Alpha
8730	hCoV-19/England/PHWC-PYPUMD/2021	2021-06-04	United Kingdom	genome	unknown	B.1.1.7	Alpha
8731	hCoV-19/England/SHEF-10E58BB/2021	2021-06-04	United Kingdom	genome	unknown	B.1.1.7	Alpha
8732	hCoV-19/England/MILK-162F4CA/2021	2021-06-04	United Kingdom	genome	unknown	B.1.1.7	Alpha
8733	hCoV-19/England/ALDP-166689E/2021	2021-06-04	United Kingdom	genome	unknown	B.1.1.7	Alpha
8734	hCoV-19/England/SHEF-10E0768/2021	2021-06-04	United Kingdom	genome	unknown	B.1.1.7	Alpha
8735	hCoV-19/England/MILK-1639AF8/2021	2021-06-04	United Kingdom	genome	unknown	B.1.1.7	Alpha
8736	hCoV-19/England/NORW-13E1FF3/2021	2021-06-04	United Kingdom	genome	unknown	B.1.1.7	Alpha
8737	hCoV-19/England/NORW-13E1588/2021	2021-06-04	United Kingdom	genome	unknown	B.1.1.7	Alpha
8738	hCoV-19/England/ALDP-1654E28/2021	2021-06-04	United Kingdom	genome	unknown	B.1.1.7	Alpha
8739	hCoV-19/England/QEUH-1636211/2021	2021-06-04	United Kingdom	genome	unknown	B.1.1.7	Alpha
8740	hCoV-19/Scotland/EDB18248/2021	2021-06-04	United Kingdom	genome	unknown	B.1.1.7	Alpha
8741	hCoV-19/England/ALDP-16507D6/2021	2021-06-04	United Kingdom	genome	unknown	B.1.1.7	Alpha
8742	hCoV-19/England/MILK-1636FFC/2021	2021-06-04	United Kingdom	genome	unknown	B.1.1.7	Alpha
8743	hCoV-19/England/ALDP-164D235/2021	2021-06-04	United Kingdom	genome	unknown	B.1.1.7	Alpha
8744	hCoV-19/England/SHEF-10E5B2B/2021	2021-06-04	United Kingdom	genome	unknown	B.1.1.7	Alpha
8745	hCoV-19/England/NORW-13E2068/2021	2021-06-04	United Kingdom	genome	unknown	B.1.1.7	Alpha
8746	hCoV-19/England/HSLL-164277D/2021	2021-06-04	United Kingdom	genome	unknown	B.1.1.7	Alpha
8747	hCoV-19/England/MILK-163094F/2021	2021-06-04	United Kingdom	genome	unknown	B.1.1.7	Alpha
8748	hCoV-19/England/MILK-162F2C0/2021	2021-06-04	United Kingdom	genome	unknown	B.1.1.7	Alpha
8749	hCoV-19/England/ALDP-164FC62/2021	2021-06-04	United Kingdom	genome	unknown	B.1.1.7	Alpha
8750	hCoV-19/England/ALDP-16524BF/2021	2021-06-04	United Kingdom	genome	unknown	B.1.1.7	Alpha
8751	hCoV-19/England/ALDP-16342B9/2021	2021-06-04	United Kingdom	genome	unknown	B.1.1.7	Alpha
8752	hCoV-19/England/ALDP-164C9F5/2021	2021-06-04	United Kingdom	genome	unknown	B.1.1.7	Alpha
8753	hCoV-19/England/ALDP-165521C/2021	2021-06-04	United Kingdom	genome	unknown	B.1.1.7	Alpha
8754	hCoV-19/England/ALDP-1633FFF/2021	2021-06-04	United Kingdom	genome	unknown	B.1.1.7	Alpha
8755	hCoV-19/England/QEUH-162E8ED/2021	2021-06-04	United Kingdom	genome	unknown	B.1.1.7	Alpha
8756	hCoV-19/England/ALDP-16517C6/2021	2021-06-04	United Kingdom	genome	unknown	B.1.1.7	Alpha
8757	hCoV-19/Scotland/QEUH-16418A8/2021	2021-06-04	United Kingdom	genome	unknown	B.1.1.7	Alpha
8758	hCoV-19/Scotland/QEUH-162E917/2021	2021-06-04	United Kingdom	genome	unknown	B.1.1.7	Alpha
8759	hCoV-19/Scotland/QEUH-162E7FF/2021	2021-06-04	United Kingdom	genome	unknown	B.1.1.7	Alpha
8760	hCoV-19/Scotland/QEUH-162E80B/2021	2021-06-04	United Kingdom	genome	unknown	B.1.1.7	Alpha
8761	hCoV-19/Scotland/QEUH-162A984/2021	2021-06-04	United Kingdom	genome	unknown	B.1.1.7	Alpha
8762	hCoV-19/Scotland/QEUH-162A4CF/2021	2021-06-04	United Kingdom	genome	unknown	B.1.1.7	Alpha
8763	hCoV-19/Scotland/QEUH-163C55E/2021	2021-06-04	United Kingdom	genome	unknown	B.1.1.7	Alpha
8764	hCoV-19/England/MILK-163147A/2021	2021-06-04	United Kingdom	genome	unknown	B.1.1.7	Alpha
8765	hCoV-19/England/ALDP-1665F8B/2021	2021-06-04	United Kingdom	genome	unknown	B.1.1.7	Alpha
8766	hCoV-19/Scotland/QEUH-1630DCB/2021	2021-06-04	United Kingdom	genome	unknown	B.1.1.7	Alpha
8767	hCoV-19/Scotland/QEUH-16310EF/2021	2021-06-04	United Kingdom	genome	unknown	B.1.1.7	Alpha
8768	hCoV-19/Scotland/QEUH-1632E8A/2021	2021-06-04	United Kingdom	genome	unknown	B.1.1.7	Alpha
8769	hCoV-19/England/ALDP-166081C/2021	2021-06-04	United Kingdom	genome	unknown	B.1.1.7	Alpha
8770	hCoV-19/England/NORW-13D5CBF/2021	2021-06-04	United Kingdom	genome	unknown	B.1.1.7	Alpha
8771	hCoV-19/England/PHEC-317601/2021	2021-06-04	United Kingdom	genome	unknown	B.1.1.7	Alpha
8772	hCoV-19/Scotland/QEUH-163C5B8/2021	2021-06-04	United Kingdom	genome	unknown	B.1.1.7	Alpha
8773	hCoV-19/England/MILK-163234F/2021	2021-06-04	United Kingdom	genome	unknown	B.1.1.7	Alpha
8774	hCoV-19/Scotland/QEUH-163C8FB/2021	2021-06-04	United Kingdom	genome	unknown	B.1.1.7	Alpha
8775	hCoV-19/England/PLYM-1633056/2021	2021-06-04	United Kingdom	genome	unknown	B.1.1.7	Alpha
8776	hCoV-19/England/NORW-13E1A5C/2021	2021-06-04	United Kingdom	genome	unknown	B.1.1.7	Alpha
8777	hCoV-19/Scotland/QEUH-162A4DE/2021	2021-06-04	United Kingdom	genome	unknown	B.1.1.7	Alpha
8778	hCoV-19/England/ALDP-1665D72/2021	2021-06-04	United Kingdom	genome	unknown	B.1.1.7	Alpha
8779	hCoV-19/NorthernIreland/NIRE-00388f/2021	2021-06-04	United Kingdom	genome	unknown	B.1.1.7	Alpha
8780	hCoV-19/Scotland/EDB18250/2021	2021-06-05	United Kingdom	genome	unknown	B.1.1.7	Alpha
8781	hCoV-19/England/NORT-1BCEF7C/2021	2021-06-05	United Kingdom	genome	unknown	B.1.1.7	Alpha
8782	hCoV-19/Scotland/QEUH-1641C33/2021	2021-06-05	United Kingdom	genome	unknown	B.1.1.7	Alpha
8783	hCoV-19/Scotland/QEUH-1641978/2021	2021-06-05	United Kingdom	genome	unknown	B.1.1.7	Alpha
8784	hCoV-19/Scotland/QEUH-16417F6/2021	2021-06-05	United Kingdom	genome	unknown	B.1.1.7	Alpha
8785	hCoV-19/England/NORT-1BCF157/2021	2021-06-05	United Kingdom	genome	unknown	B.1.1.7	Alpha
8786	hCoV-19/Scotland/QEUH-164084F/2021	2021-06-05	United Kingdom	genome	unknown	B.1.1.7	Alpha
8787	hCoV-19/Scotland/QEUH-16360DB/2021	2021-06-05	United Kingdom	genome	unknown	B.1.1.7	Alpha
8788	hCoV-19/England/NORT-1BCF193/2021	2021-06-05	United Kingdom	genome	unknown	B.1.1.7	Alpha
8789	hCoV-19/England/NORT-1BCF078/2021	2021-06-05	United Kingdom	genome	unknown	B.1.1.7	Alpha
8790	hCoV-19/Scotland/QEUH-16380F7/2021	2021-06-05	United Kingdom	genome	unknown	B.1.1.7	Alpha
8791	hCoV-19/England/MILK-1640AB2/2021	2021-06-05	United Kingdom	genome	unknown	B.1.1.7	Alpha
8792	hCoV-19/England/MILK-163FA6B/2021	2021-06-05	United Kingdom	genome	unknown	B.1.1.7	Alpha
8793	hCoV-19/England/NORW-13D6805/2021	2021-06-05	United Kingdom	genome	unknown	B.1.1.7	Alpha
8794	hCoV-19/England/MILK-163FD17/2021	2021-06-05	United Kingdom	genome	unknown	B.1.1.7	Alpha
8795	hCoV-19/England/PHEC-317D39/2021	2021-06-05	United Kingdom	genome	unknown	B.1.1.7	Alpha
8796	hCoV-19/Scotland/QEUH-1636150/2021	2021-06-05	United Kingdom	genome	unknown	B.1.1.7	Alpha
8797	hCoV-19/England/MILK-163F60D/2021	2021-06-05	United Kingdom	genome	unknown	B.1.1.7	Alpha
8798	hCoV-19/England/ALDP-164FF78/2021	2021-06-05	United Kingdom	genome	unknown	B.1.1.7	Alpha
8799	hCoV-19/Scotland/QEUH-164C05A/2021	2021-06-05	United Kingdom	genome	unknown	B.1.1.7	Alpha
8800	hCoV-19/England/MILK-162AF73/2021	2021-06-05	United Kingdom	genome	unknown	B.1.1.7	Alpha
8801	hCoV-19/England/MILK-16479BE/2021	2021-06-05	United Kingdom	genome	unknown	B.1.1.7	Alpha
8802	hCoV-19/Scotland/QEUH-1636466/2021	2021-06-05	United Kingdom	genome	unknown	B.1.1.7	Alpha
8803	hCoV-19/Scotland/QEUH-163C57C/2021	2021-06-05	United Kingdom	genome	unknown	B.1.1.7	Alpha
8804	hCoV-19/Scotland/QEUH-1640690/2021	2021-06-05	United Kingdom	genome	unknown	B.1.1.7	Alpha
8805	hCoV-19/Scotland/QEUH-163FEC9/2021	2021-06-05	United Kingdom	genome	unknown	B.1.1.7	Alpha
8806	hCoV-19/Scotland/QEUH-1640548/2021	2021-06-05	United Kingdom	genome	unknown	B.1.1.7	Alpha
8807	hCoV-19/England/NORT-1BCF4E5/2021	2021-06-05	United Kingdom	genome	unknown	B.1.1.7	Alpha
8808	hCoV-19/Scotland/QEUH-1641C60/2021	2021-06-05	United Kingdom	genome	unknown	B.1.1.7	Alpha
8809	hCoV-19/Scotland/QEUH-16408D6/2021	2021-06-05	United Kingdom	genome	unknown	B.1.1.7	Alpha
8810	hCoV-19/England/ALDP-166BA66/2021	2021-06-05	United Kingdom	genome	unknown	B.1.1.7	Alpha
8811	hCoV-19/England/NORW-13D6999/2021	2021-06-05	United Kingdom	genome	unknown	B.1.1.7	Alpha
8812	hCoV-19/England/MILK-163F306/2021	2021-06-05	United Kingdom	genome	unknown	B.1.1.7	Alpha
8813	hCoV-19/England/ALDP-164F154/2021	2021-06-05	United Kingdom	genome	unknown	B.1.1.7	Alpha
8814	hCoV-19/England/PLYM-1633038/2021	2021-06-05	United Kingdom	genome	unknown	B.1.1.7	Alpha
8815	hCoV-19/England/ALDP-1652516/2021	2021-06-05	United Kingdom	genome	unknown	B.1.1.7	Alpha
8816	hCoV-19/England/ALDP-1655285/2021	2021-06-05	United Kingdom	genome	unknown	B.1.1.7	Alpha
8817	hCoV-19/England/MILK-163A884/2021	2021-06-05	United Kingdom	genome	unknown	B.1.1.7	Alpha
8818	hCoV-19/England/PLYM-163C4CA/2021	2021-06-05	United Kingdom	genome	unknown	B.1.1.7	Alpha
8819	hCoV-19/England/ALDP-1668137/2021	2021-06-05	United Kingdom	genome	unknown	B.1.1.7	Alpha
8820	hCoV-19/England/ALDP-166DED1/2021	2021-06-05	United Kingdom	genome	unknown	B.1.1.7	Alpha
8821	hCoV-19/England/HSLL-1641091/2021	2021-06-05	United Kingdom	genome	unknown	B.1.1.7	Alpha
8822	hCoV-19/England/ALDP-1666861/2021	2021-06-05	United Kingdom	genome	unknown	B.1.1.7	Alpha
8823	hCoV-19/England/ALDP-165505E/2021	2021-06-05	United Kingdom	genome	unknown	B.1.1.7	Alpha
8824	hCoV-19/Scotland/QEUH-1645015/2021	2021-06-05	United Kingdom	genome	unknown	B.1.1.7	Alpha
8825	hCoV-19/Scotland/QEUH-163EE7F/2021	2021-06-05	United Kingdom	genome	unknown	B.1.1.7	Alpha
8826	hCoV-19/England/PHEC-323268/2021	2021-06-05	United Kingdom	genome	unknown	B.1.1.7	Alpha
8827	hCoV-19/England/QEUH-1640205/2021	2021-06-05	United Kingdom	genome	unknown	B.1.1.7	Alpha
8828	hCoV-19/England/QEUH-163808E/2021	2021-06-05	United Kingdom	genome	unknown	B.1.1.7	Alpha
8829	hCoV-19/England/ALDP-165B735/2021	2021-06-05	United Kingdom	genome	unknown	B.1.1.7	Alpha
8830	hCoV-19/Wales/PHWC-PYGR59/2021	2021-06-06	United Kingdom	genome	unknown	B.1.1.7	Alpha
8831	hCoV-19/Scotland/QEUH-1646E47/2021	2021-06-06	United Kingdom	genome	unknown	B.1.1.7	Alpha
8832	hCoV-19/England/ALDP-166E85A/2021	2021-06-06	United Kingdom	genome	unknown	B.1.1.7	Alpha
8833	hCoV-19/Scotland/QEUH-1644B06/2021	2021-06-06	United Kingdom	genome	unknown	B.1.1.7	Alpha
8834	hCoV-19/Scotland/QEUH-164716B/2021	2021-06-06	United Kingdom	genome	unknown	B.1.1.7	Alpha
8835	hCoV-19/Scotland/QEUH-1644BE8/2021	2021-06-06	United Kingdom	genome	unknown	B.1.1.7	Alpha
8836	hCoV-19/Scotland/QEUH-164C51F/2021	2021-06-06	United Kingdom	genome	unknown	B.1.1.7	Alpha
8837	hCoV-19/Scotland/QEUH-164C272/2021	2021-06-06	United Kingdom	genome	unknown	B.1.1.7	Alpha
8838	hCoV-19/England/QEUH-1645B14/2021	2021-06-06	United Kingdom	genome	unknown	B.1.1.7	Alpha
8839	hCoV-19/England/QEUH-1646FDB/2021	2021-06-06	United Kingdom	genome	unknown	B.1.1.7	Alpha
8840	hCoV-19/England/MILK-163F55B/2021	2021-06-06	United Kingdom	genome	unknown	B.1.1.7	Alpha
8841	hCoV-19/Scotland/QEUH-1658695/2021	2021-06-06	United Kingdom	genome	unknown	B.1.1.7	Alpha
8842	hCoV-19/England/ALDP-165AA3D/2021	2021-06-06	United Kingdom	genome	unknown	B.1.1.7	Alpha
8843	hCoV-19/England/ALDP-166654C/2021	2021-06-06	United Kingdom	genome	unknown	B.1.1.7	Alpha
8844	hCoV-19/NorthernIreland/NIRE-0038e7/2021	2021-06-06	United Kingdom	genome	unknown	B.1.1.7	Alpha
8845	hCoV-19/NorthernIreland/NIRE-0038ed/2021	2021-06-06	United Kingdom	genome	unknown	B.1.1.7	Alpha
8846	hCoV-19/NorthernIreland/NIRE-0038ee/2021	2021-06-06	United Kingdom	genome	unknown	B.1.1.7	Alpha
8847	hCoV-19/England/ALDP-166E4CF/2021	2021-06-06	United Kingdom	genome	unknown	B.1.1.7	Alpha
8848	hCoV-19/England/MILK-16495F4/2021	2021-06-06	United Kingdom	genome	unknown	B.1.1.7	Alpha
8849	hCoV-19/England/MILK-1645C8A/2021	2021-06-06	United Kingdom	genome	unknown	B.1.1.7	Alpha
8850	hCoV-19/England/ALDP-166E711/2021	2021-06-06	United Kingdom	genome	unknown	B.1.1.7	Alpha
8851	hCoV-19/England/MILK-1637A54/2021	2021-06-06	United Kingdom	genome	unknown	B.1.1.7	Alpha
8852	hCoV-19/England/LOND-1350DE6/2021	2021-06-06	United Kingdom	genome	unknown	B.1.1.7	Alpha
8853	hCoV-19/England/MILK-164A6F0/2021	2021-06-07	United Kingdom	genome	unknown	B.1.1.7	Alpha
8854	hCoV-19/England/MILK-1645EDF/2021	2021-06-07	United Kingdom	genome	unknown	B.1.1.7	Alpha
8855	hCoV-19/England/MILK-16478B1/2021	2021-06-07	United Kingdom	genome	unknown	B.1.1.7	Alpha
8856	hCoV-19/England/MILK-1645E0C/2021	2021-06-07	United Kingdom	genome	unknown	B.1.1.7	Alpha
8857	hCoV-19/England/MILK-1649A9B/2021	2021-06-07	United Kingdom	genome	unknown	B.1.1.7	Alpha
8858	hCoV-19/England/MILK-16448D2/2021	2021-06-07	United Kingdom	genome	unknown	B.1.1.7	Alpha
8859	hCoV-19/England/MILK-164915A/2021	2021-06-07	United Kingdom	genome	unknown	B.1.1.7	Alpha
8860	hCoV-19/England/MILK-16454EC/2021	2021-06-07	United Kingdom	genome	unknown	B.1.1.7	Alpha
8861	hCoV-19/England/PLYM-1646339/2021	2021-06-07	United Kingdom	genome	unknown	B.1.1.7	Alpha
8862	hCoV-19/England/PLYM-16466E5/2021	2021-06-07	United Kingdom	genome	unknown	B.1.1.7	Alpha
8863	hCoV-19/Wales/MILK-1649239/2021	2021-06-07	United Kingdom	genome	unknown	B.1.1.7	Alpha
8864	hCoV-19/England/MILK-1646928/2021	2021-06-07	United Kingdom	genome	unknown	B.1.1.7	Alpha
8865	hCoV-19/England/MILK-1646B22/2021	2021-06-07	United Kingdom	genome	unknown	B.1.1.7	Alpha
8866	hCoV-19/England/PLYM-16463FD/2021	2021-06-07	United Kingdom	genome	unknown	B.1.1.7	Alpha
8867	hCoV-19/England/MILK-16473FC/2021	2021-06-07	United Kingdom	genome	unknown	B.1.1.7	Alpha
8868	hCoV-19/England/MILK-1644702/2021	2021-06-07	United Kingdom	genome	unknown	B.1.1.7	Alpha
8869	hCoV-19/England/MILK-1647848/2021	2021-06-07	United Kingdom	genome	unknown	B.1.1.7	Alpha
8870	hCoV-19/England/MILK-1647B30/2021	2021-06-07	United Kingdom	genome	unknown	B.1.1.7	Alpha
8871	hCoV-19/England/MILK-1649BF2/2021	2021-06-07	United Kingdom	genome	unknown	B.1.1.7	Alpha
8872	hCoV-19/England/MILK-1643976/2021	2021-06-07	United Kingdom	genome	unknown	B.1.1.7	Alpha
8873	hCoV-19/England/MILK-1649E26/2021	2021-06-07	United Kingdom	genome	unknown	B.1.1.7	Alpha
8874	hCoV-19/England/AUV2_CP52100245241054/2021	2021-06-07	United Kingdom	genome	unknown	B.1.1.7	Alpha
8875	hCoV-19/England/MILK-165E082/2021	2021-06-07	United Kingdom	genome	unknown	B.1.1.7	Alpha
8876	hCoV-19/England/MILK-165E50B/2021	2021-06-07	United Kingdom	genome	unknown	B.1.1.7	Alpha
8877	hCoV-19/England/ALDP-167C859/2021	2021-06-07	United Kingdom	genome	unknown	B.1.1.7	Alpha
8878	hCoV-19/England/MILK-1674EC8/2021	2021-06-07	United Kingdom	genome	unknown	B.1.1.7	Alpha
8879	hCoV-19/England/ALDP-1667F3E/2021	2021-06-07	United Kingdom	genome	unknown	B.1.1.7	Alpha
8880	hCoV-19/Scotland/QEUH-1664256/2021	2021-06-07	United Kingdom	genome	unknown	B.1.1.7	Alpha
8881	hCoV-19/England/QEUH-168817D/2021	2021-06-07	United Kingdom	genome	unknown	B.1.1.7	Alpha
8882	hCoV-19/England/ALDP-1687BAD/2021	2021-06-07	United Kingdom	genome	unknown	B.1.1.7	Alpha
8883	hCoV-19/England/LOND-1352F75/2021	2021-06-07	United Kingdom	genome	unknown	B.1.1.7	Alpha
8884	hCoV-19/England/ALDP-1677056/2021	2021-06-07	United Kingdom	genome	unknown	B.1.1.7	Alpha
8885	hCoV-19/England/ALDP-167B104/2021	2021-06-07	United Kingdom	genome	unknown	B.1.1.7	Alpha
8886	hCoV-19/Scotland/QEUH-167786D/2021	2021-06-07	United Kingdom	genome	unknown	B.1.1.7	Alpha
8887	hCoV-19/England/ALDP-1686C41/2021	2021-06-07	United Kingdom	genome	unknown	B.1.1.7	Alpha
8888	hCoV-19/Scotland/QEUH-165C664/2021	2021-06-07	United Kingdom	genome	unknown	B.1.1.7	Alpha
8889	hCoV-19/England/MILK-1645D4B/2021	2021-06-07	United Kingdom	genome	unknown	B.1.1.7	Alpha
8890	hCoV-19/Scotland/QEUH-165FD20/2021	2021-06-07	United Kingdom	genome	unknown	B.1.1.7	Alpha
8891	hCoV-19/England/QEUH-165FA29/2021	2021-06-07	United Kingdom	genome	unknown	B.1.1.7	Alpha
8892	hCoV-19/England/MILK-1660014/2021	2021-06-07	United Kingdom	genome	unknown	B.1.1.7	Alpha
8893	hCoV-19/Scotland/QEUH-165FA56/2021	2021-06-07	United Kingdom	genome	unknown	B.1.1.7	Alpha
8894	hCoV-19/England/QEUH-1659D71/2021	2021-06-07	United Kingdom	genome	unknown	B.1.1.7	Alpha
8895	hCoV-19/England/ALDP-168FF6D/2021	2021-06-07	United Kingdom	genome	unknown	B.1.1.7	Alpha
8896	hCoV-19/Scotland/QEUH-1660D68/2021	2021-06-07	United Kingdom	genome	unknown	B.1.1.7	Alpha
8897	hCoV-19/Scotland/QEUH-1665167/2021	2021-06-07	United Kingdom	genome	unknown	B.1.1.7	Alpha
8898	hCoV-19/England/ALDP-168DE53/2021	2021-06-07	United Kingdom	genome	unknown	B.1.1.7	Alpha
8899	hCoV-19/NorthernIreland/NIRE-003905/2021	2021-06-07	United Kingdom	genome	unknown	B.1.1.7	Alpha
8900	hCoV-19/Scotland/QEUH-1662416/2021	2021-06-07	United Kingdom	genome	unknown	B.1.1.7	Alpha
8901	hCoV-19/Scotland/QEUH-166548C/2021	2021-06-07	United Kingdom	genome	unknown	B.1.1.7	Alpha
8902	hCoV-19/Wales/PHWC-PYGDQ5/2021	2021-06-07	United Kingdom	genome	unknown	B.1.1.7	Alpha
8903	hCoV-19/Wales/PHWC-PYGRGK/2021	2021-06-07	United Kingdom	genome	unknown	B.1.1.7	Alpha
8904	hCoV-19/Wales/PHWC-PYGYIX/2021	2021-06-07	United Kingdom	genome	unknown	B.1.1.7	Alpha
8905	hCoV-19/England/ALDP-1668629/2021	2021-06-07	United Kingdom	genome	unknown	B.1.1.7	Alpha
8906	hCoV-19/Scotland/QEUH-167793D/2021	2021-06-07	United Kingdom	genome	unknown	B.1.1.7	Alpha
8907	hCoV-19/England/ALDP-1672F4F/2021	2021-06-07	United Kingdom	genome	unknown	B.1.1.7	Alpha
8908	hCoV-19/England/ALDP-167A1BA/2021	2021-06-07	United Kingdom	genome	unknown	B.1.1.7	Alpha
8909	hCoV-19/England/ALDP-1679F84/2021	2021-06-07	United Kingdom	genome	unknown	B.1.1.7	Alpha
8910	hCoV-19/England/MILK-1666EF6/2021	2021-06-07	United Kingdom	genome	unknown	B.1.1.7	Alpha
8911	hCoV-19/Scotland/QEUH-16583F8/2021	2021-06-07	United Kingdom	genome	unknown	B.1.1.7	Alpha
8912	hCoV-19/England/QEUH-165D557/2021	2021-06-07	United Kingdom	genome	unknown	B.1.1.7	Alpha
8913	hCoV-19/Scotland/QEUH-1662FBB/2021	2021-06-07	United Kingdom	genome	unknown	B.1.1.7	Alpha
8914	hCoV-19/England/ALDP-16794C1/2021	2021-06-07	United Kingdom	genome	unknown	B.1.1.7	Alpha
8915	hCoV-19/Scotland/QEUH-1658316/2021	2021-06-07	United Kingdom	genome	unknown	B.1.1.7	Alpha
8916	hCoV-19/Scotland/QEUH-16582A0/2021	2021-06-07	United Kingdom	genome	unknown	B.1.1.7	Alpha
8917	hCoV-19/Scotland/QEUH-16630A8/2021	2021-06-07	United Kingdom	genome	unknown	B.1.1.7	Alpha
8918	hCoV-19/Scotland/QEUH-165E83F/2021	2021-06-07	United Kingdom	genome	unknown	B.1.1.7	Alpha
8919	hCoV-19/Scotland/QEUH-16585F2/2021	2021-06-07	United Kingdom	genome	unknown	B.1.1.7	Alpha
8920	hCoV-19/Scotland/QEUH-1660ADA/2021	2021-06-07	United Kingdom	genome	unknown	B.1.1.7	Alpha
8921	hCoV-19/NorthernIreland/NIRE-00391d/2021	2021-06-07	United Kingdom	genome	unknown	B.1.1.7	Alpha
8922	hCoV-19/Scotland/QEUH-1662452/2021	2021-06-07	United Kingdom	genome	unknown	B.1.1.7	Alpha
8923	hCoV-19/NorthernIreland/NIRE-0038ff/2021	2021-06-07	United Kingdom	genome	unknown	B.1.1.7	Alpha
8924	hCoV-19/NorthernIreland/NIRE-00390c/2021	2021-06-07	United Kingdom	genome	unknown	B.1.1.7	Alpha
8925	hCoV-19/NorthernIreland/NIRE-003918/2021	2021-06-07	United Kingdom	genome	unknown	B.1.1.7	Alpha
8926	hCoV-19/England/ALDP-166F473/2021	2021-06-07	United Kingdom	genome	unknown	B.1.1.7	Alpha
8927	hCoV-19/England/ALDP-166F74D/2021	2021-06-07	United Kingdom	genome	unknown	B.1.1.7	Alpha
8928	hCoV-19/England/MILK-166B36B/2021	2021-06-08	United Kingdom	genome	unknown	B.1.1.7	Alpha
8929	hCoV-19/Scotland/QEUH-1678F67/2021	2021-06-08	United Kingdom	genome	unknown	B.1.1.7	Alpha
8930	hCoV-19/Scotland/QEUH-16899B0/2021	2021-06-08	United Kingdom	genome	unknown	B.1.1.7	Alpha
8931	hCoV-19/Scotland/QEUH-16785A1/2021	2021-06-08	United Kingdom	genome	unknown	B.1.1.7	Alpha
8932	hCoV-19/Scotland/QEUH-1689956/2021	2021-06-08	United Kingdom	genome	unknown	B.1.1.7	Alpha
8933	hCoV-19/England/PHEC-U30AU74A/2021	2021-06-08	United Kingdom	genome	unknown	B.1.1.7	Alpha
8934	hCoV-19/Scotland/QEUH-1673AC5/2021	2021-06-08	United Kingdom	genome	unknown	B.1.1.7	Alpha
8935	hCoV-19/Scotland/QEUH-1678705/2021	2021-06-08	United Kingdom	genome	unknown	B.1.1.7	Alpha
8936	hCoV-19/Scotland/QEUH-1673DDB/2021	2021-06-08	United Kingdom	genome	unknown	B.1.1.7	Alpha
8937	hCoV-19/England/ALDP-16842E7/2021	2021-06-08	United Kingdom	genome	unknown	B.1.1.7	Alpha
8938	hCoV-19/England/ALDP-168A269/2021	2021-06-08	United Kingdom	genome	unknown	B.1.1.7	Alpha
8939	hCoV-19/England/QEUH-167D3EE/2021	2021-06-08	United Kingdom	genome	unknown	B.1.1.7	Alpha
8940	hCoV-19/Scotland/QEUH-167D59D/2021	2021-06-08	United Kingdom	genome	unknown	B.1.1.7	Alpha
8941	hCoV-19/England/PLYM-165A53C/2021	2021-06-08	United Kingdom	genome	unknown	B.1.1.7	Alpha
8942	hCoV-19/England/MILK-1658FD6/2021	2021-06-08	United Kingdom	genome	unknown	B.1.1.7	Alpha
8943	hCoV-19/England/QEUH-167D4EB/2021	2021-06-08	United Kingdom	genome	unknown	B.1.1.7	Alpha
8944	hCoV-19/Scotland/QEUH-16857F6/2021	2021-06-08	United Kingdom	genome	unknown	B.1.1.7	Alpha
8945	hCoV-19/England/PHEC-U30AU795/2021	2021-06-08	United Kingdom	genome	unknown	B.1.1.7	Alpha
8946	hCoV-19/NorthernIreland/NIRE-0039c6/2021	2021-06-08	United Kingdom	genome	unknown	B.1.1.7	Alpha
8947	hCoV-19/NorthernIreland/NIRE-0039ae/2021	2021-06-08	United Kingdom	genome	unknown	B.1.1.7	Alpha
8948	hCoV-19/NorthernIreland/NIRE-0039af/2021	2021-06-08	United Kingdom	genome	unknown	B.1.1.7	Alpha
8949	hCoV-19/England/HSLL-1663318/2021	2021-06-08	United Kingdom	genome	unknown	B.1.1.7	Alpha
8950	hCoV-19/England/HSLL-16632EE/2021	2021-06-08	United Kingdom	genome	unknown	B.1.1.7	Alpha
8951	hCoV-19/England/QEUH-1688395/2021	2021-06-08	United Kingdom	genome	unknown	B.1.1.7	Alpha
8952	hCoV-19/England/ALDP-169ECDD/2021	2021-06-08	United Kingdom	genome	unknown	B.1.1.7	Alpha
8953	hCoV-19/Scotland/QEUH-167842C/2021	2021-06-08	United Kingdom	genome	unknown	B.1.1.7	Alpha
8954	hCoV-19/Scotland/QEUH-1678D12/2021	2021-06-08	United Kingdom	genome	unknown	B.1.1.7	Alpha
8955	hCoV-19/Scotland/QEUH-167825F/2021	2021-06-08	United Kingdom	genome	unknown	B.1.1.7	Alpha
8956	hCoV-19/Scotland/QEUH-1678F76/2021	2021-06-08	United Kingdom	genome	unknown	B.1.1.7	Alpha
8957	hCoV-19/Scotland/QEUH-1678D21/2021	2021-06-08	United Kingdom	genome	unknown	B.1.1.7	Alpha
8958	hCoV-19/England/ALDP-169909A/2021	2021-06-08	United Kingdom	genome	unknown	B.1.1.7	Alpha
8959	hCoV-19/England/ALDP-1698DFE/2021	2021-06-08	United Kingdom	genome	unknown	B.1.1.7	Alpha
8960	hCoV-19/England/ALDP-1681305/2021	2021-06-08	United Kingdom	genome	unknown	B.1.1.7	Alpha
8961	hCoV-19/Scotland/QEUH-16775EE/2021	2021-06-08	United Kingdom	genome	unknown	B.1.1.7	Alpha
8962	hCoV-19/England/QEUH-16777AC/2021	2021-06-08	United Kingdom	genome	unknown	B.1.1.7	Alpha
8963	hCoV-19/Scotland/QEUH-16776BE/2021	2021-06-08	United Kingdom	genome	unknown	B.1.1.7	Alpha
8964	hCoV-19/England/MILK-167161E/2021	2021-06-08	United Kingdom	genome	unknown	B.1.1.7	Alpha
8965	hCoV-19/England/CAMB-AA6D1A/2021	2021-06-08	United Kingdom	genome	unknown	B.1.1.7	Alpha
8966	hCoV-19/England/PHEC-T30BT9E9/2021	2021-06-08	United Kingdom	genome	unknown	B.1.1.7	Alpha
8967	hCoV-19/England/ALDP-168908E/2021	2021-06-08	United Kingdom	genome	unknown	B.1.1.7	Alpha
8968	hCoV-19/England/PHEC-31AF30/2021	2021-06-08	United Kingdom	genome	unknown	B.1.1.7	Alpha
8969	hCoV-19/England/QEUH-1673FB7/2021	2021-06-08	United Kingdom	genome	unknown	B.1.1.7	Alpha
8970	hCoV-19/England/MILK-167510A/2021	2021-06-08	United Kingdom	genome	unknown	B.1.1.7	Alpha
8971	hCoV-19/NorthernIreland/NIRE-0039b7/2021	2021-06-08	United Kingdom	genome	unknown	B.1.1.7	Alpha
8972	hCoV-19/England/MILK-1667C55/2021	2021-06-08	United Kingdom	genome	unknown	B.1.1.7	Alpha
8973	hCoV-19/England/MILK-1667A1F/2021	2021-06-08	United Kingdom	genome	unknown	B.1.1.7	Alpha
8974	hCoV-19/England/MILK-1667D43/2021	2021-06-08	United Kingdom	genome	unknown	B.1.1.7	Alpha
8975	hCoV-19/Wales/ALDP-169EFB6/2021	2021-06-08	United Kingdom	genome	unknown	B.1.1.7	Alpha
8976	hCoV-19/England/LOND-1353DE3/2021	2021-06-08	United Kingdom	genome	unknown	B.1.1.7	Alpha
8977	hCoV-19/England/HSLL-165F607/2021	2021-06-08	United Kingdom	genome	unknown	B.1.1.7	Alpha
8978	hCoV-19/NorthernIreland/NIRE-0039d7/2021	2021-06-08	United Kingdom	genome	unknown	B.1.1.7	Alpha
8979	hCoV-19/Scotland/EDB18262/2021	2021-06-08	United Kingdom	genome	unknown	B.1.1.7	Alpha
8980	hCoV-19/NorthernIreland/NIRE-0039d1/2021	2021-06-08	United Kingdom	genome	unknown	B.1.1.7	Alpha
8981	hCoV-19/NorthernIreland/NIRE-0039d6/2021	2021-06-08	United Kingdom	genome	unknown	B.1.1.7	Alpha
8982	hCoV-19/Wales/PHWC-PYF6Y6/2021	2021-06-08	United Kingdom	genome	unknown	B.1.1.7	Alpha
8983	hCoV-19/England/QEUH-16821BF/2021	2021-06-09	United Kingdom	genome	unknown	B.1.1.7	Alpha
8984	hCoV-19/Scotland/QEUH-167EFAD/2021	2021-06-09	United Kingdom	genome	unknown	B.1.1.7	Alpha
8985	hCoV-19/Scotland/QEUH-167E9AF/2021	2021-06-09	United Kingdom	genome	unknown	B.1.1.7	Alpha
8986	hCoV-19/Scotland/QEUH-167E356/2021	2021-06-09	United Kingdom	genome	unknown	B.1.1.7	Alpha
8987	hCoV-19/Scotland/QEUH-1687EC2/2021	2021-06-09	United Kingdom	genome	unknown	B.1.1.7	Alpha
8988	hCoV-19/Scotland/QEUH-167AEA4/2021	2021-06-09	United Kingdom	genome	unknown	B.1.1.7	Alpha
8989	hCoV-19/Scotland/QEUH-1687DF2/2021	2021-06-09	United Kingdom	genome	unknown	B.1.1.7	Alpha
8990	hCoV-19/England/MILK-167F962/2021	2021-06-09	United Kingdom	genome	unknown	B.1.1.7	Alpha
8991	hCoV-19/Scotland/QEUH-167D5BB/2021	2021-06-09	United Kingdom	genome	unknown	B.1.1.7	Alpha
8992	hCoV-19/Scotland/QEUH-167BF37/2021	2021-06-09	United Kingdom	genome	unknown	B.1.1.7	Alpha
8993	hCoV-19/Scotland/QEUH-167E480/2021	2021-06-09	United Kingdom	genome	unknown	B.1.1.7	Alpha
8994	hCoV-19/Scotland/QEUH-1687FFC/2021	2021-06-09	United Kingdom	genome	unknown	B.1.1.7	Alpha
8995	hCoV-19/Scotland/QEUH-16880E9/2021	2021-06-09	United Kingdom	genome	unknown	B.1.1.7	Alpha
8996	hCoV-19/England/ALDP-168E0A7/2021	2021-06-09	United Kingdom	genome	unknown	B.1.1.7	Alpha
8997	hCoV-19/NorthernIreland/NIRE-0039a8/2021	2021-06-09	United Kingdom	genome	unknown	B.1.1.7	Alpha
8998	hCoV-19/Scotland/QEUH-167ED1C/2021	2021-06-09	United Kingdom	genome	unknown	B.1.1.7	Alpha
8999	hCoV-19/Scotland/QEUH-1688140/2021	2021-06-09	United Kingdom	genome	unknown	B.1.1.7	Alpha
9000	hCoV-19/Scotland/QEUH-167E75A/2021	2021-06-09	United Kingdom	genome	unknown	B.1.1.7	Alpha
9001	hCoV-19/Scotland/QEUH-1689859/2021	2021-06-09	United Kingdom	genome	unknown	B.1.1.7	Alpha
9002	hCoV-19/Scotland/QEUH-1689552/2021	2021-06-09	United Kingdom	genome	unknown	B.1.1.7	Alpha
9003	hCoV-19/Scotland/QEUH-168287E/2021	2021-06-09	United Kingdom	genome	unknown	B.1.1.7	Alpha
9004	hCoV-19/England/NOTT-256054/2021	2021-06-09	United Kingdom	genome	unknown	B.1.1.7	Alpha
9005	hCoV-19/England/NOTT-25625E/2021	2021-06-09	United Kingdom	genome	unknown	B.1.1.7	Alpha
9006	hCoV-19/Scotland/QEUH-169509E/2021	2021-06-09	United Kingdom	genome	unknown	B.1.1.7	Alpha
9007	hCoV-19/Scotland/QEUH-1694CC8/2021	2021-06-09	United Kingdom	genome	unknown	B.1.1.7	Alpha
9008	hCoV-19/Wales/PHWC-PYGJK7/2021	2021-06-09	United Kingdom	genome	unknown	B.1.1.7	Alpha
9009	hCoV-19/Scotland/QEUH-167E1E3/2021	2021-06-09	United Kingdom	genome	unknown	B.1.1.7	Alpha
9010	hCoV-19/Scotland/QEUH-1687E2C/2021	2021-06-09	United Kingdom	genome	unknown	B.1.1.7	Alpha
9011	hCoV-19/Scotland/QEUH-1688034/2021	2021-06-09	United Kingdom	genome	unknown	B.1.1.7	Alpha
9012	hCoV-19/Scotland/QEUH-16896F5/2021	2021-06-09	United Kingdom	genome	unknown	B.1.1.7	Alpha
9013	hCoV-19/Wales/PHWC-PYG89W/2021	2021-06-09	United Kingdom	genome	unknown	B.1.1.7	Alpha
9014	hCoV-19/England/MILK-1681BFE/2021	2021-06-09	United Kingdom	genome	unknown	B.1.1.7	Alpha
9015	hCoV-19/England/MILK-1681CBF/2021	2021-06-09	United Kingdom	genome	unknown	B.1.1.7	Alpha
9016	hCoV-19/Scotland/QEUH-1695553/2021	2021-06-09	United Kingdom	genome	unknown	B.1.1.7	Alpha
9017	hCoV-19/Scotland/QEUH-1682A87/2021	2021-06-09	United Kingdom	genome	unknown	B.1.1.7	Alpha
9018	hCoV-19/England/SHEF-10E6331/2021	2021-06-09	United Kingdom	genome	unknown	B.1.1.7	Alpha
9019	hCoV-19/Scotland/QEUH-1694F0B/2021	2021-06-09	United Kingdom	genome	unknown	B.1.1.7	Alpha
9020	hCoV-19/Scotland/QEUH-1685662/2021	2021-06-09	United Kingdom	genome	unknown	B.1.1.7	Alpha
9021	hCoV-19/Scotland/QEUH-1681FF2/2021	2021-06-09	United Kingdom	genome	unknown	B.1.1.7	Alpha
9022	hCoV-19/Scotland/QEUH-1685A48/2021	2021-06-09	United Kingdom	genome	unknown	B.1.1.7	Alpha
9023	hCoV-19/Scotland/QEUH-1685626/2021	2021-06-09	United Kingdom	genome	unknown	B.1.1.7	Alpha
9024	hCoV-19/England/BIRM-BCNJ1Y/2021	2021-06-09	United Kingdom	genome	unknown	B.1.1.7	Alpha
9025	hCoV-19/England/PLYM-167454B/2021	2021-06-09	United Kingdom	genome	unknown	B.1.1.7	Alpha
9026	hCoV-19/England/ALDP-168FB0F/2021	2021-06-09	United Kingdom	genome	unknown	B.1.1.7	Alpha
9027	hCoV-19/NorthernIreland/NIRE-00396b/2021	2021-06-09	United Kingdom	genome	unknown	B.1.1.7	Alpha
9028	hCoV-19/England/QEUH-1695052/2021	2021-06-09	United Kingdom	genome	unknown	B.1.1.7	Alpha
9029	hCoV-19/England/OXON-F83974/2021	2021-06-09	United Kingdom	genome	unknown	B.1.1.7	Alpha
9030	hCoV-19/NorthernIreland/NIRE-00398a/2021	2021-06-09	United Kingdom	genome	unknown	B.1.1.7	Alpha
9031	hCoV-19/NorthernIreland/NIRE-003976/2021	2021-06-09	United Kingdom	genome	unknown	B.1.1.7	Alpha
9032	hCoV-19/England/MILK-166EC21/2021	2021-06-09	United Kingdom	genome	unknown	B.1.1.7	Alpha
9033	hCoV-19/England/HSLL-16736D0/2021	2021-06-09	United Kingdom	genome	unknown	B.1.1.7	Alpha
9034	hCoV-19/NorthernIreland/NIRE-003973/2021	2021-06-09	United Kingdom	genome	unknown	B.1.1.7	Alpha
9035	hCoV-19/England/ALDP-16965AD/2021	2021-06-09	United Kingdom	genome	unknown	B.1.1.7	Alpha
9036	hCoV-19/England/PLYM-16741ED/2021	2021-06-09	United Kingdom	genome	unknown	B.1.1.7	Alpha
9037	hCoV-19/England/QEUH-1699C4B/2021	2021-06-09	United Kingdom	genome	unknown	B.1.1.7	Alpha
9038	hCoV-19/England/ALDP-169E4D5/2021	2021-06-09	United Kingdom	genome	unknown	B.1.1.7	Alpha
9039	hCoV-19/England/MILK-1682E7C/2021	2021-06-10	United Kingdom	genome	unknown	B.1.1.7	Alpha
9040	hCoV-19/England/PLYM-167B74E/2021	2021-06-10	United Kingdom	genome	unknown	B.1.1.7	Alpha
9041	hCoV-19/England/OXON-F838E0/2021	2021-06-10	United Kingdom	genome	unknown	B.1.1.7	Alpha
9042	hCoV-19/England/PLYM-167B9EE/2021	2021-06-10	United Kingdom	genome	unknown	B.1.1.7	Alpha
9043	hCoV-19/NorthernIreland/NIRE-0039ed/2021	2021-06-10	United Kingdom	genome	unknown	B.1.1.7	Alpha
9044	hCoV-19/Wales/PHWC-PYGA8W/2021	2021-06-10	United Kingdom	genome	unknown	B.1.1.7	Alpha
9045	hCoV-19/Wales/PHWC-PYG4T7/2021	2021-06-10	United Kingdom	genome	unknown	B.1.1.7	Alpha
9046	hCoV-19/England/MILK-1688E85/2021	2021-06-10	United Kingdom	genome	unknown	B.1.1.7	Alpha
9047	hCoV-19/England/PHEC-31D9D5/2021	2021-06-10	United Kingdom	genome	unknown	B.1.1.7	Alpha
9048	hCoV-19/England/MILK-167A86A/2021	2021-06-10	United Kingdom	genome	unknown	B.1.1.7	Alpha
9049	hCoV-19/England/PLYM-167B878/2021	2021-06-10	United Kingdom	genome	unknown	B.1.1.7	Alpha
9050	hCoV-19/NorthernIreland/NIRE-003944/2021	2021-06-10	United Kingdom	genome	unknown	B.1.1.7	Alpha
9051	hCoV-19/NorthernIreland/NIRE-0039fd/2021	2021-06-10	United Kingdom	genome	unknown	B.1.1.7	Alpha
9052	hCoV-19/England/PLYM-167BB8E/2021	2021-06-10	United Kingdom	genome	unknown	B.1.1.7	Alpha
9053	hCoV-19/NorthernIreland/NIRE-003a02/2021	2021-06-10	United Kingdom	genome	unknown	B.1.1.7	Alpha
9054	hCoV-19/NorthernIreland/NIRE-00395a/2021	2021-06-10	United Kingdom	genome	unknown	B.1.1.7	Alpha
9055	hCoV-19/England/QEUH-169DDEA/2021	2021-06-10	United Kingdom	genome	unknown	B.1.1.7	Alpha
9056	hCoV-19/NorthernIreland/NIRE-003959/2021	2021-06-10	United Kingdom	genome	unknown	B.1.1.7	Alpha
9057	hCoV-19/Scotland/QEUH-1695EC1/2021	2021-06-10	United Kingdom	genome	unknown	B.1.1.7	Alpha
9058	hCoV-19/Scotland/QEUH-1697ACB/2021	2021-06-10	United Kingdom	genome	unknown	B.1.1.7	Alpha
9059	hCoV-19/Scotland/QEUH-1697CA7/2021	2021-06-10	United Kingdom	genome	unknown	B.1.1.7	Alpha
9060	hCoV-19/Scotland/QEUH-169618B/2021	2021-06-10	United Kingdom	genome	unknown	B.1.1.7	Alpha
9061	hCoV-19/England/PLYM-167F601/2021	2021-06-10	United Kingdom	genome	unknown	B.1.1.7	Alpha
9062	hCoV-19/Scotland/QEUH-169D8BC/2021	2021-06-10	United Kingdom	genome	unknown	B.1.1.7	Alpha
9063	hCoV-19/Scotland/QEUH-169DCED/2021	2021-06-10	United Kingdom	genome	unknown	B.1.1.7	Alpha
9064	hCoV-19/Scotland/QEUH-1682A4B/2021	2021-06-10	United Kingdom	genome	unknown	B.1.1.7	Alpha
9065	hCoV-19/England/NOTT-256397/2021	2021-06-10	United Kingdom	genome	unknown	B.1.1.7	Alpha
9066	hCoV-19/England/NOTT-2564C1/2021	2021-06-10	United Kingdom	genome	unknown	B.1.1.7	Alpha
9067	hCoV-19/Scotland/QEUH-1699A8D/2021	2021-06-10	United Kingdom	genome	unknown	B.1.1.7	Alpha
9068	hCoV-19/Scotland/QEUH-16997FF/2021	2021-06-10	United Kingdom	genome	unknown	B.1.1.7	Alpha
9069	hCoV-19/Scotland/QEUH-1697E29/2021	2021-06-10	United Kingdom	genome	unknown	B.1.1.7	Alpha
9070	hCoV-19/England/PHWC-PY8DQ3/2021	2021-06-11	United Kingdom	genome	unknown	B.1.1.7	Alpha
9071	hCoV-19/NorthernIreland/NIRE-003a19/2021	2021-06-11	United Kingdom	genome	unknown	B.1.1.7	Alpha
9072	hCoV-19/NorthernIreland/NIRE-003a3b/2021	2021-06-11	United Kingdom	genome	unknown	B.1.1.7	Alpha
9073	hCoV-19/NorthernIreland/NIRE-003a3d/2021	2021-06-11	United Kingdom	genome	unknown	B.1.1.7	Alpha
9074	hCoV-19/NorthernIreland/NIRE-003a31/2021	2021-06-11	United Kingdom	genome	unknown	B.1.1.7	Alpha
9075	hCoV-19/NorthernIreland/NIRE-0039f2/2021	2021-06-11	United Kingdom	genome	unknown	B.1.1.7	Alpha
9076	hCoV-19/England/NORT-1BD3660/2021	2021-06-11	United Kingdom	genome	unknown	B.1.1.7	Alpha
9077	hCoV-19/Wales/PHWC-PY8J3H/2021	2021-06-11	United Kingdom	genome	unknown	B.1.1.7	Alpha
9078	hCoV-19/Scotland/QEUH-16A8E43/2021	2021-06-11	United Kingdom	genome	unknown	B.1.1.7	Alpha
9079	hCoV-19/Scotland/QEUH-16A9932/2021	2021-06-11	United Kingdom	genome	unknown	B.1.1.7	Alpha
9080	hCoV-19/Scotland/QEUH-16A989F/2021	2021-06-11	United Kingdom	genome	unknown	B.1.1.7	Alpha
9081	hCoV-19/Scotland/QEUH-16A8D19/2021	2021-06-11	United Kingdom	genome	unknown	B.1.1.7	Alpha
9082	hCoV-19/England/LIVE-E17967/2021	2021-06-11	United Kingdom	genome	unknown	B.1.1.7	Alpha
9083	hCoV-19/Scotland/CVR7889/2021	2021-06-11	United Kingdom	genome	unknown	B.1.1.7	Alpha
9084	hCoV-19/England/LIVE-E181E6/2021	2021-06-11	United Kingdom	genome	unknown	B.1.1.7	Alpha
9085	hCoV-19/England/LIVE-E17A55/2021	2021-06-11	United Kingdom	genome	unknown	B.1.1.7	Alpha
9086	hCoV-19/England/LIVE-E1728A/2021	2021-06-11	United Kingdom	genome	unknown	B.1.1.7	Alpha
9087	hCoV-19/England/LIVE-E183C2/2021	2021-06-11	United Kingdom	genome	unknown	B.1.1.7	Alpha
9088	hCoV-19/England/LIVE-E17994/2021	2021-06-11	United Kingdom	genome	unknown	B.1.1.7	Alpha
9089	hCoV-19/England/LIVE-E17CD7/2021	2021-06-11	United Kingdom	genome	unknown	B.1.1.7	Alpha
9090	hCoV-19/England/LIVE-E17518/2021	2021-06-11	United Kingdom	genome	unknown	B.1.1.7	Alpha
9091	hCoV-19/England/LIVE-E17EA4/2021	2021-06-11	United Kingdom	genome	unknown	B.1.1.7	Alpha
9092	hCoV-19/NorthernIreland/NIRE-003a58/2021	2021-06-12	United Kingdom	genome	unknown	B.1.1.7	Alpha
9093	hCoV-19/England/OXON-F83534/2021	2021-06-12	United Kingdom	genome	unknown	B.1.1.7	Alpha
9094	hCoV-19/Wales/PHWC-PY8KNK/2021	2021-06-12	United Kingdom	genome	unknown	B.1.1.7	Alpha
9095	hCoV-19/England/PHEC-31EBFC/2021	2021-06-12	United Kingdom	genome	unknown	B.1.1.7	Alpha
9096	hCoV-19/Wales/PHWC-PYGASI/2021	2021-06-12	United Kingdom	genome	unknown	B.1.1.7	Alpha
9097	hCoV-19/England/PHEC-M303MA93/2021	2021-06-12	United Kingdom	genome	unknown	B.1.1.7	Alpha
9098	hCoV-19/NorthernIreland/OXON-F8383B/2021	2021-06-12	United Kingdom	genome	unknown	B.1.1.7	Alpha
9099	hCoV-19/England/PHEC-M303MB72/2021	2021-06-12	United Kingdom	genome	unknown	B.1.1.7	Alpha
9100	hCoV-19/England/PHEC-M303MCAC/2021	2021-06-12	United Kingdom	genome	unknown	B.1.1.7	Alpha
9101	hCoV-19/England/PHEC-L30BLE9F/2021	2021-06-12	United Kingdom	genome	unknown	B.1.1.7	Alpha
9102	hCoV-19/England/SHEF-10E10D5/2021	2021-06-12	United Kingdom	genome	unknown	B.1.1.7	Alpha
9103	hCoV-19/England/PHEC-M303M477/2021	2021-06-12	United Kingdom	genome	unknown	B.1.1.7	Alpha
9104	hCoV-19/England/ALDP-16E28D6/2021	2021-06-13	United Kingdom	genome	unknown	B.1.1.7	Alpha
9105	hCoV-19/England/PHEC-31FD7D/2021	2021-06-13	United Kingdom	genome	unknown	B.1.1.7	Alpha
9106	hCoV-19/England/ALDP-16DF308/2021	2021-06-13	United Kingdom	genome	unknown	B.1.1.7	Alpha
9107	hCoV-19/England/NORT-YY7UQS/2021	2021-06-13	United Kingdom	genome	unknown	B.1.1.7	Alpha
9108	hCoV-19/NorthernIreland/NIRE-003a76/2021	2021-06-13	United Kingdom	genome	unknown	B.1.1.7	Alpha
9109	hCoV-19/England/ALDP-16F468C/2021	2021-06-13	United Kingdom	genome	unknown	B.1.1.7	Alpha
9110	hCoV-19/England/LOND-135F7CB/2021	2021-06-13	United Kingdom	genome	unknown	B.1.1.7	Alpha
9111	hCoV-19/NorthernIreland/NIRE-003b3a/2021	2021-06-14	United Kingdom	genome	unknown	B.1.1.7	Alpha
9112	hCoV-19/NorthernIreland/NIRE-003afc/2021	2021-06-14	United Kingdom	genome	unknown	B.1.1.7	Alpha
9113	hCoV-19/NorthernIreland/NIRE-003afb/2021	2021-06-14	United Kingdom	genome	unknown	B.1.1.7	Alpha
9114	hCoV-19/NorthernIreland/NIRE-003af4/2021	2021-06-14	United Kingdom	genome	unknown	B.1.1.7	Alpha
9115	hCoV-19/NorthernIreland/NIRE-003ae8/2021	2021-06-14	United Kingdom	genome	unknown	B.1.1.7	Alpha
9116	hCoV-19/Wales/PHWC-PYG4QR/2021	2021-06-14	United Kingdom	genome	unknown	B.1.1.7	Alpha
9117	hCoV-19/Wales/PHWC-PYG1BG/2021	2021-06-14	United Kingdom	genome	unknown	B.1.1.7	Alpha
9118	hCoV-19/England/PLYM-16F218D/2021	2021-06-14	United Kingdom	genome	unknown	B.1.1.7	Alpha
9119	hCoV-19/England/QEUH-16E137C/2021	2021-06-14	United Kingdom	genome	unknown	B.1.1.7	Alpha
9120	hCoV-19/England/MILK-17186CD/2021	2021-06-14	United Kingdom	genome	unknown	B.1.1.7	Alpha
9121	hCoV-19/NorthernIreland/NIRE-003ae2/2021	2021-06-14	United Kingdom	genome	unknown	B.1.1.7	Alpha
9122	hCoV-19/Scotland/QEUH-16EF7FA/2021	2021-06-14	United Kingdom	genome	unknown	B.1.1.7	Alpha
9123	hCoV-19/Scotland/QEUH-16F0EC4/2021	2021-06-14	United Kingdom	genome	unknown	B.1.1.7	Alpha
9124	hCoV-19/Scotland/QEUH-16EFC19/2021	2021-06-14	United Kingdom	genome	unknown	B.1.1.7	Alpha
9125	hCoV-19/NorthernIreland/NIRE-003ae0/2021	2021-06-14	United Kingdom	genome	unknown	B.1.1.7	Alpha
9126	hCoV-19/NorthernIreland/NIRE-003ae9/2021	2021-06-14	United Kingdom	genome	unknown	B.1.1.7	Alpha
9127	hCoV-19/England/ALDP-17010C9/2021	2021-06-14	United Kingdom	genome	unknown	B.1.1.7	Alpha
9128	hCoV-19/England/ALDP-1700033/2021	2021-06-14	United Kingdom	genome	unknown	B.1.1.7	Alpha
9129	hCoV-19/NorthernIreland/NIRE-003b07/2021	2021-06-14	United Kingdom	genome	unknown	B.1.1.7	Alpha
9130	hCoV-19/England/ALDP-1701551/2021	2021-06-14	United Kingdom	genome	unknown	B.1.1.7	Alpha
9131	hCoV-19/NorthernIreland/NIRE-003afd/2021	2021-06-14	United Kingdom	genome	unknown	B.1.1.7	Alpha
9132	hCoV-19/England/ALDP-1703786/2021	2021-06-14	United Kingdom	genome	unknown	B.1.1.7	Alpha
9133	hCoV-19/England/ALDP-1704C4A/2021	2021-06-14	United Kingdom	genome	unknown	B.1.1.7	Alpha
9134	hCoV-19/England/ALDP-1704CC2/2021	2021-06-14	United Kingdom	genome	unknown	B.1.1.7	Alpha
9135	hCoV-19/Scotland/QEUH-16F1124/2021	2021-06-14	United Kingdom	genome	unknown	B.1.1.7	Alpha
9136	hCoV-19/England/QEUH-16F134C/2021	2021-06-14	United Kingdom	genome	unknown	B.1.1.7	Alpha
9137	hCoV-19/Scotland/QEUH-16F1045/2021	2021-06-14	United Kingdom	genome	unknown	B.1.1.7	Alpha
9138	hCoV-19/England/PHEC-Q303Q44A/2021	2021-06-14	United Kingdom	genome	unknown	B.1.1.7	Alpha
9139	hCoV-19/England/MILK-16E195C/2021	2021-06-14	United Kingdom	genome	unknown	B.1.1.7	Alpha
9140	hCoV-19/Wales/PHWC-PY8AU3/2021	2021-06-15	United Kingdom	genome	unknown	B.1.1.7	Alpha
9141	hCoV-19/England/QEUH-16F95D5/2021	2021-06-15	United Kingdom	genome	unknown	B.1.1.7	Alpha
9142	hCoV-19/England/PHEC-321B05/2021	2021-06-15	United Kingdom	genome	unknown	B.1.1.7	Alpha
9143	hCoV-19/England/MILK-16FD7CC/2021	2021-06-15	United Kingdom	genome	unknown	B.1.1.7	Alpha
9144	hCoV-19/Scotland/QEUH-16F7179/2021	2021-06-15	United Kingdom	genome	unknown	B.1.1.7	Alpha
9145	hCoV-19/Scotland/QEUH-16F6C1F/2021	2021-06-15	United Kingdom	genome	unknown	B.1.1.7	Alpha
9146	hCoV-19/England/ALDP-17180CF/2021	2021-06-15	United Kingdom	genome	unknown	B.1.1.7	Alpha
9147	hCoV-19/England/ALDP-1727661/2021	2021-06-15	United Kingdom	genome	unknown	B.1.1.7	Alpha
9148	hCoV-19/Scotland/QEUH-16FC411/2021	2021-06-15	United Kingdom	genome	unknown	B.1.1.7	Alpha
9149	hCoV-19/Scotland/QEUH-16FBF11/2021	2021-06-15	United Kingdom	genome	unknown	B.1.1.7	Alpha
9150	hCoV-19/Scotland/QEUH-16FBF7B/2021	2021-06-15	United Kingdom	genome	unknown	B.1.1.7	Alpha
9151	hCoV-19/England/QEUH-1705317/2021	2021-06-15	United Kingdom	genome	unknown	B.1.1.7	Alpha
9152	hCoV-19/England/ALDP-1700CD5/2021	2021-06-15	United Kingdom	genome	unknown	B.1.1.7	Alpha
9153	hCoV-19/England/ALDP-1715684/2021	2021-06-15	United Kingdom	genome	unknown	B.1.1.7	Alpha
9154	hCoV-19/Scotland/EDB18586/2021	2021-06-15	United Kingdom	genome	unknown	B.1.1.7	Alpha
9155	hCoV-19/England/ALDP-16FED50/2021	2021-06-15	United Kingdom	genome	unknown	B.1.1.7	Alpha
9156	hCoV-19/England/ALDP-16FF2E7/2021	2021-06-15	United Kingdom	genome	unknown	B.1.1.7	Alpha
9157	hCoV-19/Scotland/QEUH-16FA9AB/2021	2021-06-15	United Kingdom	genome	unknown	B.1.1.7	Alpha
9158	hCoV-19/Scotland/QEUH-170E3F0/2021	2021-06-15	United Kingdom	genome	unknown	B.1.1.7	Alpha
9159	hCoV-19/Scotland/QEUH-170E017/2021	2021-06-15	United Kingdom	genome	unknown	B.1.1.7	Alpha
9160	hCoV-19/Scotland/QEUH-16F9A9A/2021	2021-06-15	United Kingdom	genome	unknown	B.1.1.7	Alpha
9161	hCoV-19/England/PLYM-16F49A1/2021	2021-06-15	United Kingdom	genome	unknown	B.1.1.7	Alpha
9162	hCoV-19/Scotland/QEUH-170EEFF/2021	2021-06-15	United Kingdom	genome	unknown	B.1.1.7	Alpha
9163	hCoV-19/Scotland/QEUH-16F9A8B/2021	2021-06-15	United Kingdom	genome	unknown	B.1.1.7	Alpha
9164	hCoV-19/Scotland/QEUH-16F9A7C/2021	2021-06-15	United Kingdom	genome	unknown	B.1.1.7	Alpha
9165	hCoV-19/NorthernIreland/NIRE-003ba2/2021	2021-06-15	United Kingdom	genome	unknown	B.1.1.7	Alpha
9166	hCoV-19/England/NORT-1BD4B06/2021	2021-06-15	United Kingdom	genome	unknown	B.1.1.7	Alpha
9167	hCoV-19/NorthernIreland/NIRE-003b85/2021	2021-06-15	United Kingdom	genome	unknown	B.1.1.7	Alpha
9168	hCoV-19/NorthernIreland/NIRE-003b71/2021	2021-06-15	United Kingdom	genome	unknown	B.1.1.7	Alpha
9169	hCoV-19/NorthernIreland/NIRE-003bb3/2021	2021-06-15	United Kingdom	genome	unknown	B.1.1.7	Alpha
9170	hCoV-19/NorthernIreland/NIRE-003b83/2021	2021-06-15	United Kingdom	genome	unknown	B.1.1.7	Alpha
9171	hCoV-19/NorthernIreland/NIRE-003b63/2021	2021-06-15	United Kingdom	genome	unknown	B.1.1.7	Alpha
9172	hCoV-19/NorthernIreland/NIRE-003b53/2021	2021-06-15	United Kingdom	genome	unknown	B.1.1.7	Alpha
9173	hCoV-19/NorthernIreland/NIRE-003b4b/2021	2021-06-15	United Kingdom	genome	unknown	B.1.1.7	Alpha
9174	hCoV-19/NorthernIreland/NIRE-003b5a/2021	2021-06-15	United Kingdom	genome	unknown	B.1.1.7	Alpha
9175	hCoV-19/NorthernIreland/NIRE-003b76/2021	2021-06-15	United Kingdom	genome	unknown	B.1.1.7	Alpha
9176	hCoV-19/NorthernIreland/NIRE-003b69/2021	2021-06-15	United Kingdom	genome	unknown	B.1.1.7	Alpha
9177	hCoV-19/England/NORT-1BD4ED0/2021	2021-06-15	United Kingdom	genome	unknown	B.1.1.7	Alpha
9178	hCoV-19/NorthernIreland/NIRE-003bce/2021	2021-06-15	United Kingdom	genome	unknown	B.1.1.7	Alpha
9179	hCoV-19/NorthernIreland/NIRE-003bc8/2021	2021-06-15	United Kingdom	genome	unknown	B.1.1.7	Alpha
9180	hCoV-19/England/NORT-1BD44B0/2021	2021-06-15	United Kingdom	genome	unknown	B.1.1.7	Alpha
9181	hCoV-19/NorthernIreland/NIRE-003c60/2021	2021-06-15	United Kingdom	genome	unknown	B.1.1.7	Alpha
9182	hCoV-19/NorthernIreland/NIRE-003b46/2021	2021-06-15	United Kingdom	genome	unknown	B.1.1.7	Alpha
9183	hCoV-19/NorthernIreland/NIRE-003bc3/2021	2021-06-15	United Kingdom	genome	unknown	B.1.1.7	Alpha
9184	hCoV-19/Scotland/EDB18400/2021	2021-06-15	United Kingdom	genome	unknown	B.1.1.7	Alpha
9185	hCoV-19/Wales/PHWC-PYGPJ5/2021	2021-06-15	United Kingdom	genome	unknown	B.1.1.7	Alpha
9186	hCoV-19/England/MILK-1714C56/2021	2021-06-16	United Kingdom	genome	unknown	B.1.1.7	Alpha
9187	hCoV-19/England/PLYM-16F8B01/2021	2021-06-16	United Kingdom	genome	unknown	B.1.1.7	Alpha
9188	hCoV-19/England/PLYM-16F8A13/2021	2021-06-16	United Kingdom	genome	unknown	B.1.1.7	Alpha
9189	hCoV-19/England/PLYM-16FD3F5/2021	2021-06-16	United Kingdom	genome	unknown	B.1.1.7	Alpha
9190	hCoV-19/England/MILK-16F9C3A/2021	2021-06-16	United Kingdom	genome	unknown	B.1.1.7	Alpha
9191	hCoV-19/Scotland/QEUH-1719538/2021	2021-06-16	United Kingdom	genome	unknown	B.1.1.7	Alpha
9192	hCoV-19/Scotland/QEUH-1714FC6/2021	2021-06-16	United Kingdom	genome	unknown	B.1.1.7	Alpha
9193	hCoV-19/Scotland/QEUH-17152EA/2021	2021-06-16	United Kingdom	genome	unknown	B.1.1.7	Alpha
9194	hCoV-19/Scotland/QEUH-171529F/2021	2021-06-16	United Kingdom	genome	unknown	B.1.1.7	Alpha
9195	hCoV-19/Scotland/QEUH-1715262/2021	2021-06-16	United Kingdom	genome	unknown	B.1.1.7	Alpha
9196	hCoV-19/Scotland/QEUH-1725E2F/2021	2021-06-16	United Kingdom	genome	unknown	B.1.1.7	Alpha
9197	hCoV-19/Scotland/QEUH-170DDE4/2021	2021-06-16	United Kingdom	genome	unknown	B.1.1.7	Alpha
9198	hCoV-19/Scotland/QEUH-170ED89/2021	2021-06-16	United Kingdom	genome	unknown	B.1.1.7	Alpha
9199	hCoV-19/Scotland/QEUH-171BF0B/2021	2021-06-16	United Kingdom	genome	unknown	B.1.1.7	Alpha
9200	hCoV-19/Scotland/QEUH-171D26A/2021	2021-06-16	United Kingdom	genome	unknown	B.1.1.7	Alpha
9201	hCoV-19/Scotland/QEUH-171D130/2021	2021-06-16	United Kingdom	genome	unknown	B.1.1.7	Alpha
9202	hCoV-19/Scotland/QEUH-171C1D7/2021	2021-06-16	United Kingdom	genome	unknown	B.1.1.7	Alpha
9203	hCoV-19/Scotland/QEUH-171D279/2021	2021-06-16	United Kingdom	genome	unknown	B.1.1.7	Alpha
9204	hCoV-19/Scotland/QEUH-171CFFB/2021	2021-06-16	United Kingdom	genome	unknown	B.1.1.7	Alpha
9205	hCoV-19/England/PHEC-U30AUEEB/2021	2021-06-16	United Kingdom	genome	unknown	B.1.1.7	Alpha
9206	hCoV-19/NorthernIreland/NIRE-003b8c/2021	2021-06-16	United Kingdom	genome	unknown	B.1.1.7	Alpha
9207	hCoV-19/NorthernIreland/NIRE-003c2e/2021	2021-06-16	United Kingdom	genome	unknown	B.1.1.7	Alpha
9208	hCoV-19/Scotland/QEUH-170DC50/2021	2021-06-16	United Kingdom	genome	unknown	B.1.1.7	Alpha
9209	hCoV-19/England/PHEC-322BE6/2021	2021-06-16	United Kingdom	genome	unknown	B.1.1.7	Alpha
9210	hCoV-19/England/PHEC-322991/2021	2021-06-16	United Kingdom	genome	unknown	B.1.1.7	Alpha
9211	hCoV-19/England/PHEC-322A16/2021	2021-06-16	United Kingdom	genome	unknown	B.1.1.7	Alpha
9212	hCoV-19/Scotland/QEUH-170F2A7/2021	2021-06-16	United Kingdom	genome	unknown	B.1.1.7	Alpha
9213	hCoV-19/England/PHEC-322B6E/2021	2021-06-16	United Kingdom	genome	unknown	B.1.1.7	Alpha
9214	hCoV-19/Scotland/QEUH-170F1E6/2021	2021-06-16	United Kingdom	genome	unknown	B.1.1.7	Alpha
9215	hCoV-19/England/ALDP-1751E57/2021	2021-06-16	United Kingdom	genome	unknown	B.1.1.7	Alpha
9216	hCoV-19/Scotland/QEUH-170F052/2021	2021-06-16	United Kingdom	genome	unknown	B.1.1.7	Alpha
9217	hCoV-19/England/ALDP-1730CDC/2021	2021-06-16	United Kingdom	genome	unknown	B.1.1.7	Alpha
9218	hCoV-19/Scotland/QEUH-171CF0A/2021	2021-06-16	United Kingdom	genome	unknown	B.1.1.7	Alpha
9219	hCoV-19/Scotland/QEUH-1727EC3/2021	2021-06-16	United Kingdom	genome	unknown	B.1.1.7	Alpha
9220	hCoV-19/NorthernIreland/NIRE-003c65/2021	2021-06-16	United Kingdom	genome	unknown	B.1.1.7	Alpha
9221	hCoV-19/NorthernIreland/NIRE-003bf4/2021	2021-06-16	United Kingdom	genome	unknown	B.1.1.7	Alpha
9222	hCoV-19/Scotland/QEUH-171D21F/2021	2021-06-16	United Kingdom	genome	unknown	B.1.1.7	Alpha
9223	hCoV-19/Scotland/QEUH-171C0DA/2021	2021-06-16	United Kingdom	genome	unknown	B.1.1.7	Alpha
9224	hCoV-19/NorthernIreland/NIRE-003c0e/2021	2021-06-16	United Kingdom	genome	unknown	B.1.1.7	Alpha
9225	hCoV-19/England/PLYM-1744437/2021	2021-06-16	United Kingdom	genome	unknown	B.1.1.7	Alpha
9226	hCoV-19/NorthernIreland/NIRE-003c0a/2021	2021-06-16	United Kingdom	genome	unknown	B.1.1.7	Alpha
9227	hCoV-19/NorthernIreland/NIRE-003c64/2021	2021-06-16	United Kingdom	genome	unknown	B.1.1.7	Alpha
9228	hCoV-19/NorthernIreland/NIRE-003c44/2021	2021-06-16	United Kingdom	genome	unknown	B.1.1.7	Alpha
9229	hCoV-19/NorthernIreland/NIRE-003ba5/2021	2021-06-16	United Kingdom	genome	unknown	B.1.1.7	Alpha
9230	hCoV-19/NorthernIreland/NIRE-003b9d/2021	2021-06-16	United Kingdom	genome	unknown	B.1.1.7	Alpha
9231	hCoV-19/Scotland/CVR7887/2021	2021-06-16	United Kingdom	genome	unknown	B.1.1.7	Alpha
9232	hCoV-19/NorthernIreland/NIRE-003c3f/2021	2021-06-16	United Kingdom	genome	unknown	B.1.1.7	Alpha
9233	hCoV-19/NorthernIreland/NIRE-003b9f/2021	2021-06-16	United Kingdom	genome	unknown	B.1.1.7	Alpha
9234	hCoV-19/NorthernIreland/NIRE-003b8e/2021	2021-06-16	United Kingdom	genome	unknown	B.1.1.7	Alpha
9235	hCoV-19/NorthernIreland/NIRE-003b49/2021	2021-06-16	United Kingdom	genome	unknown	B.1.1.7	Alpha
9236	hCoV-19/NorthernIreland/NIRE-003c01/2021	2021-06-16	United Kingdom	genome	unknown	B.1.1.7	Alpha
9237	hCoV-19/NorthernIreland/NIRE-003c26/2021	2021-06-16	United Kingdom	genome	unknown	B.1.1.7	Alpha
9238	hCoV-19/England/ALDP-172B409/2021	2021-06-16	United Kingdom	genome	unknown	B.1.1.7	Alpha
9239	hCoV-19/Scotland/QEUH-17258C7/2021	2021-06-17	United Kingdom	genome	unknown	B.1.1.7	Alpha
9240	hCoV-19/Scotland/QEUH-1725D13/2021	2021-06-17	United Kingdom	genome	unknown	B.1.1.7	Alpha
9241	hCoV-19/England/ALDP-17814F2/2021	2021-06-17	United Kingdom	genome	unknown	B.1.1.7	Alpha
9242	hCoV-19/England/ALDP-176A84E/2021	2021-06-17	United Kingdom	genome	unknown	B.1.1.7	Alpha
9243	hCoV-19/England/MILK-172A6D7/2021	2021-06-17	United Kingdom	genome	unknown	B.1.1.7	Alpha
9244	hCoV-19/Scotland/QEUH-1727FFD/2021	2021-06-17	United Kingdom	genome	unknown	B.1.1.7	Alpha
9245	hCoV-19/England/ALDP-175172F/2021	2021-06-17	United Kingdom	genome	unknown	B.1.1.7	Alpha
9246	hCoV-19/England/ALDP-17AAA97/2021	2021-06-17	United Kingdom	genome	unknown	B.1.1.7	Alpha
9247	hCoV-19/England/MILK-1714D17/2021	2021-06-17	United Kingdom	genome	unknown	B.1.1.7	Alpha
9248	hCoV-19/England/MILK-174EC35/2021	2021-06-17	United Kingdom	genome	unknown	B.1.1.7	Alpha
9249	hCoV-19/England/PLYM-1715DF8/2021	2021-06-17	United Kingdom	genome	unknown	B.1.1.7	Alpha
9250	hCoV-19/NorthernIreland/NIRE-003cb1/2021	2021-06-17	United Kingdom	genome	unknown	B.1.1.7	Alpha
9251	hCoV-19/NorthernIreland/NIRE-003ccf/2021	2021-06-17	United Kingdom	genome	unknown	B.1.1.7	Alpha
9252	hCoV-19/Scotland/QEUH-1742211/2021	2021-06-17	United Kingdom	genome	unknown	B.1.1.7	Alpha
9253	hCoV-19/NorthernIreland/NIRE-003c40/2021	2021-06-17	United Kingdom	genome	unknown	B.1.1.7	Alpha
9254	hCoV-19/NorthernIreland/NIRE-003c83/2021	2021-06-17	United Kingdom	genome	unknown	B.1.1.7	Alpha
9255	hCoV-19/NorthernIreland/NIRE-003cba/2021	2021-06-17	United Kingdom	genome	unknown	B.1.1.7	Alpha
9256	hCoV-19/NorthernIreland/NIRE-003c11/2021	2021-06-17	United Kingdom	genome	unknown	B.1.1.7	Alpha
9257	hCoV-19/NorthernIreland/NIRE-003c53/2021	2021-06-17	United Kingdom	genome	unknown	B.1.1.7	Alpha
9258	hCoV-19/NorthernIreland/NIRE-003c52/2021	2021-06-17	United Kingdom	genome	unknown	B.1.1.7	Alpha
9259	hCoV-19/NorthernIreland/NIRE-003c73/2021	2021-06-17	United Kingdom	genome	unknown	B.1.1.7	Alpha
9260	hCoV-19/England/MILK-174D304/2021	2021-06-17	United Kingdom	genome	unknown	B.1.1.7	Alpha
9261	hCoV-19/NorthernIreland/NIRE-003cc3/2021	2021-06-17	United Kingdom	genome	unknown	B.1.1.7	Alpha
9262	hCoV-19/Scotland/CVR7908/2021	2021-06-17	United Kingdom	genome	unknown	B.1.1.7	Alpha
9263	hCoV-19/Scotland/EDB18608/2021	2021-06-17	United Kingdom	genome	unknown	B.1.1.7	Alpha
9264	hCoV-19/NorthernIreland/NIRE-003ca3/2021	2021-06-17	United Kingdom	genome	unknown	B.1.1.7	Alpha
9265	hCoV-19/NorthernIreland/NIRE-003cee/2021	2021-06-17	United Kingdom	genome	unknown	B.1.1.7	Alpha
9266	hCoV-19/NorthernIreland/NIRE-003c21/2021	2021-06-17	United Kingdom	genome	unknown	B.1.1.7	Alpha
9267	hCoV-19/NorthernIreland/NIRE-003c35/2021	2021-06-17	United Kingdom	genome	unknown	B.1.1.7	Alpha
9268	hCoV-19/NorthernIreland/NIRE-003c15/2021	2021-06-17	United Kingdom	genome	unknown	B.1.1.7	Alpha
9269	hCoV-19/NorthernIreland/NIRE-003cc5/2021	2021-06-17	United Kingdom	genome	unknown	B.1.1.7	Alpha
9270	hCoV-19/NorthernIreland/NIRE-003cbd/2021	2021-06-17	United Kingdom	genome	unknown	B.1.1.7	Alpha
9271	hCoV-19/Wales/PHWC-PY8KPW/2021	2021-06-17	United Kingdom	genome	unknown	B.1.1.7	Alpha
9272	hCoV-19/England/MILK-174CB94/2021	2021-06-17	United Kingdom	genome	unknown	B.1.1.7	Alpha
9273	hCoV-19/England/MILK-1714C38/2021	2021-06-17	United Kingdom	genome	unknown	B.1.1.7	Alpha
9274	hCoV-19/England/MILK-1714BFF/2021	2021-06-17	United Kingdom	genome	unknown	B.1.1.7	Alpha
9275	hCoV-19/Scotland/QEUH-1738DE0/2021	2021-06-18	United Kingdom	genome	unknown	B.1.1.7	Alpha
9276	hCoV-19/Scotland/QEUH-1738E29/2021	2021-06-18	United Kingdom	genome	unknown	B.1.1.7	Alpha
9277	hCoV-19/Scotland/QEUH-1738894/2021	2021-06-18	United Kingdom	genome	unknown	B.1.1.7	Alpha
9278	hCoV-19/Scotland/QEUH-1738FDB/2021	2021-06-18	United Kingdom	genome	unknown	B.1.1.7	Alpha
9279	hCoV-19/England/MILK-174D568/2021	2021-06-18	United Kingdom	genome	unknown	B.1.1.7	Alpha
9280	hCoV-19/England/QEUH-173866D/2021	2021-06-18	United Kingdom	genome	unknown	B.1.1.7	Alpha
9281	hCoV-19/Scotland/QEUH-173AEEB/2021	2021-06-18	United Kingdom	genome	unknown	B.1.1.7	Alpha
9282	hCoV-19/Scotland/QEUH-173ABD5/2021	2021-06-18	United Kingdom	genome	unknown	B.1.1.7	Alpha
9283	hCoV-19/Scotland/QEUH-173ACE1/2021	2021-06-18	United Kingdom	genome	unknown	B.1.1.7	Alpha
9284	hCoV-19/Scotland/QEUH-173970F/2021	2021-06-18	United Kingdom	genome	unknown	B.1.1.7	Alpha
9285	hCoV-19/England/MILK-174C1ED/2021	2021-06-18	United Kingdom	genome	unknown	B.1.1.7	Alpha
9286	hCoV-19/England/MILK-172EAE6/2021	2021-06-18	United Kingdom	genome	unknown	B.1.1.7	Alpha
9287	hCoV-19/Scotland/QEUH-174185C/2021	2021-06-18	United Kingdom	genome	unknown	B.1.1.7	Alpha
9288	hCoV-19/England/MILK-17491FF/2021	2021-06-18	United Kingdom	genome	unknown	B.1.1.7	Alpha
9289	hCoV-19/Scotland/QEUH-1742114/2021	2021-06-18	United Kingdom	genome	unknown	B.1.1.7	Alpha
9290	hCoV-19/England/PHEC-U30AUEFA/2021	2021-06-18	United Kingdom	genome	unknown	B.1.1.7	Alpha
9291	hCoV-19/Scotland/QEUH-173F45D/2021	2021-06-18	United Kingdom	genome	unknown	B.1.1.7	Alpha
9292	hCoV-19/England/QEUH-1742220/2021	2021-06-18	United Kingdom	genome	unknown	B.1.1.7	Alpha
9293	hCoV-19/England/MILK-172EE26/2021	2021-06-18	United Kingdom	genome	unknown	B.1.1.7	Alpha
9294	hCoV-19/Wales/PHWC-PYJ89Q/2021	2021-06-18	United Kingdom	genome	unknown	B.1.1.7	Alpha
9295	hCoV-19/England/QEUH-1738DD1/2021	2021-06-18	United Kingdom	genome	unknown	B.1.1.7	Alpha
9296	hCoV-19/Scotland/QEUH-1740231/2021	2021-06-18	United Kingdom	genome	unknown	B.1.1.7	Alpha
9297	hCoV-19/England/MILK-17490D4/2021	2021-06-18	United Kingdom	genome	unknown	B.1.1.7	Alpha
9298	hCoV-19/England/MILK-172D364/2021	2021-06-18	United Kingdom	genome	unknown	B.1.1.7	Alpha
9299	hCoV-19/England/ALDP-1779071/2021	2021-06-18	United Kingdom	genome	unknown	B.1.1.7	Alpha
9300	hCoV-19/England/PHEC-324BF3/2021	2021-06-18	United Kingdom	genome	unknown	B.1.1.7	Alpha
9301	hCoV-19/Wales/PHWC-PY8G55/2021	2021-06-18	United Kingdom	genome	unknown	B.1.1.7	Alpha
9302	hCoV-19/England/PHWC-PY898M/2021	2021-06-18	United Kingdom	genome	unknown	B.1.1.7	Alpha
9303	hCoV-19/Wales/PHWC-PY8KHI/2021	2021-06-18	United Kingdom	genome	unknown	B.1.1.7	Alpha
9304	hCoV-19/Wales/PHWC-PY8K1J/2021	2021-06-18	United Kingdom	genome	unknown	B.1.1.7	Alpha
9305	hCoV-19/NorthernIreland/NIRE-003c8c/2021	2021-06-18	United Kingdom	genome	unknown	B.1.1.7	Alpha
9306	hCoV-19/NorthernIreland/NIRE-003d14/2021	2021-06-18	United Kingdom	genome	unknown	B.1.1.7	Alpha
9307	hCoV-19/NorthernIreland/NIRE-003cd4/2021	2021-06-18	United Kingdom	genome	unknown	B.1.1.7	Alpha
9308	hCoV-19/NorthernIreland/NIRE-003d17/2021	2021-06-18	United Kingdom	genome	unknown	B.1.1.7	Alpha
9309	hCoV-19/NorthernIreland/NIRE-003d20/2021	2021-06-18	United Kingdom	genome	unknown	B.1.1.7	Alpha
9310	hCoV-19/NorthernIreland/NIRE-003d26/2021	2021-06-18	United Kingdom	genome	unknown	B.1.1.7	Alpha
9311	hCoV-19/NorthernIreland/NIRE-003d28/2021	2021-06-18	United Kingdom	genome	unknown	B.1.1.7	Alpha
9312	hCoV-19/NorthernIreland/NIRE-003d42/2021	2021-06-18	United Kingdom	genome	unknown	B.1.1.7	Alpha
9313	hCoV-19/NorthernIreland/NIRE-003d36/2021	2021-06-18	United Kingdom	genome	unknown	B.1.1.7	Alpha
9314	hCoV-19/NorthernIreland/NIRE-003cfb/2021	2021-06-18	United Kingdom	genome	unknown	B.1.1.7	Alpha
9315	hCoV-19/NorthernIreland/NIRE-003cdc/2021	2021-06-18	United Kingdom	genome	unknown	B.1.1.7	Alpha
9316	hCoV-19/England/MILK-173B855/2021	2021-06-19	United Kingdom	genome	unknown	B.1.1.7	Alpha
9317	hCoV-19/England/PLYM-1744613/2021	2021-06-19	United Kingdom	genome	unknown	B.1.1.7	Alpha
9318	hCoV-19/England/MILK-17457A6/2021	2021-06-19	United Kingdom	genome	unknown	B.1.1.7	Alpha
9319	hCoV-19/England/NORW-13E446A/2021	2021-06-19	United Kingdom	genome	unknown	B.1.1.7	Alpha
9320	hCoV-19/England/NORT-1BD9B2F/2021	2021-06-19	United Kingdom	genome	unknown	B.1.1.7	Alpha
9321	hCoV-19/NorthernIreland/NIRE-003d7d/2021	2021-06-19	United Kingdom	genome	unknown	B.1.1.7	Alpha
9322	hCoV-19/England/MILK-1748406/2021	2021-06-19	United Kingdom	genome	unknown	B.1.1.7	Alpha
9323	hCoV-19/England/MILK-1748169/2021	2021-06-19	United Kingdom	genome	unknown	B.1.1.7	Alpha
9324	hCoV-19/England/MILK-174A4C8/2021	2021-06-19	United Kingdom	genome	unknown	B.1.1.7	Alpha
9325	hCoV-19/NorthernIreland/NIRE-003da7/2021	2021-06-19	United Kingdom	genome	unknown	B.1.1.7	Alpha
9326	hCoV-19/NorthernIreland/NIRE-003d98/2021	2021-06-19	United Kingdom	genome	unknown	B.1.1.7	Alpha
9327	hCoV-19/NorthernIreland/NIRE-003d72/2021	2021-06-19	United Kingdom	genome	unknown	B.1.1.7	Alpha
9328	hCoV-19/NorthernIreland/NIRE-003d7f/2021	2021-06-19	United Kingdom	genome	unknown	B.1.1.7	Alpha
9329	hCoV-19/NorthernIreland/NIRE-003dc8/2021	2021-06-20	United Kingdom	genome	unknown	B.1.1.7	Alpha
9330	hCoV-19/NorthernIreland/NIRE-003dec/2021	2021-06-20	United Kingdom	genome	unknown	B.1.1.7	Alpha
9331	hCoV-19/NorthernIreland/NIRE-003d82/2021	2021-06-20	United Kingdom	genome	unknown	B.1.1.7	Alpha
9332	hCoV-19/NorthernIreland/NIRE-003dc1/2021	2021-06-20	United Kingdom	genome	unknown	B.1.1.7	Alpha
9333	hCoV-19/NorthernIreland/NIRE-003dd2/2021	2021-06-20	United Kingdom	genome	unknown	B.1.1.7	Alpha
9334	hCoV-19/NorthernIreland/NIRE-003dfc/2021	2021-06-20	United Kingdom	genome	unknown	B.1.1.7	Alpha
9335	hCoV-19/NorthernIreland/NIRE-003ded/2021	2021-06-20	United Kingdom	genome	unknown	B.1.1.7	Alpha
9336	hCoV-19/NorthernIreland/NIRE-003d86/2021	2021-06-20	United Kingdom	genome	unknown	B.1.1.7	Alpha
9337	hCoV-19/NorthernIreland/NIRE-003d91/2021	2021-06-20	United Kingdom	genome	unknown	B.1.1.7	Alpha
9338	hCoV-19/NorthernIreland/NIRE-003daa/2021	2021-06-20	United Kingdom	genome	unknown	B.1.1.7	Alpha
9339	hCoV-19/Wales/PHWC-PYEUIA/2021	2021-06-20	United Kingdom	genome	unknown	B.1.1.7	Alpha
9340	hCoV-19/England/NORT-1BD9B3E/2021	2021-06-20	United Kingdom	genome	unknown	B.1.1.7	Alpha
9341	hCoV-19/England/NORW-13E3E30/2021	2021-06-20	United Kingdom	genome	unknown	B.1.1.7	Alpha
9342	hCoV-19/England/PHEC-3268EB/2021	2021-06-20	United Kingdom	genome	unknown	B.1.1.7	Alpha
9343	hCoV-19/England/ALDP-179A7EE/2021	2021-06-20	United Kingdom	genome	unknown	B.1.1.7	Alpha
9344	hCoV-19/England/PHEC-324C5A/2021	2021-06-20	United Kingdom	genome	unknown	B.1.1.7	Alpha
9345	hCoV-19/England/ALDP-17AE082/2021	2021-06-20	United Kingdom	genome	unknown	B.1.1.7	Alpha
9346	hCoV-19/England/ALDP-17AB708/2021	2021-06-20	United Kingdom	genome	unknown	B.1.1.7	Alpha
9347	hCoV-19/England/ALDP-17ABC09/2021	2021-06-20	United Kingdom	genome	unknown	B.1.1.7	Alpha
9348	hCoV-19/England/ALDP-1791D12/2021	2021-06-20	United Kingdom	genome	unknown	B.1.1.7	Alpha
9349	hCoV-19/Scotland/EDB18517/2021	2021-06-21	United Kingdom	genome	unknown	B.1.1.7	Alpha
9350	hCoV-19/England/PHEC-327D36/2021	2021-06-21	United Kingdom	genome	unknown	B.1.1.7	Alpha
9351	hCoV-19/England/MILK-1788279/2021	2021-06-21	United Kingdom	genome	unknown	B.1.1.7	Alpha
9352	hCoV-19/Scotland/QEUH-178DDBF/2021	2021-06-21	United Kingdom	genome	unknown	B.1.1.7	Alpha
9353	hCoV-19/England/MILK-1788BD8/2021	2021-06-21	United Kingdom	genome	unknown	B.1.1.7	Alpha
9354	hCoV-19/NorthernIreland/NIRE-003dc6/2021	2021-06-21	United Kingdom	genome	unknown	B.1.1.7	Alpha
9355	hCoV-19/NorthernIreland/NIRE-003dc5/2021	2021-06-21	United Kingdom	genome	unknown	B.1.1.7	Alpha
9356	hCoV-19/NorthernIreland/NIRE-003e3a/2021	2021-06-21	United Kingdom	genome	unknown	B.1.1.7	Alpha
9357	hCoV-19/NorthernIreland/NIRE-003e3c/2021	2021-06-21	United Kingdom	genome	unknown	B.1.1.7	Alpha
9358	hCoV-19/NorthernIreland/NIRE-003e0c/2021	2021-06-21	United Kingdom	genome	unknown	B.1.1.7	Alpha
9359	hCoV-19/NorthernIreland/NIRE-003e09/2021	2021-06-21	United Kingdom	genome	unknown	B.1.1.7	Alpha
9360	hCoV-19/NorthernIreland/NIRE-003e0f/2021	2021-06-21	United Kingdom	genome	unknown	B.1.1.7	Alpha
9361	hCoV-19/Scotland/CVR7995/2021	2021-06-21	United Kingdom	genome	unknown	B.1.1.7	Alpha
9362	hCoV-19/Scotland/CVR7994/2021	2021-06-21	United Kingdom	genome	unknown	B.1.1.7	Alpha
9363	hCoV-19/England/LOND-1362525/2021	2021-06-21	United Kingdom	genome	unknown	B.1.1.7	Alpha
9364	hCoV-19/England/QEUH-1772DCC/2021	2021-06-21	United Kingdom	genome	unknown	B.1.1.7	Alpha
9365	hCoV-19/England/QEUH-17741DD/2021	2021-06-21	United Kingdom	genome	unknown	B.1.1.7	Alpha
9366	hCoV-19/England/QEUH-1773FF2/2021	2021-06-21	United Kingdom	genome	unknown	B.1.1.7	Alpha
9367	hCoV-19/England/QEUH-1771307/2021	2021-06-21	United Kingdom	genome	unknown	B.1.1.7	Alpha
9368	hCoV-19/England/QEUH-1772421/2021	2021-06-21	United Kingdom	genome	unknown	B.1.1.7	Alpha
9369	hCoV-19/England/MILK-17823E5/2021	2021-06-21	United Kingdom	genome	unknown	B.1.1.7	Alpha
9370	hCoV-19/Scotland/QEUH-1771167/2021	2021-06-21	United Kingdom	genome	unknown	B.1.1.7	Alpha
9371	hCoV-19/Scotland/QEUH-1772DF9/2021	2021-06-21	United Kingdom	genome	unknown	B.1.1.7	Alpha
9372	hCoV-19/Scotland/QEUH-177399A/2021	2021-06-21	United Kingdom	genome	unknown	B.1.1.7	Alpha
9373	hCoV-19/England/MILK-179F057/2021	2021-06-22	United Kingdom	genome	unknown	B.1.1.7	Alpha
9374	hCoV-19/Scotland/QEUH-17A1ED0/2021	2021-06-22	United Kingdom	genome	unknown	B.1.1.7	Alpha
9375	hCoV-19/NorthernIreland/NIRE-003ec0/2021	2021-06-22	United Kingdom	genome	unknown	B.1.1.7	Alpha
9376	hCoV-19/NorthernIreland/NIRE-003e9f/2021	2021-06-22	United Kingdom	genome	unknown	B.1.1.7	Alpha
9377	hCoV-19/NorthernIreland/NIRE-003eab/2021	2021-06-22	United Kingdom	genome	unknown	B.1.1.7	Alpha
9378	hCoV-19/England/PHEC-327A99/2021	2021-06-22	United Kingdom	genome	unknown	B.1.1.7	Alpha
9379	hCoV-19/Scotland/QEUH-17795BE/2021	2021-06-22	United Kingdom	genome	unknown	B.1.1.7	Alpha
9380	hCoV-19/Scotland/QEUH-17A1DF1/2021	2021-06-22	United Kingdom	genome	unknown	B.1.1.7	Alpha
9381	hCoV-19/England/PLYM-1784FA3/2021	2021-06-22	United Kingdom	genome	unknown	B.1.1.7	Alpha
9382	hCoV-19/Scotland/OXON-F8806B/2021	2021-06-22	United Kingdom	genome	unknown	B.1.1.7	Alpha
9383	hCoV-19/NorthernIreland/NIRE-003ec2/2021	2021-06-22	United Kingdom	genome	unknown	B.1.1.7	Alpha
9384	hCoV-19/NorthernIreland/NIRE-003edd/2021	2021-06-22	United Kingdom	genome	unknown	B.1.1.7	Alpha
9385	hCoV-19/NorthernIreland/NIRE-003eec/2021	2021-06-22	United Kingdom	genome	unknown	B.1.1.7	Alpha
9386	hCoV-19/NorthernIreland/NIRE-003ef6/2021	2021-06-22	United Kingdom	genome	unknown	B.1.1.7	Alpha
9387	hCoV-19/Scotland/QEUH-179965B/2021	2021-06-22	United Kingdom	genome	unknown	B.1.1.7	Alpha
9388	hCoV-19/Scotland/QEUH-1799327/2021	2021-06-22	United Kingdom	genome	unknown	B.1.1.7	Alpha
9389	hCoV-19/Scotland/QEUH-178B540/2021	2021-06-22	United Kingdom	genome	unknown	B.1.1.7	Alpha
9390	hCoV-19/NorthernIreland/PHEC-L30AL030/2021	2021-06-22	United Kingdom	genome	unknown	B.1.1.7	Alpha
9391	hCoV-19/England/OXON-F8857B/2021	2021-06-22	United Kingdom	genome	unknown	B.1.1.7	Alpha
9392	hCoV-19/England/PHEC-32ABA2/2021	2021-06-22	United Kingdom	genome	unknown	B.1.1.7	Alpha
9393	hCoV-19/Scotland/CVR7977/2021	2021-06-22	United Kingdom	genome	unknown	B.1.1.7	Alpha
9394	hCoV-19/England/QEUH-178725C/2021	2021-06-22	United Kingdom	genome	unknown	B.1.1.7	Alpha
9395	hCoV-19/Wales/PHWC-PYJTJT/2021	2021-06-22	United Kingdom	genome	unknown	B.1.1.7	Alpha
9396	hCoV-19/England/MILK-179316F/2021	2021-06-22	United Kingdom	genome	unknown	B.1.1.7	Alpha
9397	hCoV-19/England/QEUH-178000E/2021	2021-06-22	United Kingdom	genome	unknown	B.1.1.7	Alpha
9398	hCoV-19/England/MILK-177F3DC/2021	2021-06-22	United Kingdom	genome	unknown	B.1.1.7	Alpha
9399	hCoV-19/England/MILK-178EB3C/2021	2021-06-22	United Kingdom	genome	unknown	B.1.1.7	Alpha
9400	hCoV-19/England/ALDP-17F472E/2021	2021-06-22	United Kingdom	genome	unknown	B.1.1.7	Alpha
9401	hCoV-19/Scotland/QEUH-1780F10/2021	2021-06-22	United Kingdom	genome	unknown	B.1.1.7	Alpha
9402	hCoV-19/England/QEUH-17875CC/2021	2021-06-22	United Kingdom	genome	unknown	B.1.1.7	Alpha
9403	hCoV-19/Scotland/QEUH-17812DA/2021	2021-06-22	United Kingdom	genome	unknown	B.1.1.7	Alpha
9404	hCoV-19/England/ALDP-17F44BE/2021	2021-06-22	United Kingdom	genome	unknown	B.1.1.7	Alpha
9405	hCoV-19/England/MILK-1792E5A/2021	2021-06-23	United Kingdom	genome	unknown	B.1.1.7	Alpha
9406	hCoV-19/England/QEUH-1792203/2021	2021-06-23	United Kingdom	genome	unknown	B.1.1.7	Alpha
9407	hCoV-19/Scotland/QEUH-1793B61/2021	2021-06-23	United Kingdom	genome	unknown	B.1.1.7	Alpha
9408	hCoV-19/Scotland/QEUH-1793DD4/2021	2021-06-23	United Kingdom	genome	unknown	B.1.1.7	Alpha
9409	hCoV-19/Scotland/QEUH-17913F2/2021	2021-06-23	United Kingdom	genome	unknown	B.1.1.7	Alpha
9410	hCoV-19/Scotland/CVR8054/2021	2021-06-23	United Kingdom	genome	unknown	B.1.1.7	Alpha
9411	hCoV-19/Scotland/QEUH-179268F/2021	2021-06-23	United Kingdom	genome	unknown	B.1.1.7	Alpha
9412	hCoV-19/England/MILK-179B343/2021	2021-06-23	United Kingdom	genome	unknown	B.1.1.7	Alpha
9413	hCoV-19/England/MILK-179B10D/2021	2021-06-23	United Kingdom	genome	unknown	B.1.1.7	Alpha
9414	hCoV-19/Scotland/QEUH-179C49A/2021	2021-06-23	United Kingdom	genome	unknown	B.1.1.7	Alpha
9415	hCoV-19/NorthernIreland/NIRE-003f3d/2021	2021-06-23	United Kingdom	genome	unknown	B.1.1.7	Alpha
9416	hCoV-19/NorthernIreland/NIRE-003f26/2021	2021-06-23	United Kingdom	genome	unknown	B.1.1.7	Alpha
9417	hCoV-19/NorthernIreland/NIRE-003f52/2021	2021-06-23	United Kingdom	genome	unknown	B.1.1.7	Alpha
9418	hCoV-19/NorthernIreland/NIRE-003f58/2021	2021-06-23	United Kingdom	genome	unknown	B.1.1.7	Alpha
9419	hCoV-19/NorthernIreland/NIRE-003ee6/2021	2021-06-23	United Kingdom	genome	unknown	B.1.1.7	Alpha
9420	hCoV-19/NorthernIreland/NIRE-003efb/2021	2021-06-23	United Kingdom	genome	unknown	B.1.1.7	Alpha
9421	hCoV-19/Scotland/CVR7982/2021	2021-06-23	United Kingdom	genome	unknown	B.1.1.7	Alpha
9422	hCoV-19/England/QEUH-17970C8/2021	2021-06-23	United Kingdom	genome	unknown	B.1.1.7	Alpha
9423	hCoV-19/England/PLYM-1795C3F/2021	2021-06-23	United Kingdom	genome	unknown	B.1.1.7	Alpha
9424	hCoV-19/England/MILK-17AF1AC/2021	2021-06-23	United Kingdom	genome	unknown	B.1.1.7	Alpha
9425	hCoV-19/England/MILK-179F400/2021	2021-06-23	United Kingdom	genome	unknown	B.1.1.7	Alpha
9426	hCoV-19/NorthernIreland/PHEC-L308LC6B/2021	2021-06-23	United Kingdom	genome	unknown	B.1.1.7	Alpha
9427	hCoV-19/England/QEUH-17B3A5F/2021	2021-06-24	United Kingdom	genome	unknown	B.1.1.7	Alpha
9428	hCoV-19/England/PHWC-PYMKNN/2021	2021-06-24	United Kingdom	genome	unknown	B.1.1.7	Alpha
9429	hCoV-19/England/MILK-17B2F33/2021	2021-06-24	United Kingdom	genome	unknown	B.1.1.7	Alpha
9430	hCoV-19/England/QEUH-17B3A31/2021	2021-06-24	United Kingdom	genome	unknown	B.1.1.7	Alpha
9431	hCoV-19/England/PHEC-Q303Q35C/2021	2021-06-24	United Kingdom	genome	unknown	B.1.1.7	Alpha
9432	hCoV-19/England/MILK-17B3FBA/2021	2021-06-24	United Kingdom	genome	unknown	B.1.1.7	Alpha
9433	hCoV-19/England/MILK-17B3F7E/2021	2021-06-24	United Kingdom	genome	unknown	B.1.1.7	Alpha
9434	hCoV-19/NorthernIreland/NIRE-004024/2021	2021-06-24	United Kingdom	genome	unknown	B.1.1.7	Alpha
9435	hCoV-19/NorthernIreland/NIRE-004027/2021	2021-06-24	United Kingdom	genome	unknown	B.1.1.7	Alpha
9436	hCoV-19/NorthernIreland/NIRE-0041ff/2021	2021-06-24	United Kingdom	genome	unknown	B.1.1.7	Alpha
9437	hCoV-19/England/PHEC-Q303Q592/2021	2021-06-24	United Kingdom	genome	unknown	B.1.1.7	Alpha
9438	hCoV-19/NorthernIreland/NIRE-003fe7/2021	2021-06-24	United Kingdom	genome	unknown	B.1.1.7	Alpha
9439	hCoV-19/NorthernIreland/NIRE-004030/2021	2021-06-24	United Kingdom	genome	unknown	B.1.1.7	Alpha
9440	hCoV-19/NorthernIreland/NIRE-004031/2021	2021-06-24	United Kingdom	genome	unknown	B.1.1.7	Alpha
9441	hCoV-19/NorthernIreland/NIRE-004009/2021	2021-06-24	United Kingdom	genome	unknown	B.1.1.7	Alpha
9442	hCoV-19/NorthernIreland/NIRE-003f9e/2021	2021-06-24	United Kingdom	genome	unknown	B.1.1.7	Alpha
9443	hCoV-19/NorthernIreland/NIRE-003fa4/2021	2021-06-24	United Kingdom	genome	unknown	B.1.1.7	Alpha
9444	hCoV-19/England/PLYM-17AFC6F/2021	2021-06-24	United Kingdom	genome	unknown	B.1.1.7	Alpha
9445	hCoV-19/NorthernIreland/NIRE-003fa3/2021	2021-06-24	United Kingdom	genome	unknown	B.1.1.7	Alpha
9446	hCoV-19/England/HSLL-17A4453/2021	2021-06-24	United Kingdom	genome	unknown	B.1.1.7	Alpha
9447	hCoV-19/NorthernIreland/NIRE-003f9b/2021	2021-06-24	United Kingdom	genome	unknown	B.1.1.7	Alpha
9448	hCoV-19/NorthernIreland/NIRE-00405f/2021	2021-06-24	United Kingdom	genome	unknown	B.1.1.7	Alpha
9449	hCoV-19/NorthernIreland/NIRE-00403a/2021	2021-06-24	United Kingdom	genome	unknown	B.1.1.7	Alpha
9450	hCoV-19/NorthernIreland/NIRE-00403e/2021	2021-06-24	United Kingdom	genome	unknown	B.1.1.7	Alpha
9451	hCoV-19/England/PHWC-PYKK5T/2021	2021-06-24	United Kingdom	genome	unknown	B.1.1.7	Alpha
9452	hCoV-19/England/HSLL-17A4286/2021	2021-06-24	United Kingdom	genome	unknown	B.1.1.7	Alpha
9453	hCoV-19/NorthernIreland/PHEC-L308LCC5/2021	2021-06-24	United Kingdom	genome	unknown	B.1.1.7	Alpha
9454	hCoV-19/England/MILK-17AAEAA/2021	2021-06-24	United Kingdom	genome	unknown	B.1.1.7	Alpha
9455	hCoV-19/NorthernIreland/OXON-F883AE/2021	2021-06-24	United Kingdom	genome	unknown	B.1.1.7	Alpha
9456	hCoV-19/Scotland/QEUH-17AB4C5/2021	2021-06-24	United Kingdom	genome	unknown	B.1.1.7	Alpha
9457	hCoV-19/England/MILK-17AEFEF/2021	2021-06-24	United Kingdom	genome	unknown	B.1.1.7	Alpha
9458	hCoV-19/England/MILK-17B1CA6/2021	2021-06-24	United Kingdom	genome	unknown	B.1.1.7	Alpha
9459	hCoV-19/NorthernIreland/NIRE-003f98/2021	2021-06-25	United Kingdom	genome	unknown	B.1.1.7	Alpha
9460	hCoV-19/NorthernIreland/NIRE-003f96/2021	2021-06-25	United Kingdom	genome	unknown	B.1.1.7	Alpha
9461	hCoV-19/Wales/PHWC-PYJZ5G/2021	2021-06-25	United Kingdom	genome	unknown	B.1.1.7	Alpha
9462	hCoV-19/NorthernIreland/NIRE-00420c/2021	2021-06-25	United Kingdom	genome	unknown	B.1.1.7	Alpha
9463	hCoV-19/NorthernIreland/NIRE-00403d/2021	2021-06-25	United Kingdom	genome	unknown	B.1.1.7	Alpha
9464	hCoV-19/NorthernIreland/NIRE-003fd2/2021	2021-06-25	United Kingdom	genome	unknown	B.1.1.7	Alpha
9465	hCoV-19/NorthernIreland/NIRE-003fbe/2021	2021-06-25	United Kingdom	genome	unknown	B.1.1.7	Alpha
9466	hCoV-19/England/PHEC-32A780/2021	2021-06-25	United Kingdom	genome	unknown	B.1.1.7	Alpha
9467	hCoV-19/England/NORW-13E586D/2021	2021-06-25	United Kingdom	genome	unknown	B.1.1.7	Alpha
9468	hCoV-19/Scotland/QEUH-17C0503/2021	2021-06-25	United Kingdom	genome	unknown	B.1.1.7	Alpha
9469	hCoV-19/England/NORW-13E4C71/2021	2021-06-25	United Kingdom	genome	unknown	B.1.1.7	Alpha
9470	hCoV-19/England/ALDP-17FB3AB/2021	2021-06-25	United Kingdom	genome	unknown	B.1.1.7	Alpha
9471	hCoV-19/England/ALDP-17FB709/2021	2021-06-25	United Kingdom	genome	unknown	B.1.1.7	Alpha
9472	hCoV-19/Scotland/QEUH-17C1432/2021	2021-06-25	United Kingdom	genome	unknown	B.1.1.7	Alpha
9473	hCoV-19/Scotland/QEUH-17C04E8/2021	2021-06-25	United Kingdom	genome	unknown	B.1.1.7	Alpha
9474	hCoV-19/England/QEUH-17C1E9E/2021	2021-06-25	United Kingdom	genome	unknown	B.1.1.7	Alpha
9475	hCoV-19/Scotland/QEUH-17C7CBC/2021	2021-06-25	United Kingdom	genome	unknown	B.1.1.7	Alpha
9476	hCoV-19/NorthernIreland/NIRE-00420f/2021	2021-06-25	United Kingdom	genome	unknown	B.1.1.7	Alpha
9477	hCoV-19/NorthernIreland/NIRE-004239/2021	2021-06-25	United Kingdom	genome	unknown	B.1.1.7	Alpha
9478	hCoV-19/NorthernIreland/NIRE-004285/2021	2021-06-25	United Kingdom	genome	unknown	B.1.1.7	Alpha
9479	hCoV-19/NorthernIreland/NIRE-004260/2021	2021-06-25	United Kingdom	genome	unknown	B.1.1.7	Alpha
9480	hCoV-19/NorthernIreland/NIRE-00428f/2021	2021-06-25	United Kingdom	genome	unknown	B.1.1.7	Alpha
9481	hCoV-19/NorthernIreland/NIRE-00424f/2021	2021-06-25	United Kingdom	genome	unknown	B.1.1.7	Alpha
9482	hCoV-19/England/ALDP-17EF95D/2021	2021-06-26	United Kingdom	genome	unknown	B.1.1.7	Alpha
9483	hCoV-19/NorthernIreland/NIRE-004246/2021	2021-06-26	United Kingdom	genome	unknown	B.1.1.7	Alpha
9484	hCoV-19/NorthernIreland/PHEC-M304MCBA/2021	2021-06-26	United Kingdom	genome	unknown	B.1.1.7	Alpha
9485	hCoV-19/NorthernIreland/NIRE-004298/2021	2021-06-26	United Kingdom	genome	unknown	B.1.1.7	Alpha
9486	hCoV-19/NorthernIreland/NIRE-0040d0/2021	2021-06-26	United Kingdom	genome	unknown	B.1.1.7	Alpha
9487	hCoV-19/NorthernIreland/NIRE-0040d3/2021	2021-06-26	United Kingdom	genome	unknown	B.1.1.7	Alpha
9488	hCoV-19/NorthernIreland/NIRE-0040b5/2021	2021-06-26	United Kingdom	genome	unknown	B.1.1.7	Alpha
9489	hCoV-19/England/PLYM-17BDF47/2021	2021-06-26	United Kingdom	genome	unknown	B.1.1.7	Alpha
9490	hCoV-19/Scotland/EDB18746/2021	2021-06-26	United Kingdom	genome	unknown	B.1.1.7	Alpha
9491	hCoV-19/Scotland/QEUH-17C653A/2021	2021-06-26	United Kingdom	genome	unknown	B.1.1.7	Alpha
9492	hCoV-19/England/PLYM-17BE0F8/2021	2021-06-26	United Kingdom	genome	unknown	B.1.1.7	Alpha
9493	hCoV-19/Scotland/QEUH-17DB4BD/2021	2021-06-26	United Kingdom	genome	unknown	B.1.1.7	Alpha
9494	hCoV-19/England/MILK-17D9A71/2021	2021-06-26	United Kingdom	genome	unknown	B.1.1.7	Alpha
9495	hCoV-19/England/HSLL-17C400E/2021	2021-06-26	United Kingdom	genome	unknown	B.1.1.7	Alpha
9496	hCoV-19/England/PLYM-17BDDE3/2021	2021-06-26	United Kingdom	genome	unknown	B.1.1.7	Alpha
9497	hCoV-19/Scotland/QEUH-17C5E21/2021	2021-06-26	United Kingdom	genome	unknown	B.1.1.7	Alpha
9498	hCoV-19/England/QEUH-17D9B32/2021	2021-06-26	United Kingdom	genome	unknown	B.1.1.7	Alpha
9499	hCoV-19/England/PLYM-17BE18C/2021	2021-06-26	United Kingdom	genome	unknown	B.1.1.7	Alpha
9500	hCoV-19/England/PLYM-17BDFFC/2021	2021-06-26	United Kingdom	genome	unknown	B.1.1.7	Alpha
9501	hCoV-19/Scotland/QEUH-17DE362/2021	2021-06-26	United Kingdom	genome	unknown	B.1.1.7	Alpha
9502	hCoV-19/England/MILK-17E66B9/2021	2021-06-26	United Kingdom	genome	unknown	B.1.1.7	Alpha
9503	hCoV-19/England/PHEC-32DFFE/2021	2021-06-26	United Kingdom	genome	unknown	B.1.1.7	Alpha
9504	hCoV-19/England/PLYM-17BDC7D/2021	2021-06-26	United Kingdom	genome	unknown	B.1.1.7	Alpha
9505	hCoV-19/England/PLYM-17BDDD4/2021	2021-06-26	United Kingdom	genome	unknown	B.1.1.7	Alpha
9506	hCoV-19/Scotland/QEUH-17C3193/2021	2021-06-26	United Kingdom	genome	unknown	B.1.1.7	Alpha
9507	hCoV-19/NorthernIreland/NIRE-004118/2021	2021-06-26	United Kingdom	genome	unknown	B.1.1.7	Alpha
9508	hCoV-19/NorthernIreland/NIRE-0040f0/2021	2021-06-26	United Kingdom	genome	unknown	B.1.1.7	Alpha
9509	hCoV-19/NorthernIreland/NIRE-0040e6/2021	2021-06-26	United Kingdom	genome	unknown	B.1.1.7	Alpha
9510	hCoV-19/England/PHEC-L30ALE63/2021	2021-06-26	United Kingdom	genome	unknown	B.1.1.7	Alpha
9511	hCoV-19/England/QEUH-17E8426/2021	2021-06-27	United Kingdom	genome	unknown	B.1.1.7	Alpha
9512	hCoV-19/Scotland/QEUH-17F1EFF/2021	2021-06-27	United Kingdom	genome	unknown	B.1.1.7	Alpha
9513	hCoV-19/Scotland/QEUH-17F1ED1/2021	2021-06-27	United Kingdom	genome	unknown	B.1.1.7	Alpha
9514	hCoV-19/NorthernIreland/NIRE-0040ec/2021	2021-06-27	United Kingdom	genome	unknown	B.1.1.7	Alpha
9515	hCoV-19/NorthernIreland/NIRE-004103/2021	2021-06-27	United Kingdom	genome	unknown	B.1.1.7	Alpha
9516	hCoV-19/England/PHEC-L30ALEFA/2021	2021-06-27	United Kingdom	genome	unknown	B.1.1.7	Alpha
9517	hCoV-19/England/PHEC-L30ALEBE/2021	2021-06-27	United Kingdom	genome	unknown	B.1.1.7	Alpha
9518	hCoV-19/NorthernIreland/NIRE-004102/2021	2021-06-27	United Kingdom	genome	unknown	B.1.1.7	Alpha
9519	hCoV-19/NorthernIreland/NIRE-004110/2021	2021-06-27	United Kingdom	genome	unknown	B.1.1.7	Alpha
9520	hCoV-19/NorthernIreland/NIRE-00410c/2021	2021-06-27	United Kingdom	genome	unknown	B.1.1.7	Alpha
9521	hCoV-19/NorthernIreland/NIRE-00410f/2021	2021-06-27	United Kingdom	genome	unknown	B.1.1.7	Alpha
9522	hCoV-19/NorthernIreland/NIRE-0040f9/2021	2021-06-27	United Kingdom	genome	unknown	B.1.1.7	Alpha
9523	hCoV-19/NorthernIreland/PHEC-M304M0DC/2021	2021-06-27	United Kingdom	genome	unknown	B.1.1.7	Alpha
9524	hCoV-19/NorthernIreland/NIRE-00412a/2021	2021-06-27	United Kingdom	genome	unknown	B.1.1.7	Alpha
9525	hCoV-19/England/ALDP-17FF5A1/2021	2021-06-27	United Kingdom	genome	unknown	B.1.1.7	Alpha
9526	hCoV-19/Scotland/QEUH-17E1BBF/2021	2021-06-27	United Kingdom	genome	unknown	B.1.1.7	Alpha
9527	hCoV-19/England/PHEP-000181/2021	2021-06-27	United Kingdom	genome	unknown	B.1.1.7	Alpha
9528	hCoV-19/Scotland/OXON-F8C823/2021	2021-06-27	United Kingdom	genome	unknown	B.1.1.7	Alpha
9529	hCoV-19/Wales/PHWC-PYCYYQ/2021	2021-06-27	United Kingdom	genome	unknown	B.1.1.7	Alpha
9530	hCoV-19/England/ALDP-180362E/2021	2021-06-27	United Kingdom	genome	unknown	B.1.1.7	Alpha
9531	hCoV-19/Scotland/QEUH-17DAF44/2021	2021-06-27	United Kingdom	genome	unknown	B.1.1.7	Alpha
9532	hCoV-19/NorthernIreland/NIRE-00436c/2021	2021-06-27	United Kingdom	genome	unknown	B.1.1.7	Alpha
9533	hCoV-19/NorthernIreland/NIRE-00430f/2021	2021-06-27	United Kingdom	genome	unknown	B.1.1.7	Alpha
9534	hCoV-19/NorthernIreland/NIRE-004300/2021	2021-06-27	United Kingdom	genome	unknown	B.1.1.7	Alpha
9535	hCoV-19/NorthernIreland/NIRE-00435b/2021	2021-06-27	United Kingdom	genome	unknown	B.1.1.7	Alpha
9536	hCoV-19/England/MILK-17E243B/2021	2021-06-27	United Kingdom	genome	unknown	B.1.1.7	Alpha
9537	hCoV-19/NorthernIreland/NIRE-0045c0/2021	2021-06-28	United Kingdom	genome	unknown	B.1.1.7	Alpha
9538	hCoV-19/NorthernIreland/NIRE-004616/2021	2021-06-28	United Kingdom	genome	unknown	B.1.1.7	Alpha
9539	hCoV-19/NorthernIreland/NIRE-004658/2021	2021-06-28	United Kingdom	genome	unknown	B.1.1.7	Alpha
9540	hCoV-19/NorthernIreland/NIRE-0046ad/2021	2021-06-28	United Kingdom	genome	unknown	B.1.1.7	Alpha
9541	hCoV-19/Scotland/QEUH-17F658C/2021	2021-06-28	United Kingdom	genome	unknown	B.1.1.7	Alpha
9542	hCoV-19/NorthernIreland/NIRE-0045d5/2021	2021-06-28	United Kingdom	genome	unknown	B.1.1.7	Alpha
9543	hCoV-19/NorthernIreland/NIRE-0045a6/2021	2021-06-28	United Kingdom	genome	unknown	B.1.1.7	Alpha
9544	hCoV-19/NorthernIreland/NIRE-00460b/2021	2021-06-28	United Kingdom	genome	unknown	B.1.1.7	Alpha
9545	hCoV-19/NorthernIreland/NIRE-0045fa/2021	2021-06-28	United Kingdom	genome	unknown	B.1.1.7	Alpha
9546	hCoV-19/NorthernIreland/NIRE-0045b3/2021	2021-06-28	United Kingdom	genome	unknown	B.1.1.7	Alpha
9547	hCoV-19/NorthernIreland/NIRE-004363/2021	2021-06-28	United Kingdom	genome	unknown	B.1.1.7	Alpha
9548	hCoV-19/NorthernIreland/NIRE-0045b6/2021	2021-06-28	United Kingdom	genome	unknown	B.1.1.7	Alpha
9549	hCoV-19/NorthernIreland/NIRE-00460d/2021	2021-06-28	United Kingdom	genome	unknown	B.1.1.7	Alpha
9550	hCoV-19/Wales/PHWC-PYKUIW/2021	2021-06-28	United Kingdom	genome	unknown	B.1.1.7	Alpha
9551	hCoV-19/NorthernIreland/NIRE-004333/2021	2021-06-28	United Kingdom	genome	unknown	B.1.1.7	Alpha
9552	hCoV-19/NorthernIreland/NIRE-00433a/2021	2021-06-28	United Kingdom	genome	unknown	B.1.1.7	Alpha
9553	hCoV-19/Scotland/QEUH-17F7FF6/2021	2021-06-28	United Kingdom	genome	unknown	B.1.1.7	Alpha
9554	hCoV-19/NorthernIreland/NIRE-00435e/2021	2021-06-28	United Kingdom	genome	unknown	B.1.1.7	Alpha
9555	hCoV-19/NorthernIreland/NIRE-00438b/2021	2021-06-28	United Kingdom	genome	unknown	B.1.1.7	Alpha
9556	hCoV-19/NorthernIreland/NIRE-004389/2021	2021-06-28	United Kingdom	genome	unknown	B.1.1.7	Alpha
9557	hCoV-19/NorthernIreland/NIRE-004382/2021	2021-06-28	United Kingdom	genome	unknown	B.1.1.7	Alpha
9558	hCoV-19/NorthernIreland/NIRE-004392/2021	2021-06-28	United Kingdom	genome	unknown	B.1.1.7	Alpha
9559	hCoV-19/NorthernIreland/NIRE-00434c/2021	2021-06-28	United Kingdom	genome	unknown	B.1.1.7	Alpha
9560	hCoV-19/England/HSLL-17FE33F/2021	2021-06-28	United Kingdom	genome	unknown	B.1.1.7	Alpha
9561	hCoV-19/England/MILK-17EA03F/2021	2021-06-28	United Kingdom	genome	unknown	B.1.1.7	Alpha
9562	hCoV-19/England/MILK-17E64BF/2021	2021-06-28	United Kingdom	genome	unknown	B.1.1.7	Alpha
9563	hCoV-19/England/ALDP-184C146/2021	2021-06-28	United Kingdom	genome	unknown	B.1.1.7	Alpha
9564	hCoV-19/England/NORT-1BDB6D1/2021	2021-06-28	United Kingdom	genome	unknown	B.1.1.7	Alpha
9565	hCoV-19/Wales/PHWC-PYMC5P/2021	2021-06-28	United Kingdom	genome	unknown	B.1.1.7	Alpha
9566	hCoV-19/England/MILK-17EAD56/2021	2021-06-28	United Kingdom	genome	unknown	B.1.1.7	Alpha
9567	hCoV-19/England/CAMB-AAF519/2021	2021-06-28	United Kingdom	genome	unknown	B.1.1.7	Alpha
9568	hCoV-19/England/CAMB-AAF6BC/2021	2021-06-28	United Kingdom	genome	unknown	B.1.1.7	Alpha
9569	hCoV-19/England/PHEC-M303M69F/2021	2021-06-28	United Kingdom	genome	unknown	B.1.1.7	Alpha
9570	hCoV-19/England/PHEC-L30BLF23/2021	2021-06-28	United Kingdom	genome	unknown	B.1.1.7	Alpha
9571	hCoV-19/England/PHEC-L30BL98F/2021	2021-06-28	United Kingdom	genome	unknown	B.1.1.7	Alpha
9572	hCoV-19/England/PLYM-17ED306/2021	2021-06-28	United Kingdom	genome	unknown	B.1.1.7	Alpha
9573	hCoV-19/Scotland/QEUH-17E318E/2021	2021-06-28	United Kingdom	genome	unknown	B.1.1.7	Alpha
9574	hCoV-19/England/CAMB-AAF388/2021	2021-06-28	United Kingdom	genome	unknown	B.1.1.7	Alpha
9575	hCoV-19/England/PLYM-17F269C/2021	2021-06-28	United Kingdom	genome	unknown	B.1.1.7	Alpha
9576	hCoV-19/NorthernIreland/NIRE-004624/2021	2021-06-29	United Kingdom	genome	unknown	B.1.1.7	Alpha
9577	hCoV-19/NorthernIreland/NIRE-004650/2021	2021-06-29	United Kingdom	genome	unknown	B.1.1.7	Alpha
9578	hCoV-19/NorthernIreland/NIRE-004654/2021	2021-06-29	United Kingdom	genome	unknown	B.1.1.7	Alpha
9579	hCoV-19/NorthernIreland/NIRE-0045ea/2021	2021-06-29	United Kingdom	genome	unknown	B.1.1.7	Alpha
9580	hCoV-19/NorthernIreland/NIRE-004690/2021	2021-06-29	United Kingdom	genome	unknown	B.1.1.7	Alpha
9581	hCoV-19/NorthernIreland/NIRE-00469a/2021	2021-06-29	United Kingdom	genome	unknown	B.1.1.7	Alpha
9582	hCoV-19/NorthernIreland/NIRE-004646/2021	2021-06-29	United Kingdom	genome	unknown	B.1.1.7	Alpha
9583	hCoV-19/NorthernIreland/RAND-183479A/2021	2021-06-29	United Kingdom	genome	unknown	B.1.1.7	Alpha
9584	hCoV-19/England/OXON-F8C498/2021	2021-06-29	United Kingdom	genome	unknown	B.1.1.7	Alpha
9585	hCoV-19/England/PHEC-Q303Q78D/2021	2021-06-29	United Kingdom	genome	unknown	B.1.1.7	Alpha
9586	hCoV-19/England/PHEC-U30AU856/2021	2021-06-29	United Kingdom	genome	unknown	B.1.1.7	Alpha
9587	hCoV-19/England/PHEC-U30AU953/2021	2021-06-29	United Kingdom	genome	unknown	B.1.1.7	Alpha
9588	hCoV-19/NorthernIreland/RAND-18349C1/2021	2021-06-29	United Kingdom	genome	unknown	B.1.1.7	Alpha
9589	hCoV-19/NorthernIreland/RAND-18349A3/2021	2021-06-29	United Kingdom	genome	unknown	B.1.1.7	Alpha
9590	hCoV-19/NorthernIreland/RAND-183468E/2021	2021-06-29	United Kingdom	genome	unknown	B.1.1.7	Alpha
9591	hCoV-19/NorthernIreland/RAND-18348F1/2021	2021-06-29	United Kingdom	genome	unknown	B.1.1.7	Alpha
9592	hCoV-19/England/ALDP-1853416/2021	2021-06-29	United Kingdom	genome	unknown	B.1.1.7	Alpha
9593	hCoV-19/England/ALDP-184E180/2021	2021-06-29	United Kingdom	genome	unknown	B.1.1.7	Alpha
9594	hCoV-19/Wales/PHWC-PYCFJZ/2021	2021-06-29	United Kingdom	genome	unknown	B.1.1.7	Alpha
9595	hCoV-19/England/MILK-17FECE9/2021	2021-06-29	United Kingdom	genome	unknown	B.1.1.7	Alpha
9596	hCoV-19/England/MILK-1804168/2021	2021-06-29	United Kingdom	genome	unknown	B.1.1.7	Alpha
9597	hCoV-19/England/PLYM-1809B47/2021	2021-06-29	United Kingdom	genome	unknown	B.1.1.7	Alpha
9598	hCoV-19/England/ALDP-186F22C/2021	2021-06-29	United Kingdom	genome	unknown	B.1.1.7	Alpha
9599	hCoV-19/England/PLYM-18097DA/2021	2021-06-29	United Kingdom	genome	unknown	B.1.1.7	Alpha
9600	hCoV-19/England/MILK-180EEFE/2021	2021-06-30	United Kingdom	genome	unknown	B.1.1.7	Alpha
9601	hCoV-19/NorthernIreland/NIRE-00451b/2021	2021-06-30	United Kingdom	genome	unknown	B.1.1.7	Alpha
9602	hCoV-19/NorthernIreland/NIRE-004570/2021	2021-06-30	United Kingdom	genome	unknown	B.1.1.7	Alpha
9603	hCoV-19/NorthernIreland/NIRE-004573/2021	2021-06-30	United Kingdom	genome	unknown	B.1.1.7	Alpha
9604	hCoV-19/England/MILK-180F419/2021	2021-06-30	United Kingdom	genome	unknown	B.1.1.7	Alpha
9605	hCoV-19/NorthernIreland/NIRE-0044cf/2021	2021-06-30	United Kingdom	genome	unknown	B.1.1.7	Alpha
9606	hCoV-19/NorthernIreland/NIRE-0044c0/2021	2021-06-30	United Kingdom	genome	unknown	B.1.1.7	Alpha
9607	hCoV-19/NorthernIreland/NIRE-00451e/2021	2021-06-30	United Kingdom	genome	unknown	B.1.1.7	Alpha
9608	hCoV-19/England/ALDP-1868CE9/2021	2021-06-30	United Kingdom	genome	unknown	B.1.1.7	Alpha
9609	hCoV-19/England/MILK-181EB03/2021	2021-06-30	United Kingdom	genome	unknown	B.1.1.7	Alpha
9610	hCoV-19/NorthernIreland/NIRE-0046f4/2021	2021-06-30	United Kingdom	genome	unknown	B.1.1.7	Alpha
9611	hCoV-19/England/ALDP-1867558/2021	2021-06-30	United Kingdom	genome	unknown	B.1.1.7	Alpha
9612	hCoV-19/Scotland/QEUH-17FF8D5/2021	2021-06-30	United Kingdom	genome	unknown	B.1.1.7	Alpha
9613	hCoV-19/NorthernIreland/RAND-1834994/2021	2021-06-30	United Kingdom	genome	unknown	B.1.1.7	Alpha
9614	hCoV-19/England/ALDP-1867127/2021	2021-06-30	United Kingdom	genome	unknown	B.1.1.7	Alpha
9615	hCoV-19/England/MILK-1828B24/2021	2021-06-30	United Kingdom	genome	unknown	B.1.1.7	Alpha
9616	hCoV-19/England/MILK-181D71F/2021	2021-06-30	United Kingdom	genome	unknown	B.1.1.7	Alpha
9617	hCoV-19/England/MILK-181A69D/2021	2021-06-30	United Kingdom	genome	unknown	B.1.1.7	Alpha
9618	hCoV-19/Scotland/QEUH-17FFD21/2021	2021-06-30	United Kingdom	genome	unknown	B.1.1.7	Alpha
9619	hCoV-19/England/MILK-181A563/2021	2021-06-30	United Kingdom	genome	unknown	B.1.1.7	Alpha
9620	hCoV-19/England/MILK-181BDC4/2021	2021-06-30	United Kingdom	genome	unknown	B.1.1.7	Alpha
9621	hCoV-19/England/BRBR-182CCB4/2021	2021-06-30	United Kingdom	genome	unknown	B.1.1.7	Alpha
9622	hCoV-19/England/ALDP-1846B99/2021	2021-06-30	United Kingdom	genome	unknown	B.1.1.7	Alpha
9623	hCoV-19/England/MILK-1818F49/2021	2021-06-30	United Kingdom	genome	unknown	B.1.1.7	Alpha
9624	hCoV-19/England/PHEC-U30AUAE7/2021	2021-06-30	United Kingdom	genome	unknown	B.1.1.7	Alpha
9625	hCoV-19/NorthernIreland/RAND-18347E5/2021	2021-06-30	United Kingdom	genome	unknown	B.1.1.7	Alpha
9626	hCoV-19/Wales/PHWC-PYCXKM/2021	2021-06-30	United Kingdom	genome	unknown	B.1.1.7	Alpha
9627	hCoV-19/England/PLYM-1813227/2021	2021-06-30	United Kingdom	genome	unknown	B.1.1.7	Alpha
9628	hCoV-19/England/PHEC-332785/2021	2021-07-01	United Kingdom	genome	unknown	B.1.1.7	Alpha
9629	hCoV-19/England/CAMB-AB04AF/2021	2021-07-01	United Kingdom	genome	unknown	B.1.1.7	Alpha
9630	hCoV-19/England/PHEC-M303MD5E/2021	2021-07-01	United Kingdom	genome	unknown	B.1.1.7	Alpha
9631	hCoV-19/NorthernIreland/PHEC-M305M1AB/2021	2021-07-01	United Kingdom	genome	unknown	B.1.1.7	Alpha
9632	hCoV-19/England/PHEC-V308V24B/2021	2021-07-01	United Kingdom	genome	unknown	B.1.1.7	Alpha
9633	hCoV-19/England/PHEC-V308V23C/2021	2021-07-01	United Kingdom	genome	unknown	B.1.1.7	Alpha
9634	hCoV-19/England/MILK-1821B3A/2021	2021-07-01	United Kingdom	genome	unknown	B.1.1.7	Alpha
9635	hCoV-19/Scotland/PLYM-182103B/2021	2021-07-01	United Kingdom	genome	unknown	B.1.1.7	Alpha
9636	hCoV-19/NorthernIreland/RAND-1834B43/2021	2021-07-01	United Kingdom	genome	unknown	B.1.1.7	Alpha
9637	hCoV-19/NorthernIreland/RAND-1834A28/2021	2021-07-01	United Kingdom	genome	unknown	B.1.1.7	Alpha
9638	hCoV-19/Scotland/QEUH-182D864/2021	2021-07-01	United Kingdom	genome	unknown	B.1.1.7	Alpha
9639	hCoV-19/Scotland/QEUH-182DAC8/2021	2021-07-01	United Kingdom	genome	unknown	B.1.1.7	Alpha
9640	hCoV-19/England/BRBR-183FD9D/2021	2021-07-01	United Kingdom	genome	unknown	B.1.1.7	Alpha
9641	hCoV-19/NorthernIreland/RAND-1834A19/2021	2021-07-01	United Kingdom	genome	unknown	B.1.1.7	Alpha
9642	hCoV-19/Scotland/QEUH-1832617/2021	2021-07-01	United Kingdom	genome	unknown	B.1.1.7	Alpha
9643	hCoV-19/Scotland/QEUH-1831E98/2021	2021-07-01	United Kingdom	genome	unknown	B.1.1.7	Alpha
9644	hCoV-19/NorthernIreland/NIRE-0046fb/2021	2021-07-01	United Kingdom	genome	unknown	B.1.1.7	Alpha
9645	hCoV-19/NorthernIreland/NIRE-0047d2/2021	2021-07-01	United Kingdom	genome	unknown	B.1.1.7	Alpha
9646	hCoV-19/NorthernIreland/NIRE-0048fd/2021	2021-07-01	United Kingdom	genome	unknown	B.1.1.7	Alpha
9647	hCoV-19/Scotland/QEUH-1831171/2021	2021-07-01	United Kingdom	genome	unknown	B.1.1.7	Alpha
9648	hCoV-19/Scotland/QEUH-18311AE/2021	2021-07-01	United Kingdom	genome	unknown	B.1.1.7	Alpha
9649	hCoV-19/England/PLYM-1827A37/2021	2021-07-01	United Kingdom	genome	unknown	B.1.1.7	Alpha
9650	hCoV-19/England/MILK-1874C9F/2021	2021-07-02	United Kingdom	genome	unknown	B.1.1.7	Alpha
9651	hCoV-19/NorthernIreland/NIRE-0048ff/2021	2021-07-02	United Kingdom	genome	unknown	B.1.1.7	Alpha
9652	hCoV-19/NorthernIreland/NIRE-004852/2021	2021-07-02	United Kingdom	genome	unknown	B.1.1.7	Alpha
9653	hCoV-19/NorthernIreland/NIRE-004899/2021	2021-07-02	United Kingdom	genome	unknown	B.1.1.7	Alpha
9654	hCoV-19/NorthernIreland/NIRE-0047f9/2021	2021-07-02	United Kingdom	genome	unknown	B.1.1.7	Alpha
9655	hCoV-19/NorthernIreland/NIRE-004851/2021	2021-07-02	United Kingdom	genome	unknown	B.1.1.7	Alpha
9656	hCoV-19/NorthernIreland/NIRE-004850/2021	2021-07-02	United Kingdom	genome	unknown	B.1.1.7	Alpha
9657	hCoV-19/NorthernIreland/NIRE-00480a/2021	2021-07-02	United Kingdom	genome	unknown	B.1.1.7	Alpha
9658	hCoV-19/NorthernIreland/NIRE-004808/2021	2021-07-02	United Kingdom	genome	unknown	B.1.1.7	Alpha
9659	hCoV-19/England/PHEC-Q303Q5A1/2021	2021-07-02	United Kingdom	genome	unknown	B.1.1.7	Alpha
9660	hCoV-19/England/PHEC-M305M2D5/2021	2021-07-02	United Kingdom	genome	unknown	B.1.1.7	Alpha
9661	hCoV-19/England/PHEC-M305M299/2021	2021-07-02	United Kingdom	genome	unknown	B.1.1.7	Alpha
9662	hCoV-19/England/QEUH-1839838/2021	2021-07-02	United Kingdom	genome	unknown	B.1.1.7	Alpha
9663	hCoV-19/NorthernIreland/OXON-FA067A/2021	2021-07-02	United Kingdom	genome	unknown	B.1.1.7	Alpha
9664	hCoV-19/England/PHEC-U30AU9CC/2021	2021-07-02	United Kingdom	genome	unknown	B.1.1.7	Alpha
9665	hCoV-19/Scotland/QEUH-1844876/2021	2021-07-02	United Kingdom	genome	unknown	B.1.1.7	Alpha
9666	hCoV-19/NorthernIreland/NIRE-00489f/2021	2021-07-02	United Kingdom	genome	unknown	B.1.1.7	Alpha
9667	hCoV-19/NorthernIreland/NIRE-0048c3/2021	2021-07-02	United Kingdom	genome	unknown	B.1.1.7	Alpha
9668	hCoV-19/England/CAMB-AB05F7/2021	2021-07-02	United Kingdom	genome	unknown	B.1.1.7	Alpha
9669	hCoV-19/England/CAMB-AB00F6/2021	2021-07-02	United Kingdom	genome	unknown	B.1.1.7	Alpha
9670	hCoV-19/NorthernIreland/NIRE-0049ee/2021	2021-07-03	United Kingdom	genome	unknown	B.1.1.7	Alpha
9671	hCoV-19/NorthernIreland/NIRE-004967/2021	2021-07-03	United Kingdom	genome	unknown	B.1.1.7	Alpha
9672	hCoV-19/NorthernIreland/NIRE-0049d7/2021	2021-07-03	United Kingdom	genome	unknown	B.1.1.7	Alpha
9673	hCoV-19/NorthernIreland/PHEC-M304MEF0/2021	2021-07-03	United Kingdom	genome	unknown	B.1.1.7	Alpha
9674	hCoV-19/England/ALDP-188AB99/2021	2021-07-03	United Kingdom	genome	unknown	B.1.1.7	Alpha
9675	hCoV-19/Wales/PHWC-PYP8NB/2021	2021-07-03	United Kingdom	genome	unknown	B.1.1.7	Alpha
9676	hCoV-19/NorthernIreland/NIRE-004a01/2021	2021-07-03	United Kingdom	genome	unknown	B.1.1.7	Alpha
9677	hCoV-19/NorthernIreland/NIRE-004a13/2021	2021-07-03	United Kingdom	genome	unknown	B.1.1.7	Alpha
9678	hCoV-19/NorthernIreland/NIRE-0049a8/2021	2021-07-03	United Kingdom	genome	unknown	B.1.1.7	Alpha
9679	hCoV-19/NorthernIreland/NIRE-004924/2021	2021-07-03	United Kingdom	genome	unknown	B.1.1.7	Alpha
9680	hCoV-19/England/MILK-184AF7B/2021	2021-07-03	United Kingdom	genome	unknown	B.1.1.7	Alpha
9681	hCoV-19/England/QEUH-184A45E/2021	2021-07-03	United Kingdom	genome	unknown	B.1.1.7	Alpha
9682	hCoV-19/Scotland/QEUH-18554F6/2021	2021-07-03	United Kingdom	genome	unknown	B.1.1.7	Alpha
9683	hCoV-19/England/ALDP-188AE18/2021	2021-07-03	United Kingdom	genome	unknown	B.1.1.7	Alpha
9684	hCoV-19/NorthernIreland/NIRE-004932/2021	2021-07-03	United Kingdom	genome	unknown	B.1.1.7	Alpha
9685	hCoV-19/NorthernIreland/NIRE-004943/2021	2021-07-03	United Kingdom	genome	unknown	B.1.1.7	Alpha
9686	hCoV-19/NorthernIreland/NIRE-004940/2021	2021-07-03	United Kingdom	genome	unknown	B.1.1.7	Alpha
9687	hCoV-19/NorthernIreland/RAND-189D173/2021	2021-07-04	United Kingdom	genome	unknown	B.1.1.7	Alpha
9688	hCoV-19/Scotland/QEUH-1871931/2021	2021-07-04	United Kingdom	genome	unknown	B.1.1.7	Alpha
9689	hCoV-19/Scotland/QEUH-186D0AC/2021	2021-07-04	United Kingdom	genome	unknown	B.1.1.7	Alpha
9690	hCoV-19/Scotland/QEUH-1871D35/2021	2021-07-04	United Kingdom	genome	unknown	B.1.1.7	Alpha
9691	hCoV-19/Scotland/QEUH-1872059/2021	2021-07-04	United Kingdom	genome	unknown	B.1.1.7	Alpha
9692	hCoV-19/NorthernIreland/RAND-189D4B6/2021	2021-07-04	United Kingdom	genome	unknown	B.1.1.7	Alpha
9693	hCoV-19/England/MILK-189391B/2021	2021-07-04	United Kingdom	genome	unknown	B.1.1.7	Alpha
9694	hCoV-19/England/PHEC-330022/2021	2021-07-04	United Kingdom	genome	unknown	B.1.1.7	Alpha
9695	hCoV-19/England/PHEC-33007D/2021	2021-07-04	United Kingdom	genome	unknown	B.1.1.7	Alpha
9696	hCoV-19/NorthernIreland/RAND-189D5E0/2021	2021-07-04	United Kingdom	genome	unknown	B.1.1.7	Alpha
9697	hCoV-19/England/PHEC-33BF75/2021	2021-07-04	United Kingdom	genome	unknown	B.1.1.7	Alpha
9698	hCoV-19/England/PHEC-33BF57/2021	2021-07-04	United Kingdom	genome	unknown	B.1.1.7	Alpha
9699	hCoV-19/Scotland/QEUH-1865E22/2021	2021-07-04	United Kingdom	genome	unknown	B.1.1.7	Alpha
9700	hCoV-19/Scotland/QEUH-1865DF8/2021	2021-07-04	United Kingdom	genome	unknown	B.1.1.7	Alpha
9701	hCoV-19/Scotland/QEUH-1865BEF/2021	2021-07-04	United Kingdom	genome	unknown	B.1.1.7	Alpha
9702	hCoV-19/England/PHEC-330004/2021	2021-07-04	United Kingdom	genome	unknown	B.1.1.7	Alpha
9703	hCoV-19/NorthernIreland/RAND-189D0A3/2021	2021-07-04	United Kingdom	genome	unknown	B.1.1.7	Alpha
9704	hCoV-19/England/ALDP-1886D88/2021	2021-07-04	United Kingdom	genome	unknown	B.1.1.7	Alpha
9705	hCoV-19/England/ALDP-1887200/2021	2021-07-04	United Kingdom	genome	unknown	B.1.1.7	Alpha
9706	hCoV-19/Scotland/QEUH-187012B/2021	2021-07-04	United Kingdom	genome	unknown	B.1.1.7	Alpha
9707	hCoV-19/England/QEUH-187C848/2021	2021-07-04	United Kingdom	genome	unknown	B.1.1.7	Alpha
9708	hCoV-19/NorthernIreland/OXON-FA36C2/2021	2021-07-04	United Kingdom	genome	unknown	B.1.1.7	Alpha
9709	hCoV-19/England/PHEC-M305M3E1/2021	2021-07-04	United Kingdom	genome	unknown	B.1.1.7	Alpha
9710	hCoV-19/England/PHEC-M305M439/2021	2021-07-04	United Kingdom	genome	unknown	B.1.1.7	Alpha
9711	hCoV-19/England/ALDP-188CDFB/2021	2021-07-04	United Kingdom	genome	unknown	B.1.1.7	Alpha
9712	hCoV-19/Scotland/QEUH-186D279/2021	2021-07-04	United Kingdom	genome	unknown	B.1.1.7	Alpha
9713	hCoV-19/England/PLYM-187A8D1/2021	2021-07-05	United Kingdom	genome	unknown	B.1.1.7	Alpha
9714	hCoV-19/Scotland/QEUH-188B06C/2021	2021-07-05	United Kingdom	genome	unknown	B.1.1.7	Alpha
9715	hCoV-19/England/MILK-189810F/2021	2021-07-05	United Kingdom	genome	unknown	B.1.1.7	Alpha
9716	hCoV-19/England/ALDP-189BC1A/2021	2021-07-05	United Kingdom	genome	unknown	B.1.1.7	Alpha
9717	hCoV-19/Scotland/QEUH-187594C/2021	2021-07-05	United Kingdom	genome	unknown	B.1.1.7	Alpha
9718	hCoV-19/England/QEUH-1894E93/2021	2021-07-05	United Kingdom	genome	unknown	B.1.1.7	Alpha
9719	hCoV-19/NorthernIreland/NIRE-004b1d/2021	2021-07-05	United Kingdom	genome	unknown	B.1.1.7	Alpha
9720	hCoV-19/NorthernIreland/NIRE-004b21/2021	2021-07-05	United Kingdom	genome	unknown	B.1.1.7	Alpha
9721	hCoV-19/Scotland/QEUH-189907A/2021	2021-07-05	United Kingdom	genome	unknown	B.1.1.7	Alpha
9722	hCoV-19/NorthernIreland/NIRE-004a8b/2021	2021-07-05	United Kingdom	genome	unknown	B.1.1.7	Alpha
9723	hCoV-19/NorthernIreland/NIRE-004a9a/2021	2021-07-05	United Kingdom	genome	unknown	B.1.1.7	Alpha
9724	hCoV-19/NorthernIreland/NIRE-004a3e/2021	2021-07-05	United Kingdom	genome	unknown	B.1.1.7	Alpha
9725	hCoV-19/Scotland/QEUH-189899E/2021	2021-07-05	United Kingdom	genome	unknown	B.1.1.7	Alpha
9726	hCoV-19/England/QEUH-1891CF6/2021	2021-07-05	United Kingdom	genome	unknown	B.1.1.7	Alpha
9727	hCoV-19/Scotland/CVREDB19403/2021	2021-07-05	United Kingdom	genome	unknown	B.1.1.7	Alpha
9728	hCoV-19/England/MILK-188C696/2021	2021-07-05	United Kingdom	genome	unknown	B.1.1.7	Alpha
9729	hCoV-19/England/ALDP-18A75E3/2021	2021-07-05	United Kingdom	genome	unknown	B.1.1.7	Alpha
9730	hCoV-19/England/QEUH-1894EB1/2021	2021-07-05	United Kingdom	genome	unknown	B.1.1.7	Alpha
9731	hCoV-19/England/QEUH-18783F0/2021	2021-07-05	United Kingdom	genome	unknown	B.1.1.7	Alpha
9732	hCoV-19/England/PHEP-003021/2021	2021-07-05	United Kingdom	genome	unknown	B.1.1.7	Alpha
9733	hCoV-19/England/QEUH-1894C6C/2021	2021-07-05	United Kingdom	genome	unknown	B.1.1.7	Alpha
9734	hCoV-19/England/PLYM-187AA26/2021	2021-07-05	United Kingdom	genome	unknown	B.1.1.7	Alpha
9735	hCoV-19/Wales/PHWC-PYPIIC/2021	2021-07-05	United Kingdom	genome	unknown	B.1.1.7	Alpha
9736	hCoV-19/NorthernIreland/RAND-18D858F/2021	2021-07-06	United Kingdom	genome	unknown	B.1.1.7	Alpha
9737	hCoV-19/NorthernIreland/RAND-18D6A37/2021	2021-07-06	United Kingdom	genome	unknown	B.1.1.7	Alpha
9738	hCoV-19/NorthernIreland/RAND-18D6A28/2021	2021-07-06	United Kingdom	genome	unknown	B.1.1.7	Alpha
9739	hCoV-19/England/NORT-1BE00CC/2021	2021-07-06	United Kingdom	genome	unknown	B.1.1.7	Alpha
9740	hCoV-19/England/ALDP-18B75E0/2021	2021-07-06	United Kingdom	genome	unknown	B.1.1.7	Alpha
9741	hCoV-19/England/ALDP-18B1768/2021	2021-07-06	United Kingdom	genome	unknown	B.1.1.7	Alpha
9742	hCoV-19/England/QEUH-18CEECD/2021	2021-07-06	United Kingdom	genome	unknown	B.1.1.7	Alpha
9743	hCoV-19/England/PLYM-189DAF0/2021	2021-07-06	United Kingdom	genome	unknown	B.1.1.7	Alpha
9744	hCoV-19/NorthernIreland/PHEC-M30AM504/2021	2021-07-06	United Kingdom	genome	unknown	B.1.1.7	Alpha
9745	hCoV-19/NorthernIreland/PHEC-M30AM4DA/2021	2021-07-06	United Kingdom	genome	unknown	B.1.1.7	Alpha
9746	hCoV-19/England/PHEC-3359AA/2021	2021-07-06	United Kingdom	genome	unknown	B.1.1.7	Alpha
9747	hCoV-19/NorthernIreland/RAND-18D68A6/2021	2021-07-06	United Kingdom	genome	unknown	B.1.1.7	Alpha
9748	hCoV-19/England/MILK-18A6B88/2021	2021-07-06	United Kingdom	genome	unknown	B.1.1.7	Alpha
9749	hCoV-19/NorthernIreland/NIRE-004c1b/2021	2021-07-06	United Kingdom	genome	unknown	B.1.1.7	Alpha
9750	hCoV-19/NorthernIreland/NIRE-004c56/2021	2021-07-06	United Kingdom	genome	unknown	B.1.1.7	Alpha
9751	hCoV-19/NorthernIreland/NIRE-004ca5/2021	2021-07-06	United Kingdom	genome	unknown	B.1.1.7	Alpha
9752	hCoV-19/NorthernIreland/NIRE-004c1f/2021	2021-07-06	United Kingdom	genome	unknown	B.1.1.7	Alpha
9753	hCoV-19/NorthernIreland/NIRE-004c3f/2021	2021-07-06	United Kingdom	genome	unknown	B.1.1.7	Alpha
9754	hCoV-19/NorthernIreland/NIRE-004cc7/2021	2021-07-06	United Kingdom	genome	unknown	B.1.1.7	Alpha
9755	hCoV-19/NorthernIreland/NIRE-004c8f/2021	2021-07-06	United Kingdom	genome	unknown	B.1.1.7	Alpha
9756	hCoV-19/NorthernIreland/PHEC-M30AM7E0/2021	2021-07-06	United Kingdom	genome	unknown	B.1.1.7	Alpha
9757	hCoV-19/NorthernIreland/PHEC-M30AM883/2021	2021-07-07	United Kingdom	genome	unknown	B.1.1.7	Alpha
9758	hCoV-19/NorthernIreland/PHEC-M30AM8B0/2021	2021-07-07	United Kingdom	genome	unknown	B.1.1.7	Alpha
9759	hCoV-19/NorthernIreland/PHEC-M30AM80B/2021	2021-07-07	United Kingdom	genome	unknown	B.1.1.7	Alpha
9760	hCoV-19/NorthernIreland/PHEC-M30AM71D/2021	2021-07-07	United Kingdom	genome	unknown	B.1.1.7	Alpha
9761	hCoV-19/England/PLYM-18B8330/2021	2021-07-07	United Kingdom	genome	unknown	B.1.1.7	Alpha
9762	hCoV-19/England/PLYM-18B05F6/2021	2021-07-07	United Kingdom	genome	unknown	B.1.1.7	Alpha
9763	hCoV-19/NorthernIreland/RAND-18D66E8/2021	2021-07-07	United Kingdom	genome	unknown	B.1.1.7	Alpha
9764	hCoV-19/England/ALDP-18C9A82/2021	2021-07-07	United Kingdom	genome	unknown	B.1.1.7	Alpha
9765	hCoV-19/England/PHEC-M30BM48E/2021	2021-07-07	United Kingdom	genome	unknown	B.1.1.7	Alpha
9766	hCoV-19/England/PHEC-M30BM49D/2021	2021-07-07	United Kingdom	genome	unknown	B.1.1.7	Alpha
9767	hCoV-19/England/PHEC-M30BM62E/2021	2021-07-07	United Kingdom	genome	unknown	B.1.1.7	Alpha
9768	hCoV-19/England/NORW-13ED865/2021	2021-07-07	United Kingdom	genome	unknown	B.1.1.7	Alpha
9769	hCoV-19/England/NORW-13ED908/2021	2021-07-07	United Kingdom	genome	unknown	B.1.1.7	Alpha
9770	hCoV-19/England/NORW-13ED7C2/2021	2021-07-07	United Kingdom	genome	unknown	B.1.1.7	Alpha
9771	hCoV-19/England/PHEC-Q303QD5E/2021	2021-07-07	United Kingdom	genome	unknown	B.1.1.7	Alpha
9772	hCoV-19/England/PHEC-Q303QD4F/2021	2021-07-07	United Kingdom	genome	unknown	B.1.1.7	Alpha
9773	hCoV-19/England/PHEC-Q303QDF4/2021	2021-07-07	United Kingdom	genome	unknown	B.1.1.7	Alpha
9774	hCoV-19/England/PHEC-Q303QE3D/2021	2021-07-07	United Kingdom	genome	unknown	B.1.1.7	Alpha
9775	hCoV-19/England/MILK-18B4A6C/2021	2021-07-07	United Kingdom	genome	unknown	B.1.1.7	Alpha
9776	hCoV-19/NorthernIreland/NIRE-004f4f/2021	2021-07-07	United Kingdom	genome	unknown	B.1.1.7	Alpha
9777	hCoV-19/NorthernIreland/NIRE-004f10/2021	2021-07-07	United Kingdom	genome	unknown	B.1.1.7	Alpha
9778	hCoV-19/NorthernIreland/NIRE-004f80/2021	2021-07-07	United Kingdom	genome	unknown	B.1.1.7	Alpha
9779	hCoV-19/NorthernIreland/NIRE-004f83/2021	2021-07-07	United Kingdom	genome	unknown	B.1.1.7	Alpha
9780	hCoV-19/NorthernIreland/NIRE-004ef8/2021	2021-07-07	United Kingdom	genome	unknown	B.1.1.7	Alpha
9781	hCoV-19/NorthernIreland/NIRE-004c71/2021	2021-07-07	United Kingdom	genome	unknown	B.1.1.7	Alpha
9782	hCoV-19/NorthernIreland/NIRE-004c73/2021	2021-07-07	United Kingdom	genome	unknown	B.1.1.7	Alpha
9783	hCoV-19/England/PHEC-M305M545/2021	2021-07-08	United Kingdom	genome	unknown	B.1.1.7	Alpha
9784	hCoV-19/England/PHEC-M305M581/2021	2021-07-08	United Kingdom	genome	unknown	B.1.1.7	Alpha
9785	hCoV-19/England/PHEC-M305M572/2021	2021-07-08	United Kingdom	genome	unknown	B.1.1.7	Alpha
9786	hCoV-19/England/PHEC-M307MA17/2021	2021-07-08	United Kingdom	genome	unknown	B.1.1.7	Alpha
9787	hCoV-19/England/PHEC-M307M938/2021	2021-07-08	United Kingdom	genome	unknown	B.1.1.7	Alpha
9788	hCoV-19/England/PHEC-M30AMF8E/2021	2021-07-08	United Kingdom	genome	unknown	B.1.1.7	Alpha
9789	hCoV-19/NorthernIreland/PHEC-N303N69F/2021	2021-07-08	United Kingdom	genome	unknown	B.1.1.7	Alpha
9790	hCoV-19/NorthernIreland/PHEC-N303N5A1/2021	2021-07-08	United Kingdom	genome	unknown	B.1.1.7	Alpha
9791	hCoV-19/NorthernIreland/PHEC-N303N6F9/2021	2021-07-08	United Kingdom	genome	unknown	B.1.1.7	Alpha
9792	hCoV-19/NorthernIreland/NIRE-005142/2021	2021-07-08	United Kingdom	genome	unknown	B.1.1.7	Alpha
9793	hCoV-19/NorthernIreland/NIRE-00511c/2021	2021-07-08	United Kingdom	genome	unknown	B.1.1.7	Alpha
9794	hCoV-19/NorthernIreland/NIRE-005101/2021	2021-07-08	United Kingdom	genome	unknown	B.1.1.7	Alpha
9795	hCoV-19/NorthernIreland/RAND-194671C/2021	2021-07-08	United Kingdom	genome	unknown	B.1.1.7	Alpha
9796	hCoV-19/NorthernIreland/RAND-1944E37/2021	2021-07-08	United Kingdom	genome	unknown	B.1.1.7	Alpha
9797	hCoV-19/NorthernIreland/NIRE-00516a/2021	2021-07-08	United Kingdom	genome	unknown	B.1.1.7	Alpha
9798	hCoV-19/NorthernIreland/NIRE-0050aa/2021	2021-07-08	United Kingdom	genome	unknown	B.1.1.7	Alpha
9799	hCoV-19/NorthernIreland/NIRE-00512d/2021	2021-07-08	United Kingdom	genome	unknown	B.1.1.7	Alpha
9800	hCoV-19/NorthernIreland/NIRE-005143/2021	2021-07-08	United Kingdom	genome	unknown	B.1.1.7	Alpha
9801	hCoV-19/NorthernIreland/NIRE-005170/2021	2021-07-08	United Kingdom	genome	unknown	B.1.1.7	Alpha
9802	hCoV-19/NorthernIreland/RAND-19466E2/2021	2021-07-08	United Kingdom	genome	unknown	B.1.1.7	Alpha
9803	hCoV-19/England/PHEC-M305M606/2021	2021-07-09	United Kingdom	genome	unknown	B.1.1.7	Alpha
9804	hCoV-19/England/NORT-1BE1E85/2021	2021-07-09	United Kingdom	genome	unknown	B.1.1.7	Alpha
9805	hCoV-19/NorthernIreland/RAND-1945267/2021	2021-07-09	United Kingdom	genome	unknown	B.1.1.7	Alpha
9806	hCoV-19/NorthernIreland/NIRE-0051c4/2021	2021-07-09	United Kingdom	genome	unknown	B.1.1.7	Alpha
9807	hCoV-19/NorthernIreland/RAND-1944FCB/2021	2021-07-09	United Kingdom	genome	unknown	B.1.1.7	Alpha
9808	hCoV-19/NorthernIreland/RAND-1945012/2021	2021-07-09	United Kingdom	genome	unknown	B.1.1.7	Alpha
9809	hCoV-19/Scotland/QEUH-18CF13C/2021	2021-07-09	United Kingdom	genome	unknown	B.1.1.7	Alpha
9810	hCoV-19/NorthernIreland/PHEC-N303N42C/2021	2021-07-09	United Kingdom	genome	unknown	B.1.1.7	Alpha
9811	hCoV-19/Scotland/QEUH-18D1D7F/2021	2021-07-09	United Kingdom	genome	unknown	B.1.1.7	Alpha
9812	hCoV-19/Scotland/QEUH-18D198A/2021	2021-07-09	United Kingdom	genome	unknown	B.1.1.7	Alpha
9813	hCoV-19/England/PLYM-18DDE34/2021	2021-07-09	United Kingdom	genome	unknown	B.1.1.7	Alpha
9814	hCoV-19/NorthernIreland/NIRE-005ea2/2021	2021-07-10	United Kingdom	genome	unknown	B.1.1.7	Alpha
9815	hCoV-19/England/ALDP-190162F/2021	2021-07-10	United Kingdom	genome	unknown	B.1.1.7	Alpha
9816	hCoV-19/England/PHEC-Q304Q397/2021	2021-07-10	United Kingdom	genome	unknown	B.1.1.7	Alpha
9817	hCoV-19/England/ALDP-1901768/2021	2021-07-10	United Kingdom	genome	unknown	B.1.1.7	Alpha
9818	hCoV-19/NorthernIreland/NIRE-005ddf/2021	2021-07-11	United Kingdom	genome	unknown	B.1.1.7	Alpha
9819	hCoV-19/NorthernIreland/PHEC-N303N671/2021	2021-07-11	United Kingdom	genome	unknown	B.1.1.7	Alpha
9820	hCoV-19/NorthernIreland/NIRE-0052a8/2021	2021-07-11	United Kingdom	genome	unknown	B.1.1.7	Alpha
9821	hCoV-19/NorthernIreland/NIRE-005298/2021	2021-07-11	United Kingdom	genome	unknown	B.1.1.7	Alpha
9822	hCoV-19/NorthernIreland/NIRE-0052e8/2021	2021-07-11	United Kingdom	genome	unknown	B.1.1.7	Alpha
9823	hCoV-19/NorthernIreland/NIRE-0052e6/2021	2021-07-11	United Kingdom	genome	unknown	B.1.1.7	Alpha
9824	hCoV-19/NorthernIreland/PHEC-N303NA84/2021	2021-07-12	United Kingdom	genome	unknown	B.1.1.7	Alpha
9825	hCoV-19/Scotland/QEUH-1902688/2021	2021-07-12	United Kingdom	genome	unknown	B.1.1.7	Alpha
9826	hCoV-19/England/ALDP-1915910/2021	2021-07-12	United Kingdom	genome	unknown	B.1.1.7	Alpha
9827	hCoV-19/England/PHEC-M30AM11F/2021	2021-07-12	United Kingdom	genome	unknown	B.1.1.7	Alpha
9828	hCoV-19/England/PHEP-004578/2021	2021-07-12	United Kingdom	genome	unknown	B.1.1.7	Alpha
9829	hCoV-19/England/MILK-1A8A4F6/2021	2021-07-12	United Kingdom	genome	unknown	B.1.1.7	Alpha
9830	hCoV-19/NorthernIreland/NIRE-0053e5/2021	2021-07-12	United Kingdom	genome	unknown	B.1.1.7	Alpha
9831	hCoV-19/NorthernIreland/NIRE-0054ff/2021	2021-07-12	United Kingdom	genome	unknown	B.1.1.7	Alpha
9832	hCoV-19/NorthernIreland/NIRE-00550a/2021	2021-07-12	United Kingdom	genome	unknown	B.1.1.7	Alpha
9833	hCoV-19/NorthernIreland/NIRE-00544d/2021	2021-07-12	United Kingdom	genome	unknown	B.1.1.7	Alpha
9834	hCoV-19/NorthernIreland/NIRE-0052ec/2021	2021-07-12	United Kingdom	genome	unknown	B.1.1.7	Alpha
9835	hCoV-19/NorthernIreland/NIRE-005502/2021	2021-07-12	United Kingdom	genome	unknown	B.1.1.7	Alpha
9836	hCoV-19/NorthernIreland/NIRE-005446/2021	2021-07-12	United Kingdom	genome	unknown	B.1.1.7	Alpha
9837	hCoV-19/NorthernIreland/NIRE-0057b9/2021	2021-07-13	United Kingdom	genome	unknown	B.1.1.7	Alpha
9838	hCoV-19/NorthernIreland/NIRE-005789/2021	2021-07-13	United Kingdom	genome	unknown	B.1.1.7	Alpha
9839	hCoV-19/NorthernIreland/NIRE-005557/2021	2021-07-13	United Kingdom	genome	unknown	B.1.1.7	Alpha
9840	hCoV-19/NorthernIreland/NIRE-005537/2021	2021-07-13	United Kingdom	genome	unknown	B.1.1.7	Alpha
9841	hCoV-19/NorthernIreland/NIRE-005535/2021	2021-07-13	United Kingdom	genome	unknown	B.1.1.7	Alpha
9842	hCoV-19/NorthernIreland/NIRE-00573d/2021	2021-07-13	United Kingdom	genome	unknown	B.1.1.7	Alpha
9843	hCoV-19/NorthernIreland/NIRE-00566d/2021	2021-07-13	United Kingdom	genome	unknown	B.1.1.7	Alpha
9844	hCoV-19/NorthernIreland/PHEC-N304NC7E/2021	2021-07-13	United Kingdom	genome	unknown	B.1.1.7	Alpha
9845	hCoV-19/England/PHEC-M30BM72B/2021	2021-07-13	United Kingdom	genome	unknown	B.1.1.7	Alpha
9846	hCoV-19/England/PHEC-M30BM70D/2021	2021-07-13	United Kingdom	genome	unknown	B.1.1.7	Alpha
9847	hCoV-19/NorthernIreland/PHEC-N304NA47/2021	2021-07-15	United Kingdom	genome	unknown	B.1.1.7	Alpha
9848	hCoV-19/England/PHEC-Q303Q69F/2021	2021-07-15	United Kingdom	genome	unknown	B.1.1.7	Alpha
9849	hCoV-19/NorthernIreland/NIRE-005976/2021	2021-07-16	United Kingdom	genome	unknown	B.1.1.7	Alpha
9850	hCoV-19/NorthernIreland/NIRE-005905/2021	2021-07-16	United Kingdom	genome	unknown	B.1.1.7	Alpha
9851	hCoV-19/NorthernIreland/NIRE-005a4e/2021	2021-07-16	United Kingdom	genome	unknown	B.1.1.7	Alpha
9852	hCoV-19/NorthernIreland/NIRE-005916/2021	2021-07-16	United Kingdom	genome	unknown	B.1.1.7	Alpha
9853	hCoV-19/NorthernIreland/NIRE-005b91/2021	2021-07-16	United Kingdom	genome	unknown	B.1.1.7	Alpha
9854	hCoV-19/NorthernIreland/NIRE-005b8f/2021	2021-07-16	United Kingdom	genome	unknown	B.1.1.7	Alpha
9855	hCoV-19/NorthernIreland/NIRE-005ab6/2021	2021-07-16	United Kingdom	genome	unknown	B.1.1.7	Alpha
9856	hCoV-19/NorthernIreland/NIRE-005b16/2021	2021-07-16	United Kingdom	genome	unknown	B.1.1.7	Alpha
9857	hCoV-19/England/ALDP-196D032/2021	2021-07-16	United Kingdom	genome	unknown	B.1.1.7	Alpha
9858	hCoV-19/England/PHEC-N30ANA9C/2021	2021-07-16	United Kingdom	genome	unknown	B.1.1.7	Alpha
9859	hCoV-19/NorthernIreland/NIRE-005a36/2021	2021-07-16	United Kingdom	genome	unknown	B.1.1.7	Alpha
9860	hCoV-19/NorthernIreland/NIRE-0059ee/2021	2021-07-16	United Kingdom	genome	unknown	B.1.1.7	Alpha
9861	hCoV-19/NorthernIreland/NIRE-00584f/2021	2021-07-16	United Kingdom	genome	unknown	B.1.1.7	Alpha
9862	hCoV-19/England/PHEC-U30BU3AF/2021	2021-07-16	United Kingdom	genome	unknown	B.1.1.7	Alpha
9863	hCoV-19/England/ALDP-198E3F6/2021	2021-07-17	United Kingdom	genome	unknown	B.1.1.7	Alpha
9864	hCoV-19/England/PHEC-U30BU6E2/2021	2021-07-18	United Kingdom	genome	unknown	B.1.1.7	Alpha
9865	hCoV-19/Scotland/QEUH-19A7B2C/2021	2021-07-18	United Kingdom	genome	unknown	B.1.1.7	Alpha
9866	hCoV-19/England/PHEC-N30BN1D2/2021	2021-07-18	United Kingdom	genome	unknown	B.1.1.7	Alpha
9867	hCoV-19/England/PHEC-N30BN1F0/2021	2021-07-18	United Kingdom	genome	unknown	B.1.1.7	Alpha
9868	hCoV-19/England/PHEC-N30AN58C/2021	2021-07-19	United Kingdom	genome	unknown	B.1.1.7	Alpha
9869	hCoV-19/England/PHEC-N30AN522/2021	2021-07-19	United Kingdom	genome	unknown	B.1.1.7	Alpha
9870	hCoV-19/England/PHEC-N30AN188/2021	2021-07-19	United Kingdom	genome	unknown	B.1.1.7	Alpha
9871	hCoV-19/Wales/PHWC-PDP31M/2021	2021-07-19	United Kingdom	genome	unknown	B.1.1.7	Alpha
9872	hCoV-19/Wales/PHWC-PDP3W8/2021	2021-07-19	United Kingdom	genome	unknown	B.1.1.7	Alpha
9873	hCoV-19/England/PHEC-P305P044/2021	2021-07-20	United Kingdom	genome	unknown	B.1.1.7	Alpha
9874	hCoV-19/England/PHEC-P304PFEE/2021	2021-07-20	United Kingdom	genome	unknown	B.1.1.7	Alpha
9875	hCoV-19/England/PHEC-P304PF84/2021	2021-07-20	United Kingdom	genome	unknown	B.1.1.7	Alpha
9876	hCoV-19/Scotland/QEUH-19C9D88/2021	2021-07-20	United Kingdom	genome	unknown	B.1.1.7	Alpha
9877	hCoV-19/England/PHEC-V304V0DC/2021	2021-07-20	United Kingdom	genome	unknown	B.1.1.7	Alpha
9878	hCoV-19/England/PHEC-Q305Q09F/2021	2021-07-20	United Kingdom	genome	unknown	B.1.1.7	Alpha
9879	hCoV-19/England/PHEC-Q305Q527/2021	2021-07-21	United Kingdom	genome	unknown	B.1.1.7	Alpha
9880	hCoV-19/NorthernIreland/NIRE-007643/2021	2021-07-21	United Kingdom	genome	unknown	B.1.1.7	Alpha
9881	hCoV-19/NorthernIreland/NIRE-007680/2021	2021-07-21	United Kingdom	genome	unknown	B.1.1.7	Alpha
9882	hCoV-19/England/ALDP-19CDCE1/2021	2021-07-21	United Kingdom	genome	unknown	B.1.1.7	Alpha
9883	hCoV-19/England/PHEC-V304V564/2021	2021-07-21	United Kingdom	genome	unknown	B.1.1.7	Alpha
9884	hCoV-19/England/PHEC-N30BN62E/2021	2021-07-21	United Kingdom	genome	unknown	B.1.1.7	Alpha
9885	hCoV-19/England/PHWC-PYS3ZT/2021	2021-07-21	United Kingdom	genome	unknown	B.1.1.7	Alpha
9886	hCoV-19/England/ALDP-1A01C59/2021	2021-07-22	United Kingdom	genome	unknown	B.1.1.7	Alpha
9887	hCoV-19/England/MILK-19FCF0E/2021	2021-07-22	United Kingdom	genome	unknown	B.1.1.7	Alpha
9888	hCoV-19/England/PHEC-Q305Q41B/2021	2021-07-23	United Kingdom	genome	unknown	B.1.1.7	Alpha
9889	hCoV-19/England/BRBR-19FEBBD/2021	2021-07-23	United Kingdom	genome	unknown	B.1.1.7	Alpha
9890	hCoV-19/England/PHEC-Q305Q30F/2021	2021-07-23	United Kingdom	genome	unknown	B.1.1.7	Alpha
9891	hCoV-19/England/PHEC-V304V34C/2021	2021-07-23	United Kingdom	genome	unknown	B.1.1.7	Alpha
9892	hCoV-19/England/PHEC-V304V458/2021	2021-07-23	United Kingdom	genome	unknown	B.1.1.7	Alpha
9893	hCoV-19/England/PHEC-P307P446/2021	2021-07-23	United Kingdom	genome	unknown	B.1.1.7	Alpha
9894	hCoV-19/Scotland/QEUH-1A02D19/2021	2021-07-23	United Kingdom	genome	unknown	B.1.1.7	Alpha
9895	hCoV-19/Scotland/QEUH-1A02E16/2021	2021-07-23	United Kingdom	genome	unknown	B.1.1.7	Alpha
9896	hCoV-19/England/PHEC-P304P76E/2021	2021-07-23	United Kingdom	genome	unknown	B.1.1.7	Alpha
9897	hCoV-19/England/PHEC-P304P77D/2021	2021-07-23	United Kingdom	genome	unknown	B.1.1.7	Alpha
9898	hCoV-19/England/PHEC-P304P713/2021	2021-07-23	United Kingdom	genome	unknown	B.1.1.7	Alpha
9899	hCoV-19/England/PHEC-V305V1F6/2021	2021-07-23	United Kingdom	genome	unknown	B.1.1.7	Alpha
9900	hCoV-19/England/PHEC-V305V202/2021	2021-07-23	United Kingdom	genome	unknown	B.1.1.7	Alpha
9901	hCoV-19/England/PHEC-R308R0BA/2021	2021-07-24	United Kingdom	genome	unknown	B.1.1.7	Alpha
9902	hCoV-19/NorthernIreland/NIRE-008334/2021	2021-07-24	United Kingdom	genome	unknown	B.1.1.7	Alpha
9903	hCoV-19/England/PLYM-19F7E15/2021	2021-07-24	United Kingdom	genome	unknown	B.1.1.7	Alpha
9904	hCoV-19/England/ALDP-1A1677E/2021	2021-07-24	United Kingdom	genome	unknown	B.1.1.7	Alpha
9905	hCoV-19/England/PHEC-R308R463/2021	2021-07-25	United Kingdom	genome	unknown	B.1.1.7	Alpha
9906	hCoV-19/England/MILK-1A12E22/2021	2021-07-25	United Kingdom	genome	unknown	B.1.1.7	Alpha
9907	hCoV-19/NorthernIreland/NIRE-0078a2/2021	2021-07-25	United Kingdom	genome	unknown	B.1.1.7	Alpha
9908	hCoV-19/NorthernIreland/RAND-1AE3DD2/2021	2021-07-25	United Kingdom	genome	unknown	B.1.1.7	Alpha
9909	hCoV-19/Scotland/QEUH-1A3E36D/2021	2021-07-26	United Kingdom	genome	unknown	B.1.1.7	Alpha
9910	hCoV-19/England/LOND-1369430/2021	2021-07-27	United Kingdom	genome	unknown	B.1.1.7	Alpha
9911	hCoV-19/England/LOND-1369403/2021	2021-07-27	United Kingdom	genome	unknown	B.1.1.7	Alpha
9912	hCoV-19/England/LOND-136951F/2021	2021-07-27	United Kingdom	genome	unknown	B.1.1.7	Alpha
9913	hCoV-19/England/LOND-13694F4/2021	2021-07-27	United Kingdom	genome	unknown	B.1.1.7	Alpha
9914	hCoV-19/England/LOND-136948B/2021	2021-07-27	United Kingdom	genome	unknown	B.1.1.7	Alpha
9915	hCoV-19/England/LOND-13694D6/2021	2021-07-27	United Kingdom	genome	unknown	B.1.1.7	Alpha
9916	hCoV-19/England/LOND-13694A9/2021	2021-07-27	United Kingdom	genome	unknown	B.1.1.7	Alpha
9917	hCoV-19/England/LOND-136945E/2021	2021-07-27	United Kingdom	genome	unknown	B.1.1.7	Alpha
9918	hCoV-19/England/LOND-13694B8/2021	2021-07-27	United Kingdom	genome	unknown	B.1.1.7	Alpha
9919	hCoV-19/Scotland/QEUH-1A4C6BE/2021	2021-07-27	United Kingdom	genome	unknown	B.1.1.7	Alpha
9920	hCoV-19/England/PHEC-S304S17F/2021	2021-07-28	United Kingdom	genome	unknown	B.1.1.7	Alpha
9921	hCoV-19/England/PHEC-Q307Q956/2021	2021-07-28	United Kingdom	genome	unknown	B.1.1.7	Alpha
9922	hCoV-19/England/PHEC-Q307QB23/2021	2021-07-28	United Kingdom	genome	unknown	B.1.1.7	Alpha
9923	hCoV-19/England/LOND-136820A/2021	2021-07-28	United Kingdom	genome	unknown	B.1.1.7	Alpha
9924	hCoV-19/England/LOND-1368246/2021	2021-07-28	United Kingdom	genome	unknown	B.1.1.7	Alpha
9925	hCoV-19/England/LOND-1368273/2021	2021-07-28	United Kingdom	genome	unknown	B.1.1.7	Alpha
9926	hCoV-19/England/LOND-13682A0/2021	2021-07-28	United Kingdom	genome	unknown	B.1.1.7	Alpha
9927	hCoV-19/England/LOND-13682BF/2021	2021-07-28	United Kingdom	genome	unknown	B.1.1.7	Alpha
9928	hCoV-19/England/LOND-13682CE/2021	2021-07-28	United Kingdom	genome	unknown	B.1.1.7	Alpha
9929	hCoV-19/England/LOND-13682DD/2021	2021-07-28	United Kingdom	genome	unknown	B.1.1.7	Alpha
9930	hCoV-19/England/LOND-13681EF/2021	2021-07-28	United Kingdom	genome	unknown	B.1.1.7	Alpha
9931	hCoV-19/England/LOND-1368316/2021	2021-07-28	United Kingdom	genome	unknown	B.1.1.7	Alpha
9932	hCoV-19/England/LOND-1368343/2021	2021-07-28	United Kingdom	genome	unknown	B.1.1.7	Alpha
9933	hCoV-19/England/LOND-1368219/2021	2021-07-28	United Kingdom	genome	unknown	B.1.1.7	Alpha
9934	hCoV-19/England/PHEP-013797/2021	2021-07-28	United Kingdom	genome	unknown	B.1.1.7	Alpha
9935	hCoV-19/England/PHEP-013808/2021	2021-07-28	United Kingdom	genome	unknown	B.1.1.7	Alpha
9936	hCoV-19/England/PHEP-013851/2021	2021-07-28	United Kingdom	genome	unknown	B.1.1.7	Alpha
9937	hCoV-19/England/PHEC-V307V4A0/2021	2021-07-28	United Kingdom	genome	unknown	B.1.1.7	Alpha
9938	hCoV-19/England/PHEC-V307V3EF/2021	2021-07-28	United Kingdom	genome	unknown	B.1.1.7	Alpha
9939	hCoV-19/England/PHEP-013775/2021	2021-07-28	United Kingdom	genome	unknown	B.1.1.7	Alpha
9940	hCoV-19/England/PHEP-013862/2021	2021-07-28	United Kingdom	genome	unknown	B.1.1.7	Alpha
9941	hCoV-19/England/PHEP-013915/2021	2021-07-28	United Kingdom	genome	unknown	B.1.1.7	Alpha
9942	hCoV-19/England/PHEC-Q303QA2A/2021	2021-07-29	United Kingdom	genome	unknown	B.1.1.7	Alpha
9943	hCoV-19/England/QEUH-1A7BD66/2021	2021-07-29	United Kingdom	genome	unknown	B.1.1.7	Alpha
9944	hCoV-19/England/PHEC-P308P18A/2021	2021-07-29	United Kingdom	genome	unknown	B.1.1.7	Alpha
9945	hCoV-19/England/NORT-1BF9EE4/2021	2021-07-30	United Kingdom	genome	unknown	B.1.1.7	Alpha
9946	hCoV-19/England/PHEC-P30BP7EF/2021	2021-07-30	United Kingdom	genome	unknown	B.1.1.7	Alpha
9947	hCoV-19/England/QEUH-1AC1DCB/2021	2021-08-01	United Kingdom	genome	unknown	B.1.1.7	Alpha
9948	hCoV-19/England/PHEC-Q308Q393/2021	2021-08-01	United Kingdom	genome	unknown	B.1.1.7	Alpha
9949	hCoV-19/NorthernIreland/NIRE-009d16/2021	2021-08-02	United Kingdom	genome	unknown	B.1.1.7	Alpha
9950	hCoV-19/England/PHEC-R307RBC9/2021	2021-08-02	United Kingdom	genome	unknown	B.1.1.7	Alpha
9951	hCoV-19/England/ALDP-1AEA236/2021	2021-08-03	United Kingdom	genome	unknown	B.1.1.7	Alpha
9952	hCoV-19/Wales/PHWC-PY696P/2021	2021-08-03	United Kingdom	genome	unknown	B.1.1.7	Alpha
9953	hCoV-19/England/NORW-30131B1/2021	2021-08-03	United Kingdom	genome	unknown	B.1.1.7	Alpha
9954	hCoV-19/England/PHEC-Q308Q83A/2021	2021-08-04	United Kingdom	genome	unknown	B.1.1.7	Alpha
9955	hCoV-19/England/PHEC-S307SE39/2021	2021-08-04	United Kingdom	genome	unknown	B.1.1.7	Alpha
9956	hCoV-19/England/PHEC-R308R858/2021	2021-08-05	United Kingdom	genome	unknown	B.1.1.7	Alpha
9957	hCoV-19/England/PHEC-R304RCE7/2021	2021-08-06	United Kingdom	genome	unknown	B.1.1.7	Alpha
9958	hCoV-19/England/PHEC-R304R959/2021	2021-08-06	United Kingdom	genome	unknown	B.1.1.7	Alpha
9959	hCoV-19/England/BRBR-1B42611/2021	2021-08-08	United Kingdom	genome	unknown	B.1.1.7	Alpha
9960	hCoV-19/NorthernIreland/NIRE-00b5a7/2021	2021-08-09	United Kingdom	genome	unknown	B.1.1.7	Alpha
9961	hCoV-19/England/PHEC-R307R4A0/2021	2021-08-09	United Kingdom	genome	unknown	B.1.1.7	Alpha
9962	hCoV-19/England/PHEC-R30AREDC/2021	2021-08-09	United Kingdom	genome	unknown	B.1.1.7	Alpha
9963	hCoV-19/England/PHEC-R30AR2EF/2021	2021-08-11	United Kingdom	genome	unknown	B.1.1.7	Alpha
9964	hCoV-19/England/PHEC-R30BRB89/2021	2021-08-12	United Kingdom	genome	unknown	B.1.1.7	Alpha
9965	hCoV-19/England/MILK-1BA42FB/2021	2021-08-14	United Kingdom	genome	unknown	B.1.1.7	Alpha
9966	hCoV-19/NorthernIreland/NIRE-00f118/2021	2021-08-16	United Kingdom	genome	unknown	B.1.1.7	Alpha
9967	hCoV-19/England/PHEC-S304S9C2/2021	2021-08-16	United Kingdom	genome	unknown	B.1.1.7	Alpha
9968	hCoV-19/England/PHEC-S306SC8B/2021	2021-08-17	United Kingdom	genome	unknown	B.1.1.7	Alpha
9969	hCoV-19/England/LOND-128FBB8/2021	2021-08-17	United Kingdom	genome	unknown	B.1.1.7	Alpha
9970	hCoV-19/England/PHEC-T303T32F/2021	2021-08-19	United Kingdom	genome	unknown	B.1.1.7	Alpha
9971	hCoV-19/England/PHEC-U303UC24/2021	2021-08-21	United Kingdom	genome	unknown	B.1.1.7	Alpha
9972	hCoV-19/Wales/PHWC-PDMT8Q/2021	2021-08-22	United Kingdom	genome	unknown	B.1.1.7	Alpha
9973	hCoV-19/Wales/PHWC-PDMTJK/2021	2021-08-22	United Kingdom	genome	unknown	B.1.1.7	Alpha
9974	hCoV-19/England/MILK-1C565A3/2021	2021-08-23	United Kingdom	genome	unknown	Q.8	Alpha
9975	hCoV-19/England/PHEC-T304TBBD/2021	2021-08-24	United Kingdom	genome	unknown	B.1.1.7	Alpha
9976	hCoV-19/England/PHEC-T304TBCC/2021	2021-08-24	United Kingdom	genome	unknown	B.1.1.7	Alpha
9977	hCoV-19/England/MILK-1CF13FB/2021	2021-08-29	United Kingdom	genome	unknown	B.1.1.7	Alpha
9978	hCoV-19/England/PHEC-Z306Z7A8/2021	2021-08-30	United Kingdom	genome	unknown	B.1.1.7	Alpha
9979	hCoV-19/England/PHEC-Z305Z1AB/2021	2021-08-30	United Kingdom	genome	unknown	B.1.1.7	Alpha
9980	hCoV-19/England/PHEC-W303WDA9/2021	2021-08-31	United Kingdom	genome	unknown	B.1.1.7	Alpha
9981	hCoV-19/England/PHEC-V30AV73B/2021	2021-09-02	United Kingdom	genome	unknown	B.1.1.7	Alpha
9982	hCoV-19/England/NORT-YYRK5Z/2021	2021-09-06	United Kingdom	genome	unknown	B.1.1.7	Alpha
9983	hCoV-19/England/PHEC-Y304YD99/2021	2021-09-09	United Kingdom	genome	unknown	B.1.1.7	Alpha
9984	hCoV-19/England/PHEC-Z304Z6DA/2021	2021-09-12	United Kingdom	genome	unknown	B.1.1.7	Alpha
9985	hCoV-19/England/NORT-YYFMTE/2021	2021-09-15	United Kingdom	genome	unknown	B.1.1.7	Alpha
9986	hCoV-19/England/PHEC-Z307Z1E5/2021	2021-09-15	United Kingdom	genome	unknown	B.1.1.7	Alpha
9987	hCoV-19/England/MILK-1F305AC/2021	2021-09-22	United Kingdom	genome	unknown	B.1.1.7	Alpha
9988	hCoV-19/England/MILK-1F339F8/2021	2021-09-22	United Kingdom	genome	unknown	B.1.1.7	Alpha
9989	hCoV-19/England/MILK-1F339BC/2021	2021-09-22	United Kingdom	genome	unknown	B.1.1.7	Alpha
9990	hCoV-19/England/MILK-1F305BB/2021	2021-09-22	United Kingdom	genome	unknown	B.1.1.7	Alpha
9991	hCoV-19/England/LOND-1290AE4/2021	2021-09-23	United Kingdom	genome	unknown	B.1.1.7	Alpha
9992	hCoV-19/England/PHEC-3L072L00/2021	2021-10-07	United Kingdom	genome	unknown	B.1.1.7	Alpha
9993	hCoV-19/England/ALDP-209ADD1/2021	2021-10-08	United Kingdom	genome	unknown	B.1.1.7	Alpha
9994	hCoV-19/England/ALDP-209B259/2021	2021-10-08	United Kingdom	genome	unknown	B.1.1.7	Alpha
9995	hCoV-19/England/PHEC-3K07EKDF/2021	2021-10-09	United Kingdom	genome	unknown	B.1.1.7	Alpha
9996	hCoV-19/England/PHEC-3M0B5M30/2021	2021-10-11	United Kingdom	genome	unknown	B.1.1.7	Alpha
9997	hCoV-19/England/PHEC-3P0BCPD1/2021	2021-10-30	United Kingdom	genome	unknown	Q.8	Alpha
9998	hCoV-19/England/LOND-YYBDZ6F/2021	2021-11-17	United Kingdom	genome	unknown	B.1.1.7	Alpha
9999	hCoV-19/England/LOND-YYBDZW3/2021	2021-11-22	United Kingdom	genome	unknown	B.1.1.7	Alpha
